date,close,ema25,ema120,tsmom40_sign,donch20_hi,donch10_lo,sleeve_trend,sleeve_tsmom,sleeve_donch,target_frac,action
2017-08-17,4285.08,4285.08,4285.08,0,,,0,0,0,0.0,HOLD
2017-08-18,4108.37,4271.49,4282.16,0,,,0,0,0,0.0,HOLD
2017-08-19,4139.98,4261.37,4279.81,0,,,0,0,0,0.0,HOLD
2017-08-20,4086.29,4247.9,4276.61,0,,,0,0,0,0.0,HOLD
2017-08-21,4016.0,4230.06,4272.3,0,,,0,0,0,0.0,HOLD
2017-08-22,4040.0,4215.44,4268.46,0,,,0,0,0,0.0,HOLD
2017-08-23,4114.01,4207.64,4265.91,0,,,0,0,0,0.0,HOLD
2017-08-24,4316.01,4215.98,4266.74,0,,,0,0,0,0.0,HOLD
2017-08-25,4280.68,4220.95,4266.97,0,,,0,0,0,0.0,HOLD
2017-08-26,4337.44,4229.92,4268.13,0,,,0,0,0,0.0,HOLD
2017-08-27,4310.01,4236.08,4268.83,0,,4016.0,0,0,0,0.0,HOLD
2017-08-28,4386.69,4247.66,4270.77,0,,4016.0,0,0,0,0.0,HOLD
2017-08-29,4587.48,4273.8,4276.01,0,,4016.0,0,0,0,0.0,HOLD
2017-08-30,4555.14,4295.44,4280.62,0,,4016.0,0,0,0,0.0,HOLD
2017-08-31,4724.89,4328.48,4287.97,0,,4016.0,0,0,0,0.0,HOLD
2017-09-01,4834.91,4367.43,4297.01,0,,4040.0,0,0,0,0.0,HOLD
2017-09-02,4472.14,4375.49,4299.9,0,,4114.01,0,0,0,0.0,HOLD
2017-09-03,4509.08,4385.76,4303.36,0,,4280.68,0,0,0,0.0,HOLD
2017-09-04,4100.11,4363.79,4300.0,0,,4280.68,0,0,0,0.0,HOLD
2017-09-05,4366.47,4364.0,4301.1,0,,4100.11,0,0,0,0.0,HOLD
2017-09-06,4619.77,4383.67,4306.36,0,4834.91,4100.11,0,0,0,0.0,HOLD
2017-09-07,4691.61,4407.36,4312.73,0,4834.91,4100.11,0,0,0,0.0,HOLD
2017-09-08,4282.8,4397.78,4312.24,0,4834.91,4100.11,0,0,0,0.0,HOLD
2017-09-09,4258.81,4387.09,4311.35,0,4834.91,4100.11,0,0,0,0.0,HOLD
2017-09-10,4130.37,4367.34,4308.36,0,4834.91,4100.11,0,0,0,0.0,HOLD
2017-09-11,4208.47,4355.12,4306.71,0,4834.91,4100.11,0,0,0,0.0,HOLD
2017-09-12,4163.72,4340.4,4304.35,0,4834.91,4100.11,0,0,0,0.0,HOLD
2017-09-13,3944.69,4309.96,4298.4,0,4834.91,4100.11,0,0,-1,0.0,HOLD
2017-09-14,3189.02,4223.73,4280.07,0,4834.91,3944.69,0,0,-1,0.0,HOLD
2017-09-15,3700.0,4183.44,4270.48,0,4834.91,3189.02,0,0,-1,0.0,HOLD
2017-09-16,3714.95,4147.41,4261.3,0,4834.91,3189.02,0,0,-1,0.0,HOLD
2017-09-17,3699.99,4112.99,4252.02,0,4834.91,3189.02,0,0,-1,0.0,HOLD
2017-09-18,4035.01,4106.99,4248.43,0,4834.91,3189.02,0,0,-1,0.0,HOLD
2017-09-19,3910.04,4091.84,4242.84,0,4834.91,3189.02,0,0,-1,0.0,HOLD
2017-09-20,3900.0,4077.08,4237.17,0,4834.91,3189.02,0,0,-1,0.0,HOLD
2017-09-21,3609.99,4041.15,4226.81,0,4834.91,3189.02,0,0,-1,0.0,HOLD
2017-09-22,3595.87,4006.9,4216.38,0,4691.61,3189.02,0,0,-1,0.0,HOLD
2017-09-23,3780.0,3989.45,4209.16,0,4691.61,3189.02,0,0,-1,0.0,HOLD
2017-09-24,3660.02,3964.11,4200.09,0,4691.61,3189.02,0,0,-1,0.0,HOLD
2017-09-25,3920.75,3960.77,4195.47,0,4691.61,3595.87,0,0,-1,0.0,HOLD
2017-09-26,3882.35,3954.74,4190.29,-1,4691.61,3595.87,0,-1,-1,0.0,HOLD
2017-09-27,4193.0,3973.07,4190.34,1,4691.61,3595.87,0,1,0,0.333333,BUY 0.3333
2017-09-28,4174.5,3988.56,4190.08,1,4282.8,3595.87,0,1,0,0.333333,HOLD
2017-09-29,4174.69,4002.88,4189.82,1,4258.81,3595.87,0,1,0,0.333333,HOLD
2017-09-30,4378.51,4031.77,4192.94,1,4208.47,3595.87,0,1,1,0.666667,BUY 0.3333
2017-10-01,4378.48,4058.44,4196.01,1,4378.51,3595.87,0,1,1,0.666667,HOLD
2017-10-02,4380.0,4083.18,4199.05,1,4378.51,3595.87,0,1,1,0.666667,HOLD
2017-10-03,4310.0,4100.63,4200.88,-1,4380.0,3660.02,0,-1,1,0.0,SELL 0.6667
2017-10-04,4208.59,4108.93,4201.01,-1,4380.0,3660.02,0,-1,1,0.0,HOLD
2017-10-05,4292.43,4123.05,4202.52,-1,4380.0,3882.35,0,-1,1,0.0,HOLD
2017-10-06,4369.0,4141.97,4205.27,1,4380.0,3882.35,0,1,1,0.666667,BUY 0.6667
2017-10-07,4423.0,4163.58,4208.87,1,4380.0,4174.5,0,1,1,0.666667,HOLD
2017-10-08,4640.0,4200.23,4216.0,1,4423.0,4174.5,0,1,1,0.666667,HOLD
2017-10-09,4786.95,4245.36,4225.44,1,4640.0,4174.69,0,1,1,0.666667,HOLD
2017-10-10,4783.06,4286.73,4234.65,1,4786.95,4208.59,0,1,1,0.666667,HOLD
2017-10-11,4821.43,4327.86,4244.35,-1,4786.95,4208.59,0,-1,1,0.0,SELL 0.6667
2017-10-12,5430.0,4412.64,4263.95,1,4821.43,4208.59,0,1,1,0.666667,BUY 0.6667
2017-10-13,5649.98,4507.82,4286.86,1,5430.0,4208.59,0,1,1,0.666667,HOLD
2017-10-14,5869.99,4612.6,4313.03,1,5649.98,4208.59,0,1,1,0.666667,HOLD
2017-10-15,5709.99,4697.01,4336.12,1,5869.99,4292.43,0,1,1,0.666667,HOLD
2017-10-16,5760.02,4778.78,4359.65,1,5869.99,4369.0,0,1,1,0.666667,HOLD
2017-10-17,5595.0,4841.57,4380.07,1,5869.99,4423.0,0,1,1,0.666667,HOLD
2017-10-18,5512.06,4893.15,4398.78,1,5869.99,4640.0,0,1,1,0.666667,HOLD
2017-10-19,5683.9,4953.97,4420.02,1,5869.99,4783.06,0,1,1,0.666667,HOLD
2017-10-20,6010.01,5035.21,4446.3,1,5869.99,4783.06,0,1,1,0.666667,HOLD
2017-10-21,6024.97,5111.34,4472.4,1,6010.01,4821.43,0,1,1,0.666667,HOLD
2017-10-22,5950.02,5175.86,4496.82,1,6024.97,5430.0,0,1,1,0.666667,HOLD
2017-10-23,5915.93,5232.78,4520.28,1,6024.97,5512.06,0,1,1,0.666667,HOLD
2017-10-24,5477.03,5251.57,4536.09,1,6024.97,5512.06,0,1,0,0.333333,SELL 0.3333
2017-10-25,5689.99,5285.3,4555.16,1,6024.97,5477.03,0,1,0,0.333333,HOLD
2017-10-26,5861.77,5329.64,4576.76,1,6024.97,5477.03,0,1,0,0.333333,HOLD
2017-10-27,5768.83,5363.43,4596.46,1,6024.97,5477.03,0,1,0,0.333333,HOLD
2017-10-28,5719.64,5390.83,4615.03,1,6024.97,5477.03,0,1,0,0.333333,HOLD
2017-10-29,6169.98,5450.76,4640.73,1,6024.97,5477.03,0,1,1,0.666667,BUY 0.3333
2017-10-30,6120.5,5502.28,4665.19,1,6169.98,5477.03,0,1,1,0.666667,HOLD
2017-10-31,6463.0,5576.18,4694.91,1,6169.98,5477.03,0,1,1,0.666667,HOLD
2017-11-01,6753.98,5666.78,4728.94,1,6463.0,5477.03,0,1,1,0.666667,HOLD
2017-11-02,7019.98,5770.87,4766.81,1,6753.98,5477.03,0,1,1,0.666667,HOLD
2017-11-03,7115.04,5874.27,4805.62,1,7019.98,5477.03,0,1,1,0.666667,HOLD
2017-11-04,7357.09,5988.33,4847.8,1,7115.04,5689.99,0,1,1,0.666667,HOLD
2017-11-05,7345.01,6092.69,4889.07,1,7357.09,5719.64,0,1,1,0.666667,HOLD
2017-11-06,6960.12,6159.42,4923.3,1,7357.09,5719.64,0,1,1,0.666667,HOLD
2017-11-07,7064.04,6229.0,4958.69,1,7357.09,5719.64,0,1,1,0.666667,HOLD
2017-11-08,7303.0,6311.62,4997.44,1,7357.09,6120.5,0,1,1,0.666667,HOLD
2017-11-09,7079.99,6370.73,5031.86,1,7357.09,6120.5,0,1,1,0.666667,HOLD
2017-11-10,6506.98,6381.21,5056.24,1,7357.09,6463.0,0,1,1,0.666667,HOLD
2017-11-11,6245.05,6370.73,5075.89,1,7357.09,6506.98,0,1,0,0.333333,SELL 0.3333
2017-11-12,5811.03,6327.68,5088.04,1,7357.09,6245.05,0,1,0,0.333333,HOLD
2017-11-13,6465.99,6338.32,5110.82,1,7357.09,5811.03,0,1,0,0.333333,HOLD
2017-11-14,6574.99,6356.52,5135.02,1,7357.09,5811.03,0,1,0,0.333333,HOLD
2017-11-15,7240.06,6424.49,5169.81,1,7357.09,5811.03,0,1,0,0.333333,HOLD
2017-11-16,7864.5,6535.26,5214.35,1,7357.09,5811.03,0,1,1,0.666667,BUY 0.3333
2017-11-17,7699.19,6624.79,5255.43,1,7864.5,5811.03,0,1,1,0.666667,HOLD
2017-11-18,7761.94,6712.26,5296.86,1,7864.5,5811.03,0,1,1,0.666667,HOLD
2017-11-19,8038.0,6814.24,5342.16,1,7864.5,5811.03,0,1,1,0.666667,HOLD
2017-11-20,8212.0,6921.76,5389.6,1,8038.0,5811.03,0,1,1,0.666667,HOLD
2017-11-21,8119.51,7013.9,5434.72,1,8212.0,5811.03,0,1,1,0.666667,HOLD
2017-11-22,8205.92,7105.59,5480.53,1,8212.0,5811.03,0,1,1,0.666667,HOLD
2017-11-23,8019.99,7175.93,5522.5,1,8212.0,6465.99,0,1,1,0.666667,HOLD
2017-11-24,8138.0,7249.94,5565.73,1,8212.0,6574.99,0,1,1,0.666667,HOLD
2017-11-25,8700.01,7361.48,5617.54,1,8212.0,7240.06,0,1,1,0.666667,HOLD
2017-11-26,9128.02,7497.37,5675.56,1,8700.01,7699.19,0,1,1,0.666667,HOLD
2017-11-27,9650.0,7662.95,5741.26,1,9128.02,7699.19,0,1,1,0.666667,HOLD
2017-11-28,9896.8,7834.79,5809.94,1,9650.0,7761.94,0,1,1,0.666667,HOLD
2017-11-29,9687.88,7977.33,5874.04,1,9896.8,8019.99,0,1,1,0.666667,HOLD
2017-11-30,9838.96,8120.54,5939.58,1,9896.8,8019.99,0,1,1,0.666667,HOLD
2017-12-01,10782.99,8325.34,6019.63,1,9896.8,8019.99,0,1,1,0.666667,HOLD
2017-12-02,10890.01,8522.62,6100.14,1,10782.99,8019.99,0,1,1,0.666667,HOLD
2017-12-03,11165.41,8725.91,6183.86,1,10890.01,8019.99,0,1,1,0.666667,HOLD
2017-12-04,11579.0,8945.38,6273.03,1,11165.41,8138.0,0,1,1,0.666667,HOLD
2017-12-05,11699.99,9157.28,6362.74,1,11579.0,8700.01,0,1,1,0.666667,HOLD
2017-12-06,13550.05,9495.18,6481.54,1,11699.99,9128.02,0,1,1,0.666667,HOLD
2017-12-07,16599.0,10041.63,6648.77,1,13550.05,9650.0,0,1,1,0.666667,HOLD
2017-12-08,15880.0,10490.73,6801.35,1,16599.0,9687.88,0,1,1,0.666667,HOLD
2017-12-09,14656.07,10811.14,6931.18,1,16599.0,9687.88,0,1,1,0.666667,HOLD
2017-12-10,14899.98,11125.67,7062.89,1,16599.0,9838.96,0,1,1,0.666667,HOLD
2017-12-11,16587.97,11545.85,7220.33,1,16599.0,10782.99,0,1,1,0.666667,HOLD
2017-12-12,16349.99,11915.4,7371.24,1,16599.0,10890.01,0,1,1,0.666667,HOLD
2017-12-13,16033.29,12232.16,7514.41,1,16599.0,11165.41,0,1,1,0.666667,HOLD
2017-12-14,16334.98,12547.76,7660.21,1,16599.0,11579.0,0,1,1,0.666667,HOLD
2017-12-15,17539.83,12931.76,7823.51,1,16599.0,11699.99,1,1,1,1.0,BUY 0.3333
2017-12-16,19102.66,13406.45,8009.94,1,17539.83,13550.05,1,1,1,1.0,HOLD
2017-12-17,18860.02,13825.95,8189.28,1,19102.66,14656.07,1,1,1,1.0,HOLD
2017-12-18,18856.25,14212.9,8365.59,1,19102.66,14656.07,1,1,1,1.0,HOLD
2017-12-19,17295.2,14450.0,8513.19,1,19102.66,14656.07,1,1,1,1.0,HOLD
2017-12-20,16488.98,14606.84,8645.02,1,19102.66,14899.98,1,1,1,1.0,HOLD
2017-12-21,15492.64,14674.98,8758.2,1,19102.66,16033.29,1,1,0,0.666667,SELL 0.3333
2017-12-22,13326.61,14571.26,8833.71,1,19102.66,15492.64,1,1,0,0.666667,HOLD
2017-12-23,13300.0,14473.47,8907.54,1,19102.66,13326.61,1,1,0,0.666667,HOLD
2017-12-24,13500.0,14398.59,8983.45,1,19102.66,13300.0,1,1,0,0.666667,HOLD
2017-12-25,13699.34,14344.8,9061.39,1,19102.66,13300.0,1,1,0,0.666667,HOLD
2017-12-26,15689.01,14448.2,9170.94,1,19102.66,13300.0,1,1,0,0.666667,HOLD
2017-12-27,15459.99,14526.03,9274.89,1,19102.66,13300.0,1,1,0,0.666667,HOLD
2017-12-28,14182.11,14499.58,9356.0,1,19102.66,13300.0,1,1,0,0.666667,HOLD
2017-12-29,14378.9,14490.29,9439.03,1,19102.66,13300.0,1,1,0,0.666667,HOLD
2017-12-30,12440.01,14332.58,9488.63,1,19102.66,13300.0,1,1,-1,0.333333,SELL 0.3333
2017-12-31,13716.36,14285.18,9558.51,1,19102.66,12440.01,1,1,-1,0.333333,HOLD
2018-01-01,13380.0,14215.55,9621.68,1,19102.66,12440.01,1,1,-1,0.333333,HOLD
2018-01-02,14675.11,14250.9,9705.2,1,19102.66,12440.01,1,1,-1,0.333333,HOLD
2018-01-03,14919.51,14302.33,9791.39,1,19102.66,12440.01,1,1,-1,0.333333,HOLD
2018-01-04,15059.54,14360.58,9878.47,1,19102.66,12440.01,1,1,-1,0.333333,HOLD
2018-01-05,16960.39,14560.56,9995.52,1,19102.66,12440.01,1,1,0,0.666667,BUY 0.3333
2018-01-06,17069.79,14753.58,10112.45,1,18860.02,12440.01,1,1,0,0.666667,HOLD
2018-01-07,16150.03,14861.0,10212.25,1,18856.25,12440.01,1,1,0,0.666667,HOLD
2018-01-08,14902.54,14864.2,10289.77,1,17295.2,12440.01,1,1,0,0.666667,HOLD
2018-01-09,14400.0,14828.49,10357.71,1,17069.79,12440.01,1,1,0,0.666667,HOLD
2018-01-10,14907.09,14834.53,10432.91,1,17069.79,13380.0,1,1,0,0.666667,HOLD
2018-01-11,13238.78,14711.78,10479.29,1,17069.79,13380.0,1,1,0,0.666667,HOLD
2018-01-12,13740.01,14637.03,10533.18,1,17069.79,13238.78,1,1,0,0.666667,HOLD
2018-01-13,14210.0,14604.18,10593.96,1,17069.79,13238.78,1,1,0,0.666667,HOLD
2018-01-14,13474.99,14517.32,10641.58,1,17069.79,13238.78,1,1,0,0.666667,HOLD
2018-01-15,13539.93,14442.14,10689.48,-1,17069.79,13238.78,1,-1,0,0.0,SELL 0.6667
2018-01-16,10900.0,14169.67,10692.96,-1,17069.79,13238.78,1,-1,-1,0.0,HOLD
2018-01-17,10988.79,13924.98,10697.85,-1,17069.79,10900.0,1,-1,-1,0.0,HOLD
2018-01-18,10961.97,13697.06,10702.22,-1,17069.79,10900.0,1,-1,-1,0.0,HOLD
2018-01-19,11474.98,13526.13,10714.99,-1,17069.79,10900.0,1,-1,-1,0.0,HOLD
2018-01-20,12799.94,13470.27,10749.45,-1,17069.79,10900.0,1,-1,-1,0.0,HOLD
2018-01-21,11530.0,13321.02,10762.35,-1,17069.79,10900.0,1,-1,-1,0.0,HOLD
2018-01-22,10760.05,13124.02,10762.32,-1,17069.79,10900.0,1,-1,-1,0.0,HOLD
2018-01-23,10799.18,12945.19,10762.93,-1,17069.79,10760.05,1,-1,-1,0.0,HOLD
2018-01-24,11349.99,12822.48,10772.63,-1,17069.79,10760.05,1,-1,-1,0.0,HOLD
2018-01-25,11175.27,12695.77,10779.28,-1,17069.79,10760.05,1,-1,-1,0.0,HOLD
2018-01-26,11089.0,12572.17,10784.4,-1,17069.79,10760.05,1,-1,-1,0.0,HOLD
2018-01-27,11491.0,12489.01,10796.08,-1,16150.03,10760.05,1,-1,-1,0.0,HOLD
2018-01-28,11879.95,12442.16,10814.0,-1,14907.09,10760.05,1,-1,-1,0.0,HOLD
2018-01-29,11251.0,12350.53,10821.22,-1,14907.09,10760.05,1,-1,-1,0.0,HOLD
2018-01-30,10237.51,12187.99,10811.57,-1,14907.09,10760.05,1,-1,-1,0.0,HOLD
2018-01-31,10285.1,12041.61,10802.87,-1,14210.0,10237.51,1,-1,-1,0.0,HOLD
2018-02-01,9224.52,11824.91,10776.78,-1,14210.0,10237.51,1,-1,-1,0.0,HOLD
2018-02-02,8873.03,11597.84,10745.32,-1,14210.0,9224.52,1,-1,-1,0.0,HOLD
2018-02-03,9199.96,11413.39,10719.77,-1,13539.93,8873.03,1,-1,-1,0.0,HOLD
2018-02-04,8184.81,11165.04,10677.87,-1,13539.93,8873.03,1,-1,-1,0.0,HOLD
2018-02-05,6939.99,10840.04,10616.09,-1,12799.94,8184.81,1,-1,-1,0.0,HOLD
2018-02-06,7652.14,10594.81,10567.1,-1,12799.94,6939.99,1,-1,-1,0.0,HOLD
2018-02-07,7599.0,10364.37,10518.04,-1,12799.94,6939.99,0,-1,-1,0.0,HOLD
2018-02-08,7784.02,10165.88,10472.85,-1,12799.94,6939.99,0,-1,-1,0.0,HOLD
2018-02-09,8646.72,10049.02,10442.66,-1,12799.94,6939.99,0,-1,-1,0.0,HOLD
2018-02-10,8533.98,9932.48,10411.12,-1,11879.95,6939.99,0,-1,-1,0.0,HOLD
2018-02-11,8063.88,9788.74,10372.32,-1,11879.95,6939.99,0,-1,-1,0.0,HOLD
2018-02-12,8903.0,9720.61,10348.03,-1,11879.95,6939.99,0,-1,-1,0.0,HOLD
2018-02-13,8539.9,9629.78,10318.15,-1,11879.95,6939.99,0,-1,-1,0.0,HOLD
2018-02-14,9449.99,9615.95,10303.8,-1,11879.95,6939.99,0,-1,0,0.0,HOLD
2018-02-15,10000.09,9645.5,10298.78,-1,11879.95,6939.99,0,-1,0,0.0,HOLD
2018-02-16,10159.98,9685.08,10296.48,-1,11879.95,7599.0,0,-1,0,0.0,HOLD
2018-02-17,11039.55,9789.27,10308.76,-1,11879.95,7599.0,0,-1,0,0.0,HOLD
2018-02-18,10383.43,9834.97,10310.0,-1,11251.0,7784.02,0,-1,0,0.0,HOLD
2018-02-19,11153.0,9936.36,10323.93,-1,11039.55,8063.88,0,-1,1,0.0,HOLD
2018-02-20,11200.99,10033.64,10338.43,-1,11153.0,8063.88,0,-1,1,0.0,HOLD
2018-02-21,10437.6,10064.71,10340.07,-1,11200.99,8063.88,0,-1,1,0.0,HOLD
2018-02-22,9811.04,10045.2,10331.32,-1,11200.99,8539.9,0,-1,1,0.0,HOLD
2018-02-23,10131.04,10051.8,10328.01,-1,11200.99,8539.9,0,-1,1,0.0,HOLD
2018-02-24,9694.51,10024.32,10317.54,-1,11200.99,9449.99,0,-1,1,0.0,HOLD
2018-02-25,9590.0,9990.91,10305.52,-1,11200.99,9694.51,0,-1,0,0.0,HOLD
2018-02-26,10324.0,10016.53,10305.82,-1,11200.99,9590.0,0,-1,0,0.0,HOLD
2018-02-27,10569.04,10059.03,10310.17,-1,11200.99,9590.0,0,-1,0,0.0,HOLD
2018-02-28,10326.76,10079.63,10310.45,-1,11200.99,9590.0,0,-1,0,0.0,HOLD
2018-03-01,10920.0,10144.27,10320.52,-1,11200.99,9590.0,0,-1,0,0.0,HOLD
2018-03-02,11039.0,10213.1,10332.4,-1,11200.99,9590.0,0,-1,0,0.0,HOLD
2018-03-03,11464.48,10309.36,10351.11,1,11200.99,9590.0,0,1,1,0.666667,BUY 0.6667
2018-03-04,11515.0,10402.1,10370.35,1,11464.48,9590.0,1,1,1,1.0,BUY 0.3333
2018-03-05,11454.0,10483.01,10388.26,1,11515.0,9590.0,1,1,1,1.0,HOLD
2018-03-06,10716.48,10500.97,10393.68,-1,11515.0,9590.0,1,-1,1,0.333333,SELL 0.6667
2018-03-07,9910.0,10455.51,10385.69,-1,11515.0,9590.0,1,-1,1,0.333333,HOLD
2018-03-08,9271.64,10364.45,10367.28,-1,11515.0,9910.0,0,-1,-1,0.0,SELL 0.3333
2018-03-09,9227.0,10276.95,10348.43,-1,11515.0,9271.64,0,-1,-1,0.0,HOLD
2018-03-10,8770.22,10161.05,10322.34,-1,11515.0,9227.0,0,-1,-1,0.0,HOLD
2018-03-11,9533.57,10112.78,10309.3,-1,11515.0,8770.22,0,-1,-1,0.0,HOLD
2018-03-12,9131.34,10037.28,10289.83,-1,11515.0,8770.22,0,-1,-1,0.0,HOLD
2018-03-13,9150.0,9969.03,10270.99,-1,11515.0,8770.22,0,-1,-1,0.0,HOLD
2018-03-14,8170.0,9830.65,10236.27,-1,11515.0,8770.22,0,-1,-1,0.0,HOLD
2018-03-15,8240.98,9708.36,10203.29,-1,11515.0,8170.0,0,-1,-1,0.0,HOLD
2018-03-16,8260.0,9596.95,10171.17,1,11515.0,8170.0,0,1,-1,0.0,HOLD
2018-03-17,7824.8,9460.63,10132.38,1,11515.0,8170.0,0,1,-1,0.0,HOLD
2018-03-18,8189.99,9362.89,10100.28,1,11515.0,7824.8,0,1,-1,0.0,HOLD
2018-03-19,8600.0,9304.21,10075.48,1,11515.0,7824.8,0,1,-1,0.0,HOLD
2018-03-20,8909.98,9273.88,10056.22,1,11515.0,7824.8,0,1,-1,0.0,HOLD
2018-03-21,8885.0,9243.97,10036.86,1,11515.0,7824.8,0,1,-1,0.0,HOLD
2018-03-22,8722.9,9203.88,10015.14,1,11515.0,7824.8,0,1,-1,0.0,HOLD
2018-03-23,8898.03,9180.36,9996.67,1,11515.0,7824.8,0,1,-1,0.0,HOLD
2018-03-24,8546.86,9131.63,9972.71,-1,11515.0,7824.8,0,-1,-1,0.0,HOLD
2018-03-25,8470.15,9080.74,9947.87,-1,11454.0,7824.8,0,-1,-1,0.0,HOLD
2018-03-26,8134.23,9007.94,9917.9,-1,10716.48,7824.8,0,-1,-1,0.0,HOLD
2018-03-27,7795.51,8914.67,9882.82,-1,9910.0,7824.8,0,-1,-1,0.0,HOLD
2018-03-28,7949.3,8840.41,9850.86,-1,9533.57,7795.51,0,-1,-1,0.0,HOLD
2018-03-29,7090.14,8705.78,9805.23,-1,9533.57,7795.51,0,-1,-1,0.0,HOLD
2018-03-30,6840.23,8562.27,9756.22,-1,9533.57,7090.14,0,-1,-1,0.0,HOLD
2018-03-31,6923.91,8436.24,9709.4,-1,9533.57,6840.23,0,-1,-1,0.0,HOLD
2018-04-01,6813.01,8311.38,9661.53,-1,9150.0,6840.23,0,-1,-1,0.0,HOLD
2018-04-02,7056.0,8214.81,9618.46,-1,9150.0,6813.01,0,-1,-1,0.0,HOLD
2018-04-03,7405.21,8152.54,9581.88,-1,8909.98,6813.01,0,-1,-1,0.0,HOLD
2018-04-04,6796.1,8048.19,9535.83,-1,8909.98,6813.01,0,-1,-1,0.0,HOLD
2018-04-05,6770.76,7949.93,9490.13,-1,8909.98,6796.1,0,-1,-1,0.0,HOLD
2018-04-06,6601.39,7846.2,9442.38,-1,8909.98,6770.76,0,-1,-1,0.0,HOLD
2018-04-07,6895.8,7773.09,9400.29,-1,8909.98,6601.39,0,-1,-1,0.0,HOLD
2018-04-08,7018.0,7715.01,9360.91,-1,8909.98,6601.39,0,-1,-1,0.0,HOLD
2018-04-09,6782.72,7643.29,9318.3,-1,8909.98,6601.39,0,-1,-1,0.0,HOLD
2018-04-10,6843.9,7581.8,9277.4,-1,8898.03,6601.39,0,-1,-1,0.0,HOLD
2018-04-11,6953.79,7533.49,9238.99,-1,8898.03,6601.39,0,-1,-1,0.0,HOLD
2018-04-12,7923.0,7563.45,9217.24,-1,8898.03,6601.39,0,-1,0,0.0,HOLD
2018-04-13,7877.41,7587.6,9195.09,-1,8546.86,6601.39,0,-1,0,0.0,HOLD
2018-04-14,7999.01,7619.25,9175.32,-1,8470.15,6601.39,0,-1,0,0.0,HOLD
2018-04-15,8355.0,7675.85,9161.76,-1,8134.23,6601.39,0,-1,1,0.0,HOLD
2018-04-16,8064.92,7705.78,9143.63,-1,8355.0,6601.39,0,-1,1,0.0,HOLD
2018-04-17,7885.02,7719.56,9122.83,-1,8355.0,6782.72,0,-1,1,0.0,HOLD
2018-04-18,8173.0,7754.44,9107.13,-1,8355.0,6782.72,0,-1,1,0.0,HOLD
2018-04-19,8278.0,7794.72,9093.43,-1,8355.0,6782.72,0,-1,1,0.0,HOLD
2018-04-20,8856.98,7876.43,9089.52,-1,8355.0,6843.9,0,-1,1,0.0,HOLD
2018-04-21,8915.31,7956.34,9086.64,-1,8856.98,6953.79,0,-1,1,0.0,HOLD
2018-04-22,8787.02,8020.24,9081.69,-1,8915.31,7877.41,0,-1,1,0.0,HOLD
2018-04-23,8934.01,8090.53,9079.25,1,8915.31,7877.41,0,1,1,0.666667,BUY 0.6667
2018-04-24,9619.99,8208.18,9088.18,1,8934.01,7885.02,0,1,1,0.666667,HOLD
2018-04-25,8869.99,8259.09,9084.58,1,9619.99,7885.02,0,1,1,0.666667,HOLD
2018-04-26,9266.0,8336.54,9087.58,1,9619.99,7885.02,0,1,1,0.666667,HOLD
2018-04-27,8915.35,8381.07,9084.73,1,9619.99,7885.02,0,1,1,0.666667,HOLD
2018-04-28,9348.0,8455.45,9089.08,1,9619.99,8173.0,0,1,1,0.666667,HOLD
2018-04-29,9419.0,8529.57,9094.53,1,9619.99,8278.0,0,1,1,0.666667,HOLD
2018-04-30,9246.01,8584.68,9097.04,1,9619.99,8787.02,0,1,1,0.666667,HOLD
2018-05-01,9071.48,8622.12,9096.62,1,9619.99,8787.02,0,1,1,0.666667,HOLD
2018-05-02,9247.84,8670.26,9099.12,1,9619.99,8787.02,0,1,1,0.666667,HOLD
2018-05-03,9750.0,8753.31,9109.87,1,9619.99,8869.99,0,1,1,0.666667,HOLD
2018-05-04,9713.99,8827.21,9119.86,1,9750.0,8869.99,0,1,1,0.666667,HOLD
2018-05-05,9864.0,8906.96,9132.16,1,9750.0,8869.99,0,1,1,0.666667,HOLD
2018-05-06,9659.01,8964.81,9140.87,1,9864.0,8915.35,0,1,1,0.666667,HOLD
2018-05-07,9365.0,8995.6,9144.57,1,9864.0,8915.35,0,1,1,0.666667,HOLD
2018-05-08,9187.56,9010.36,9145.28,1,9864.0,9071.48,0,1,1,0.666667,HOLD
2018-05-09,9310.0,9033.41,9148.0,1,9864.0,9071.48,0,1,1,0.666667,HOLD
2018-05-10,9002.2,9031.01,9145.59,1,9864.0,9071.48,0,1,0,0.333333,SELL 0.3333
2018-05-11,8400.0,8982.47,9133.27,1,9864.0,9002.2,0,1,-1,0.0,SELL 0.3333
2018-05-12,8465.94,8942.74,9122.24,1,9864.0,8400.0,0,1,-1,0.0,HOLD
2018-05-13,8679.71,8922.51,9114.93,1,9864.0,8400.0,0,1,-1,0.0,HOLD
2018-05-14,8663.34,8902.57,9107.46,1,9864.0,8400.0,0,1,-1,0.0,HOLD
2018-05-15,8462.0,8868.68,9096.79,1,9864.0,8400.0,0,1,-1,0.0,HOLD
2018-05-16,8330.0,8827.24,9084.12,1,9864.0,8400.0,0,1,-1,0.0,HOLD
2018-05-17,8041.46,8766.8,9066.88,1,9864.0,8330.0,0,1,-1,0.0,HOLD
2018-05-18,8239.81,8726.26,9053.21,1,9864.0,8041.46,0,1,-1,0.0,HOLD
2018-05-19,8233.49,8688.36,9039.67,1,9864.0,8041.46,0,1,-1,0.0,HOLD
2018-05-20,8526.98,8675.94,9031.19,1,9864.0,8041.46,0,1,-1,0.0,HOLD
2018-05-21,8381.24,8653.27,9020.45,1,9864.0,8041.46,0,1,-1,0.0,HOLD
2018-05-22,7977.11,8601.26,9003.2,1,9864.0,8041.46,0,1,-1,0.0,HOLD
2018-05-23,7501.95,8516.7,8978.39,-1,9864.0,7977.11,0,-1,-1,0.0,HOLD
2018-05-24,7575.01,8444.26,8955.19,-1,9864.0,7501.95,0,-1,-1,0.0,HOLD
2018-05-25,7457.0,8368.32,8930.43,-1,9864.0,7501.95,0,-1,-1,0.0,HOLD
2018-05-26,7333.96,8288.75,8904.04,-1,9659.01,7457.0,0,-1,-1,0.0,HOLD
2018-05-27,7338.99,8215.69,8878.17,-1,9365.0,7333.96,0,-1,-1,0.0,HOLD
2018-05-28,7099.0,8129.79,8848.76,-1,9310.0,7333.96,0,-1,-1,0.0,HOLD
2018-05-29,7461.29,8078.37,8825.83,-1,9310.0,7099.0,0,-1,-1,0.0,HOLD
2018-05-30,7375.96,8024.34,8801.87,-1,9002.2,7099.0,0,-1,-1,0.0,HOLD
2018-05-31,7485.01,7982.85,8780.1,-1,8679.71,7099.0,0,-1,-1,0.0,HOLD
2018-06-01,7521.01,7947.33,8759.29,-1,8679.71,7099.0,0,-1,-1,0.0,HOLD
2018-06-02,7640.03,7923.69,8740.79,-1,8679.71,7099.0,0,-1,0,0.0,HOLD
2018-06-03,7714.26,7907.58,8723.82,-1,8663.34,7099.0,0,-1,0,0.0,HOLD
2018-06-04,7487.0,7875.23,8703.38,-1,8526.98,7099.0,0,-1,0,0.0,HOLD
2018-06-05,7625.0,7855.98,8685.55,-1,8526.98,7099.0,0,-1,0,0.0,HOLD
2018-06-06,7658.84,7840.81,8668.58,-1,8526.98,7099.0,0,-1,0,0.0,HOLD
2018-06-07,7691.08,7829.29,8652.43,-1,8526.98,7099.0,0,-1,0,0.0,HOLD
2018-06-08,7603.44,7811.92,8635.09,-1,8526.98,7375.96,0,-1,0,0.0,HOLD
2018-06-09,7491.73,7787.29,8616.19,-1,8526.98,7375.96,0,-1,0,0.0,HOLD
2018-06-10,6764.99,7708.65,8585.59,-1,8381.24,7485.01,0,-1,-1,0.0,HOLD
2018-06-11,6872.0,7644.29,8557.27,-1,7977.11,6764.99,0,-1,-1,0.0,HOLD
2018-06-12,6530.0,7558.58,8523.76,-1,7714.26,6764.99,0,-1,-1,0.0,HOLD
2018-06-13,6292.78,7461.21,8486.88,-1,7714.26,6530.0,0,-1,-1,0.0,HOLD
2018-06-14,6635.98,7397.73,8456.29,-1,7714.26,6292.78,0,-1,-1,0.0,HOLD
2018-06-15,6388.9,7320.13,8422.12,-1,7714.26,6292.78,0,-1,-1,0.0,HOLD
2018-06-16,6483.98,7255.81,8390.08,-1,7714.26,6292.78,0,-1,-1,0.0,HOLD
2018-06-17,6449.61,7193.79,8358.01,-1,7714.26,6292.78,0,-1,-1,0.0,HOLD
2018-06-18,6712.46,7156.77,8330.81,-1,7714.26,6292.78,0,-1,-1,0.0,HOLD
2018-06-19,6741.21,7124.8,8304.53,-1,7714.26,6292.78,0,-1,-1,0.0,HOLD
2018-06-20,6761.51,7096.86,8279.03,-1,7714.26,6292.78,0,-1,-1,0.0,HOLD
2018-06-21,6718.84,7067.78,8253.24,-1,7714.26,6292.78,0,-1,-1,0.0,HOLD
2018-06-22,6045.0,6989.1,8216.74,-1,7714.26,6292.78,0,-1,-1,0.0,HOLD
2018-06-23,6149.98,6924.56,8182.58,-1,7714.26,6045.0,0,-1,-1,0.0,HOLD
2018-06-24,6136.97,6863.97,8148.77,-1,7691.08,6045.0,0,-1,-1,0.0,HOLD
2018-06-25,6252.0,6816.9,8117.42,-1,7691.08,6045.0,0,-1,-1,0.0,HOLD
2018-06-26,6070.78,6759.5,8083.59,-1,7691.08,6045.0,0,-1,-1,0.0,HOLD
2018-06-27,6133.73,6711.37,8051.36,-1,7691.08,6045.0,0,-1,-1,0.0,HOLD
2018-06-28,5853.98,6645.41,8015.04,-1,7603.44,6045.0,0,-1,-1,0.0,HOLD
2018-06-29,6197.92,6610.99,7985.0,-1,7491.73,5853.98,0,-1,-1,0.0,HOLD
2018-06-30,6390.07,6594.0,7958.64,-1,6872.0,5853.98,0,-1,-1,0.0,HOLD
2018-07-01,6356.81,6575.75,7932.16,-1,6872.0,5853.98,0,-1,-1,0.0,HOLD
2018-07-02,6615.29,6578.79,7910.4,-1,6761.51,5853.98,0,-1,0,0.0,HOLD
2018-07-03,6513.86,6573.8,7887.32,-1,6761.51,5853.98,0,-1,0,0.0,HOLD
2018-07-04,6586.98,6574.81,7865.82,-1,6761.51,5853.98,0,-1,0,0.0,HOLD
2018-07-05,6529.2,6571.3,7843.73,-1,6761.51,5853.98,0,-1,0,0.0,HOLD
2018-07-06,6609.78,6574.26,7823.33,-1,6761.51,5853.98,0,-1,0,0.0,HOLD
2018-07-07,6756.98,6588.32,7805.71,-1,6761.51,5853.98,0,-1,0,0.0,HOLD
2018-07-08,6712.1,6597.84,7787.63,-1,6761.51,5853.98,0,-1,0,0.0,HOLD
2018-07-09,6662.12,6602.79,7769.03,-1,6761.51,6197.92,0,-1,0,0.0,HOLD
2018-07-10,6296.91,6579.26,7744.7,-1,6761.51,6356.81,0,-1,0,0.0,HOLD
2018-07-11,6378.07,6563.78,7722.11,-1,6756.98,6296.91,0,-1,0,0.0,HOLD
2018-07-12,6250.57,6539.69,7697.78,-1,6756.98,6296.91,0,-1,0,0.0,HOLD
2018-07-13,6214.57,6514.68,7673.27,-1,6756.98,6250.57,0,-1,0,0.0,HOLD
2018-07-14,6251.99,6494.47,7649.78,-1,6756.98,6214.57,0,-1,0,0.0,HOLD
2018-07-15,6353.01,6483.59,7628.34,-1,6756.98,6214.57,0,-1,0,0.0,HOLD
2018-07-16,6723.35,6502.03,7613.38,-1,6756.98,6214.57,0,-1,0,0.0,HOLD
2018-07-17,7317.44,6564.76,7608.49,-1,6756.98,6214.57,0,-1,1,0.0,HOLD
2018-07-18,7381.9,6627.61,7604.75,-1,7317.44,6214.57,0,-1,1,0.0,HOLD
2018-07-19,7466.21,6692.12,7602.46,-1,7381.9,6214.57,0,-1,1,0.0,HOLD
2018-07-20,7337.53,6741.77,7598.08,1,7466.21,6214.57,0,1,1,0.666667,BUY 0.6667
2018-07-21,7398.78,6792.31,7594.78,1,7466.21,6214.57,0,1,1,0.666667,HOLD
2018-07-22,7394.79,6838.65,7591.48,1,7466.21,6214.57,0,1,1,0.666667,HOLD
2018-07-23,7721.01,6906.53,7593.62,1,7466.21,6214.57,0,1,1,0.666667,HOLD
2018-07-24,8397.24,7021.2,7606.9,1,7721.01,6251.99,0,1,1,0.666667,HOLD
2018-07-25,8175.64,7110.0,7616.3,1,8397.24,6353.01,0,1,1,0.666667,HOLD
2018-07-26,7920.0,7172.31,7621.32,1,8397.24,6723.35,0,1,1,0.666667,HOLD
2018-07-27,8188.57,7250.48,7630.7,1,8397.24,7317.44,0,1,1,0.666667,HOLD
2018-07-28,8225.04,7325.45,7640.52,1,8397.24,7337.53,0,1,1,0.666667,HOLD
2018-07-29,8211.0,7393.57,7649.95,1,8397.24,7337.53,0,1,1,0.666667,HOLD
2018-07-30,8173.92,7453.59,7658.61,1,8397.24,7337.53,0,1,1,0.666667,HOLD
2018-07-31,7730.93,7474.93,7659.81,1,8397.24,7394.79,0,1,1,0.666667,HOLD
2018-08-01,7604.58,7484.9,7658.89,1,8397.24,7394.79,0,1,1,0.666667,HOLD
2018-08-02,7525.71,7488.04,7656.69,1,8397.24,7604.58,0,1,0,0.333333,SELL 0.3333
2018-08-03,7418.78,7482.71,7652.76,1,8397.24,7525.71,0,1,0,0.333333,HOLD
2018-08-04,7009.84,7446.34,7642.13,1,8397.24,7418.78,0,1,0,0.333333,HOLD
2018-08-05,7024.19,7413.86,7631.92,1,8397.24,7009.84,0,1,0,0.333333,HOLD
2018-08-06,6934.82,7377.02,7620.4,1,8397.24,7009.84,0,1,-1,0.0,SELL 0.3333
2018-08-07,6720.06,7326.48,7605.52,1,8397.24,6934.82,0,1,-1,0.0,HOLD
2018-08-08,6285.0,7246.37,7583.69,1,8397.24,6720.06,0,1,-1,0.0,HOLD
2018-08-09,6529.79,7191.24,7566.27,1,8397.24,6285.0,0,1,-1,0.0,HOLD
2018-08-10,6144.01,7110.69,7542.76,-1,8397.24,6285.0,0,-1,-1,0.0,HOLD
2018-08-11,6232.35,7043.12,7521.1,-1,8397.24,6144.01,0,-1,-1,0.0,HOLD
2018-08-12,6308.33,6986.6,7501.06,-1,8397.24,6144.01,0,-1,-1,0.0,HOLD
2018-08-13,6246.35,6929.66,7480.32,-1,8397.24,6144.01,0,-1,-1,0.0,HOLD
2018-08-14,6188.08,6872.61,7458.96,-1,8225.04,6144.01,0,-1,-1,0.0,HOLD
2018-08-15,6267.16,6826.04,7439.26,-1,8225.04,6144.01,0,-1,-1,0.0,HOLD
2018-08-16,6311.75,6786.48,7420.62,-1,8225.04,6144.01,0,-1,-1,0.0,HOLD
2018-08-17,6584.49,6770.94,7406.8,-1,8225.04,6144.01,0,-1,-1,0.0,HOLD
2018-08-18,6387.96,6741.48,7389.96,-1,8211.0,6144.01,0,-1,-1,0.0,HOLD
2018-08-19,6477.53,6721.18,7374.88,1,8173.92,6144.01,0,1,-1,0.0,HOLD
2018-08-20,6254.84,6685.31,7356.37,-1,7730.93,6144.01,0,-1,-1,0.0,HOLD
2018-08-21,6480.0,6669.51,7341.88,1,7604.58,6188.08,0,1,-1,0.0,HOLD
2018-08-22,6360.89,6645.77,7325.67,1,7525.71,6188.08,0,1,-1,0.0,HOLD
2018-08-23,6525.01,6636.48,7312.43,1,7418.78,6188.08,0,1,-1,0.0,HOLD
2018-08-24,6681.64,6639.96,7302.01,1,7024.19,6188.08,0,1,0,0.333333,BUY 0.3333
2018-08-25,6733.64,6647.16,7292.61,1,7024.19,6254.84,0,1,0,0.333333,HOLD
2018-08-26,6700.0,6651.23,7282.82,-1,6934.82,6254.84,0,-1,0,0.0,SELL 0.3333
2018-08-27,6908.64,6671.03,7276.63,-1,6733.64,6254.84,0,-1,1,0.0,HOLD
2018-08-28,7076.11,6702.19,7273.32,-1,6908.64,6254.84,0,-1,1,0.0,HOLD
2018-08-29,7031.22,6727.5,7269.32,-1,7076.11,6254.84,0,-1,1,0.0,HOLD
2018-08-30,6984.84,6747.29,7264.61,-1,7076.11,6254.84,0,-1,1,0.0,HOLD
2018-08-31,7011.21,6767.6,7260.42,-1,7076.11,6360.89,0,-1,1,0.0,HOLD
2018-09-01,7200.01,6800.86,7259.43,-1,7076.11,6360.89,0,-1,1,0.0,HOLD
2018-09-02,7302.01,6839.41,7260.13,-1,7200.01,6525.01,0,-1,1,0.0,HOLD
2018-09-03,7263.02,6871.99,7260.18,-1,7302.01,6681.64,0,-1,1,0.0,HOLD
2018-09-04,7359.06,6909.46,7261.81,-1,7302.01,6700.0,0,-1,1,0.0,HOLD
2018-09-05,6700.0,6893.35,7252.53,-1,7359.06,6700.0,0,-1,1,0.0,HOLD
2018-09-06,6516.01,6864.32,7240.35,-1,7359.06,6700.0,0,-1,0,0.0,HOLD
2018-09-07,6395.54,6828.26,7226.39,-1,7359.06,6516.01,0,-1,0,0.0,HOLD
2018-09-08,6185.05,6778.78,7209.18,-1,7359.06,6395.54,0,-1,-1,0.0,HOLD
2018-09-09,6250.81,6738.17,7193.34,-1,7359.06,6185.05,0,-1,-1,0.0,HOLD
2018-09-10,6312.0,6705.39,7178.77,-1,7359.06,6185.05,0,-1,-1,0.0,HOLD
2018-09-11,6294.91,6673.81,7164.16,-1,7359.06,6185.05,0,-1,-1,0.0,HOLD
2018-09-12,6338.62,6648.03,7150.51,-1,7359.06,6185.05,0,-1,-1,0.0,HOLD
2018-09-13,6487.38,6635.67,7139.55,-1,7359.06,6185.05,0,-1,-1,0.0,HOLD
2018-09-14,6476.63,6623.44,7128.6,-1,7359.06,6185.05,0,-1,-1,0.0,HOLD
2018-09-15,6514.96,6615.09,7118.45,-1,7359.06,6185.05,0,-1,-1,0.0,HOLD
2018-09-16,6505.0,6606.62,7108.31,-1,7359.06,6185.05,0,-1,-1,0.0,HOLD
2018-09-17,6248.69,6579.09,7094.1,-1,7359.06,6185.05,0,-1,-1,0.0,HOLD
2018-09-18,6336.45,6560.43,7081.58,-1,7359.06,6185.05,0,-1,-1,0.0,HOLD
2018-09-19,6391.89,6547.46,7070.18,1,7359.06,6248.69,0,1,-1,0.0,HOLD
2018-09-20,6492.0,6543.2,7060.62,1,7359.06,6248.69,0,1,-1,0.0,HOLD
2018-09-21,6759.02,6559.8,7055.64,1,7359.06,6248.69,0,1,0,0.333333,BUY 0.3333
2018-09-22,6723.05,6572.36,7050.14,1,7359.06,6248.69,0,1,0,0.333333,HOLD
2018-09-23,6708.0,6582.79,7044.49,1,7359.06,6248.69,0,1,0,0.333333,HOLD
2018-09-24,6581.39,6582.68,7036.83,1,7359.06,6248.69,0,1,0,0.333333,HOLD
2018-09-25,6447.54,6572.29,7027.09,1,6759.02,6248.69,0,1,0,0.333333,HOLD
2018-09-26,6465.12,6564.04,7017.8,-1,6759.02,6248.69,0,-1,0,0.0,SELL 0.3333
2018-09-27,6689.13,6573.66,7012.37,1,6759.02,6248.69,0,1,0,0.333333,BUY 0.3333
2018-09-28,6634.58,6578.35,7006.13,1,6759.02,6336.45,0,1,0,0.333333,HOLD
2018-09-29,6596.38,6579.74,6999.35,1,6759.02,6391.89,0,1,0,0.333333,HOLD
2018-09-30,6626.57,6583.34,6993.19,1,6759.02,6447.54,0,1,0,0.333333,HOLD
2018-10-01,6611.61,6585.51,6986.88,1,6759.02,6447.54,0,1,0,0.333333,HOLD
2018-10-02,6525.79,6580.92,6979.26,1,6759.02,6447.54,0,1,0,0.333333,HOLD
2018-10-03,6510.0,6575.47,6971.51,-1,6759.02,6447.54,0,-1,0,0.0,SELL 0.3333
2018-10-04,6593.79,6576.87,6965.26,-1,6759.02,6447.54,0,-1,0,0.0,HOLD
2018-10-05,6635.65,6581.4,6959.82,-1,6759.02,6447.54,0,-1,0,0.0,HOLD
2018-10-06,6594.27,6582.39,6953.77,-1,6759.02,6465.12,0,-1,0,0.0,HOLD
2018-10-07,6615.26,6584.91,6948.18,-1,6759.02,6510.0,0,-1,0,0.0,HOLD
2018-10-08,6673.01,6591.69,6943.63,-1,6759.02,6510.0,0,-1,0,0.0,HOLD
2018-10-09,6656.61,6596.69,6938.89,-1,6759.02,6510.0,0,-1,0,0.0,HOLD
2018-10-10,6631.0,6599.32,6933.8,-1,6759.02,6510.0,0,-1,0,0.0,HOLD
2018-10-11,6252.68,6572.66,6922.54,-1,6759.02,6510.0,0,-1,-1,0.0,HOLD
2018-10-12,6298.01,6551.53,6912.22,-1,6723.05,6252.68,0,-1,-1,0.0,HOLD
2018-10-13,6332.93,6534.72,6902.64,-1,6708.0,6252.68,0,-1,-1,0.0,HOLD
2018-10-14,6339.34,6519.69,6893.33,-1,6689.13,6252.68,0,-1,-1,0.0,HOLD
2018-10-15,6752.5,6537.6,6891.0,1,6689.13,6252.68,0,1,1,0.666667,BUY 0.6667
2018-10-16,6759.27,6554.65,6888.82,1,6752.5,6252.68,0,1,1,0.666667,HOLD
2018-10-17,6740.89,6568.97,6886.38,1,6759.27,6252.68,0,1,1,0.666667,HOLD
2018-10-18,6618.96,6572.82,6881.96,1,6759.27,6252.68,0,1,1,0.666667,HOLD
2018-10-19,6528.88,6569.44,6876.12,1,6759.27,6252.68,0,1,1,0.666667,HOLD
2018-10-20,6588.4,6570.9,6871.37,1,6759.27,6252.68,0,1,1,0.666667,HOLD
2018-10-21,6590.11,6572.38,6866.72,1,6759.27,6252.68,0,1,1,0.666667,HOLD
2018-10-22,6581.2,6573.05,6862.0,1,6759.27,6298.01,0,1,1,0.666667,HOLD
2018-10-23,6553.51,6571.55,6856.9,1,6759.27,6332.93,0,1,1,0.666667,HOLD
2018-10-24,6565.5,6571.09,6852.08,1,6759.27,6339.34,0,1,1,0.666667,HOLD
2018-10-25,6528.09,6567.78,6846.73,1,6759.27,6528.88,0,1,0,0.333333,SELL 0.3333
2018-10-26,6538.63,6565.54,6841.64,1,6759.27,6528.09,0,1,0,0.333333,HOLD
2018-10-27,6505.6,6560.93,6836.08,1,6759.27,6528.09,0,1,0,0.333333,HOLD
2018-10-28,6489.93,6555.46,6830.36,1,6759.27,6505.6,0,1,0,0.333333,HOLD
2018-10-29,6344.5,6539.24,6822.33,-1,6759.27,6489.93,0,-1,0,0.0,SELL 0.3333
2018-10-30,6330.87,6523.21,6814.21,-1,6759.27,6344.5,0,-1,0,0.0,HOLD
2018-10-31,6371.93,6511.57,6806.9,-1,6759.27,6330.87,0,-1,0,0.0,HOLD
2018-11-01,6410.0,6503.76,6800.34,-1,6759.27,6330.87,0,-1,0,0.0,HOLD
2018-11-02,6433.98,6498.39,6794.28,-1,6759.27,6330.87,0,-1,0,0.0,HOLD
2018-11-03,6387.09,6489.83,6787.55,-1,6759.27,6330.87,0,-1,0,0.0,HOLD
2018-11-04,6485.85,6489.52,6782.56,1,6759.27,6330.87,0,1,0,0.333333,BUY 0.3333
2018-11-05,6468.99,6487.94,6777.38,1,6759.27,6330.87,0,1,0,0.333333,HOLD
2018-11-06,6519.11,6490.34,6773.11,-1,6740.89,6330.87,0,-1,0,0.0,SELL 0.3333
2018-11-07,6578.46,6497.12,6769.89,-1,6618.96,6330.87,0,-1,0,0.0,HOLD
2018-11-08,6479.84,6495.79,6765.1,-1,6590.11,6330.87,0,-1,0,0.0,HOLD
2018-11-09,6419.99,6489.96,6759.39,-1,6590.11,6330.87,0,-1,0,0.0,HOLD
2018-11-10,6433.05,6485.58,6754.0,-1,6590.11,6371.93,0,-1,0,0.0,HOLD
2018-11-11,6449.81,6482.83,6748.97,-1,6581.2,6387.09,0,-1,0,0.0,HOLD
2018-11-12,6453.07,6480.54,6744.08,-1,6578.46,6387.09,0,-1,0,0.0,HOLD
2018-11-13,6457.66,6478.78,6739.35,-1,6578.46,6387.09,0,-1,0,0.0,HOLD
2018-11-14,5922.41,6435.98,6725.84,-1,6578.46,6419.99,0,-1,-1,0.0,HOLD
2018-11-15,5753.4,6383.48,6709.77,-1,6578.46,5922.41,0,-1,-1,0.0,HOLD
2018-11-16,5655.94,6327.51,6692.35,-1,6578.46,5753.4,0,-1,-1,0.0,HOLD
2018-11-17,5628.29,6273.73,6674.76,-1,6578.46,5655.94,0,-1,-1,0.0,HOLD
2018-11-18,5662.0,6226.67,6658.02,-1,6578.46,5628.29,0,-1,-1,0.0,HOLD
2018-11-19,4910.03,6125.39,6629.13,-1,6578.46,5628.29,0,-1,-1,0.0,HOLD
2018-11-20,4558.86,6004.89,6594.91,-1,6578.46,4910.03,0,-1,-1,0.0,HOLD
2018-11-21,4661.07,5901.52,6562.95,-1,6578.46,4558.86,0,-1,-1,0.0,HOLD
2018-11-22,4370.0,5783.71,6526.7,-1,6578.46,4558.86,0,-1,-1,0.0,HOLD
2018-11-23,4420.61,5678.85,6491.89,-1,6578.46,4370.0,0,-1,-1,0.0,HOLD
2018-11-24,3932.44,5544.51,6449.59,-1,6578.46,4370.0,0,-1,-1,0.0,HOLD
2018-11-25,4085.78,5432.3,6410.51,-1,6578.46,3932.44,0,-1,-1,0.0,HOLD
2018-11-26,3862.2,5311.53,6368.39,-1,6578.46,3932.44,0,-1,-1,0.0,HOLD
2018-11-27,3875.21,5201.04,6327.18,-1,6578.46,3862.2,0,-1,-1,0.0,HOLD
2018-11-28,4264.85,5129.03,6293.1,-1,6479.84,3862.2,0,-1,-1,0.0,HOLD
2018-11-29,4295.84,5064.94,6260.08,-1,6457.66,3862.2,0,-1,-1,0.0,HOLD
2018-11-30,4041.32,4986.2,6223.41,-1,6457.66,3862.2,0,-1,-1,0.0,HOLD
2018-12-01,4190.02,4924.95,6189.8,-1,6457.66,3862.2,0,-1,-1,0.0,HOLD
2018-12-02,4161.01,4866.19,6156.27,-1,6457.66,3862.2,0,-1,-1,0.0,HOLD
2018-12-03,3884.01,4790.63,6118.71,-1,6457.66,3862.2,0,-1,-1,0.0,HOLD
2018-12-04,3951.64,4726.1,6082.89,-1,5922.41,3862.2,0,-1,-1,0.0,HOLD
2018-12-05,3769.84,4652.54,6044.66,-1,5753.4,3862.2,0,-1,-1,0.0,HOLD
2018-12-06,3508.75,4564.55,6002.74,-1,5662.0,3769.84,0,-1,-1,0.0,HOLD
2018-12-07,3403.55,4475.25,5959.78,-1,5662.0,3508.75,0,-1,-1,0.0,HOLD
2018-12-08,3410.93,4393.38,5917.65,-1,5662.0,3403.55,0,-1,-1,0.0,HOLD
2018-12-09,3545.37,4328.14,5878.44,-1,4910.03,3403.55,0,-1,-1,0.0,HOLD
2018-12-10,3432.88,4259.28,5838.02,-1,4661.07,3403.55,0,-1,-1,0.0,HOLD
2018-12-11,3380.39,4191.67,5797.39,-1,4661.07,3403.55,0,-1,-1,0.0,HOLD
2018-12-12,3445.0,4134.24,5758.51,-1,4420.61,3380.39,0,-1,-1,0.0,HOLD
2018-12-13,3302.06,4070.22,5717.91,-1,4420.61,3380.39,0,-1,-1,0.0,HOLD
2018-12-14,3224.17,4005.14,5676.69,-1,4295.84,3302.06,0,-1,-1,0.0,HOLD
2018-12-15,3211.72,3944.11,5635.95,-1,4295.84,3224.17,0,-1,-1,0.0,HOLD
2018-12-16,3228.67,3889.07,5596.16,-1,4295.84,3211.72,0,-1,-1,0.0,HOLD
2018-12-17,3509.08,3859.84,5561.66,-1,4295.84,3211.72,0,-1,-1,0.0,HOLD
2018-12-18,3652.98,3843.93,5530.11,-1,4295.84,3211.72,0,-1,0,0.0,HOLD
2018-12-19,3662.22,3829.95,5499.24,-1,4295.84,3211.72,0,-1,0,0.0,HOLD
2018-12-20,4049.62,3846.85,5475.28,-1,4190.02,3211.72,0,-1,0,0.0,HOLD
2018-12-21,3838.66,3846.22,5448.22,-1,4190.02,3211.72,0,-1,0,0.0,HOLD
2018-12-22,3948.91,3854.12,5423.44,-1,4161.01,3211.72,0,-1,0,0.0,HOLD
2018-12-23,3929.71,3859.93,5398.75,-1,4049.62,3211.72,0,-1,0,0.0,HOLD
2018-12-24,4008.01,3871.33,5375.77,-1,4049.62,3211.72,0,-1,0,0.0,HOLD
2018-12-25,3745.79,3861.67,5348.82,-1,4049.62,3211.72,0,-1,0,0.0,HOLD
2018-12-26,3777.74,3855.21,5322.86,-1,4049.62,3228.67,0,-1,0,0.0,HOLD
2018-12-27,3567.91,3833.11,5293.85,-1,4049.62,3509.08,0,-1,0,0.0,HOLD
2018-12-28,3839.26,3833.59,5269.8,-1,4049.62,3567.91,0,-1,0,0.0,HOLD
2018-12-29,3695.32,3822.95,5243.78,-1,4049.62,3567.91,0,-1,0,0.0,HOLD
2018-12-30,3801.91,3821.33,5219.95,-1,4049.62,3567.91,0,-1,0,0.0,HOLD
2018-12-31,3702.9,3812.22,5194.87,-1,4049.62,3567.91,0,-1,0,0.0,HOLD
2019-01-01,3797.14,3811.06,5171.77,-1,4049.62,3567.91,0,-1,0,0.0,HOLD
2019-01-02,3858.56,3814.71,5150.06,-1,4049.62,3567.91,0,-1,0,0.0,HOLD
2019-01-03,3766.78,3811.03,5127.2,-1,4049.62,3567.91,0,-1,0,0.0,HOLD
2019-01-04,3792.01,3809.56,5105.13,-1,4049.62,3567.91,0,-1,0,0.0,HOLD
2019-01-05,3770.96,3806.6,5083.08,-1,4049.62,3567.91,0,-1,0,0.0,HOLD
2019-01-06,3987.6,3820.52,5064.97,1,4049.62,3567.91,0,1,0,0.333333,BUY 0.3333
2019-01-07,3975.45,3832.44,5046.96,-1,4049.62,3695.32,0,-1,0,0.0,SELL 0.3333
2019-01-08,3955.13,3841.87,5028.92,-1,4049.62,3695.32,0,-1,0,0.0,HOLD
2019-01-09,3966.65,3851.47,5011.36,-1,4049.62,3702.9,0,-1,0,0.0,HOLD
2019-01-10,3585.88,3831.04,4987.8,-1,4008.01,3702.9,0,-1,0,0.0,HOLD
2019-01-11,3601.31,3813.37,4964.88,-1,4008.01,3585.88,0,-1,0,0.0,HOLD
2019-01-12,3583.13,3795.66,4942.04,-1,4008.01,3585.88,0,-1,0,0.0,HOLD
2019-01-13,3476.81,3771.13,4917.82,-1,4008.01,3583.13,0,-1,-1,0.0,HOLD
2019-01-14,3626.09,3759.98,4896.47,-1,3987.6,3476.81,0,-1,-1,0.0,HOLD
2019-01-15,3553.06,3744.06,4874.26,1,3987.6,3476.81,0,1,-1,0.0,HOLD
2019-01-16,3591.84,3732.35,4853.07,1,3987.6,3476.81,0,1,-1,0.0,HOLD
2019-01-17,3616.21,3723.42,4832.62,1,3987.6,3476.81,0,1,-1,0.0,HOLD
2019-01-18,3594.87,3713.53,4812.17,1,3987.6,3476.81,0,1,-1,0.0,HOLD
2019-01-19,3665.3,3709.82,4793.21,1,3987.6,3476.81,0,1,-1,0.0,HOLD
2019-01-20,3539.28,3696.7,4772.48,1,3987.6,3476.81,0,1,-1,0.0,HOLD
2019-01-21,3526.9,3683.64,4751.89,1,3987.6,3476.81,0,1,-1,0.0,HOLD
2019-01-22,3570.93,3674.97,4732.37,1,3987.6,3476.81,0,1,-1,0.0,HOLD
2019-01-23,3552.82,3665.57,4712.88,1,3987.6,3476.81,0,1,-1,0.0,HOLD
2019-01-24,3569.62,3658.19,4693.98,1,3987.6,3526.9,0,1,-1,0.0,HOLD
2019-01-25,3565.29,3651.05,4675.32,1,3987.6,3526.9,0,1,-1,0.0,HOLD
2019-01-26,3565.25,3644.45,4656.98,1,3987.6,3526.9,0,1,-1,0.0,HOLD
2019-01-27,3550.84,3637.25,4638.69,-1,3975.45,3526.9,0,-1,-1,0.0,HOLD
2019-01-28,3434.15,3621.62,4618.78,-1,3966.65,3526.9,0,-1,-1,0.0,HOLD
2019-01-29,3411.04,3605.42,4598.82,-1,3966.65,3434.15,0,-1,-1,0.0,HOLD
2019-01-30,3458.18,3594.1,4579.97,-1,3665.3,3411.04,0,-1,-1,0.0,HOLD
2019-01-31,3434.1,3581.79,4561.03,-1,3665.3,3411.04,0,-1,-1,0.0,HOLD
2019-02-01,3462.07,3572.58,4542.86,-1,3665.3,3411.04,0,-1,-1,0.0,HOLD
2019-02-02,3504.77,3567.36,4525.7,-1,3665.3,3411.04,0,-1,-1,0.0,HOLD
2019-02-03,3458.11,3558.96,4508.06,-1,3665.3,3411.04,0,-1,-1,0.0,HOLD
2019-02-04,3463.22,3551.6,4490.79,-1,3665.3,3411.04,0,-1,-1,0.0,HOLD
2019-02-05,3471.59,3545.44,4473.94,-1,3665.3,3411.04,0,-1,-1,0.0,HOLD
2019-02-06,3405.37,3534.67,4456.28,-1,3665.3,3411.04,0,-1,-1,0.0,HOLD
2019-02-07,3398.4,3524.18,4438.79,-1,3665.3,3405.37,0,-1,-1,0.0,HOLD
2019-02-08,3659.04,3534.56,4425.91,-1,3665.3,3398.4,0,-1,0,0.0,HOLD
2019-02-09,3665.18,3544.61,4413.33,-1,3659.04,3398.4,0,-1,1,0.0,HOLD
2019-02-10,3680.06,3555.03,4401.21,-1,3665.18,3398.4,0,-1,1,0.0,HOLD
2019-02-11,3631.05,3560.87,4388.48,-1,3680.06,3398.4,0,-1,1,0.0,HOLD
2019-02-12,3631.46,3566.3,4375.97,-1,3680.06,3398.4,0,-1,1,0.0,HOLD
2019-02-13,3609.4,3569.62,4363.3,-1,3680.06,3398.4,0,-1,1,0.0,HOLD
2019-02-14,3590.56,3571.23,4350.53,-1,3680.06,3398.4,0,-1,1,0.0,HOLD
2019-02-15,3602.47,3573.63,4338.16,-1,3680.06,3398.4,0,-1,1,0.0,HOLD
2019-02-16,3618.41,3577.08,4326.26,-1,3680.06,3398.4,0,-1,1,0.0,HOLD
2019-02-17,3667.58,3584.04,4315.38,-1,3680.06,3398.4,0,-1,1,0.0,HOLD
2019-02-18,3898.6,3608.24,4308.49,-1,3680.06,3590.56,0,-1,1,0.0,HOLD
2019-02-19,3907.79,3631.28,4301.86,1,3898.6,3590.56,0,1,1,0.666667,BUY 0.6667
2019-02-20,3969.74,3657.31,4296.38,1,3907.79,3590.56,0,1,1,0.666667,HOLD
2019-02-21,3937.31,3678.85,4290.44,1,3969.74,3590.56,0,1,1,0.666667,HOLD
2019-02-22,3962.0,3700.63,4285.01,1,3969.74,3590.56,0,1,1,0.666667,HOLD
2019-02-23,4117.76,3732.72,4282.25,1,3969.74,3590.56,0,1,1,0.666667,HOLD
2019-02-24,3743.56,3733.55,4273.34,1,4117.76,3590.56,0,1,1,0.666667,HOLD
2019-02-25,3827.92,3740.81,4265.98,1,4117.76,3602.47,0,1,1,0.666667,HOLD
2019-02-26,3809.23,3746.08,4258.43,1,4117.76,3618.41,0,1,1,0.666667,HOLD
2019-02-27,3818.07,3751.61,4251.15,1,4117.76,3667.58,0,1,1,0.666667,HOLD
2019-02-28,3813.69,3756.39,4243.92,1,4117.76,3743.56,0,1,1,0.666667,HOLD
2019-03-01,3823.0,3761.51,4236.96,1,4117.76,3743.56,0,1,1,0.666667,HOLD
2019-03-02,3819.93,3766.01,4230.07,1,4117.76,3743.56,0,1,1,0.666667,HOLD
2019-03-03,3807.75,3769.22,4223.09,1,4117.76,3743.56,0,1,1,0.666667,HOLD
2019-03-04,3715.3,3765.07,4214.7,1,4117.76,3743.56,0,1,0,0.333333,SELL 0.3333
2019-03-05,3857.73,3772.2,4208.8,1,4117.76,3715.3,0,1,0,0.333333,HOLD
2019-03-06,3861.84,3779.09,4203.06,1,4117.76,3715.3,0,1,0,0.333333,HOLD
2019-03-07,3873.64,3786.37,4197.62,1,4117.76,3715.3,0,1,0,0.333333,HOLD
2019-03-08,3864.89,3792.41,4192.12,1,4117.76,3715.3,0,1,0,0.333333,HOLD
2019-03-09,3943.04,3803.99,4188.0,1,4117.76,3715.3,0,1,0,0.333333,HOLD
2019-03-10,3916.82,3812.67,4183.52,1,4117.76,3715.3,0,1,0,0.333333,HOLD
2019-03-11,3871.61,3817.21,4178.36,1,4117.76,3715.3,0,1,0,0.333333,HOLD
2019-03-12,3882.73,3822.25,4173.48,1,4117.76,3715.3,0,1,0,0.333333,HOLD
2019-03-13,3866.0,3825.61,4168.39,1,4117.76,3715.3,0,1,0,0.333333,HOLD
2019-03-14,3877.12,3829.57,4163.58,1,4117.76,3715.3,0,1,0,0.333333,HOLD
2019-03-15,3923.76,3836.82,4159.62,1,4117.76,3857.73,0,1,0,0.333333,HOLD
2019-03-16,4005.98,3849.83,4157.08,1,3943.04,3861.84,0,1,1,0.666667,BUY 0.3333
2019-03-17,3981.14,3859.93,4154.17,1,4005.98,3864.89,0,1,1,0.666667,HOLD
2019-03-18,3987.81,3869.77,4151.42,1,4005.98,3864.89,0,1,1,0.666667,HOLD
2019-03-19,4015.53,3880.98,4149.17,1,4005.98,3866.0,0,1,1,0.666667,HOLD
2019-03-20,4043.04,3893.45,4147.42,1,4015.53,3866.0,0,1,1,0.666667,HOLD
2019-03-21,3980.64,3900.15,4144.66,1,4043.04,3866.0,0,1,1,0.666667,HOLD
2019-03-22,3986.93,3906.83,4142.05,1,4043.04,3866.0,0,1,1,0.666667,HOLD
2019-03-23,4006.01,3914.46,4139.81,1,4043.04,3866.0,0,1,1,0.666667,HOLD
2019-03-24,3992.18,3920.44,4137.37,1,4043.04,3877.12,0,1,1,0.666667,HOLD
2019-03-25,3936.12,3921.64,4134.04,1,4043.04,3923.76,0,1,1,0.666667,HOLD
2019-03-26,3948.55,3923.71,4130.97,1,4043.04,3936.12,0,1,1,0.666667,HOLD
2019-03-27,4038.05,3932.51,4129.44,1,4043.04,3936.12,0,1,1,0.666667,HOLD
2019-03-28,4027.81,3939.84,4127.76,1,4043.04,3936.12,0,1,1,0.666667,HOLD
2019-03-29,4103.25,3952.41,4127.35,1,4043.04,3936.12,0,1,1,0.666667,HOLD
2019-03-30,4106.97,3964.3,4127.02,1,4103.25,3936.12,0,1,1,0.666667,HOLD
2019-03-31,4103.95,3975.04,4126.63,1,4106.97,3936.12,0,1,1,0.666667,HOLD
2019-04-01,4144.56,3988.08,4126.93,1,4106.97,3936.12,0,1,1,0.666667,HOLD
2019-04-02,4857.29,4054.94,4139.0,1,4144.56,3936.12,0,1,1,0.666667,HOLD
2019-04-03,4932.6,4122.46,4152.12,1,4857.29,3936.12,0,1,1,0.666667,HOLD
2019-04-04,4898.66,4182.16,4164.46,1,4932.6,3936.12,1,1,1,1.0,BUY 0.3333
2019-04-05,5004.95,4245.45,4178.35,1,4932.6,3948.55,1,1,1,1.0,HOLD
2019-04-06,5043.89,4306.87,4192.66,1,5004.95,4027.81,1,1,1,1.0,HOLD
2019-04-07,5170.27,4373.29,4208.82,1,5043.89,4027.81,1,1,1,1.0,HOLD
2019-04-08,5236.9,4439.72,4225.81,1,5170.27,4103.25,1,1,1,1.0,HOLD
2019-04-09,5150.0,4494.36,4241.09,1,5236.9,4103.95,1,1,1,1.0,HOLD
2019-04-10,5308.25,4556.96,4258.73,1,5236.9,4103.95,1,1,1,1.0,HOLD
2019-04-11,5017.37,4592.38,4271.26,1,5308.25,4144.56,1,1,1,1.0,HOLD
2019-04-12,5048.01,4627.43,4284.1,1,5308.25,4857.29,1,1,1,1.0,HOLD
2019-04-13,5045.22,4659.57,4296.68,1,5308.25,4898.66,1,1,1,1.0,HOLD
2019-04-14,5131.3,4695.85,4310.48,1,5308.25,4898.66,1,1,1,1.0,HOLD
2019-04-15,5024.95,4721.17,4322.29,1,5308.25,5004.95,1,1,1,1.0,HOLD
2019-04-16,5173.72,4755.98,4336.36,1,5308.25,5017.37,1,1,1,1.0,HOLD
2019-04-17,5202.82,4790.35,4350.68,1,5308.25,5017.37,1,1,1,1.0,HOLD
2019-04-18,5258.44,4826.36,4365.69,1,5308.25,5017.37,1,1,1,1.0,HOLD
2019-04-19,5258.68,4859.61,4380.45,1,5308.25,5017.37,1,1,1,1.0,HOLD
2019-04-20,5291.73,4892.85,4395.51,1,5308.25,5017.37,1,1,1,1.0,HOLD
2019-04-21,5256.14,4920.8,4409.74,1,5308.25,5017.37,1,1,1,1.0,HOLD
2019-04-22,5357.14,4954.36,4425.4,1,5308.25,5024.95,1,1,1,1.0,HOLD
2019-04-23,5493.31,4995.82,4443.05,1,5357.14,5024.95,1,1,1,1.0,HOLD
2019-04-24,5415.0,5028.07,4459.11,1,5493.31,5024.95,1,1,1,1.0,HOLD
2019-04-25,5219.9,5042.82,4471.69,1,5493.31,5024.95,1,1,1,1.0,HOLD
2019-04-26,5314.1,5063.69,4485.61,1,5493.31,5173.72,1,1,1,1.0,HOLD
2019-04-27,5295.69,5081.54,4499.0,1,5493.31,5202.82,1,1,1,1.0,HOLD
2019-04-28,5307.52,5098.92,4512.37,1,5493.31,5219.9,1,1,1,1.0,HOLD
2019-04-29,5238.14,5109.63,4524.36,1,5493.31,5219.9,1,1,1,1.0,HOLD
2019-04-30,5320.81,5125.87,4537.53,1,5493.31,5219.9,1,1,1,1.0,HOLD
2019-05-01,5383.2,5145.67,4551.5,1,5493.31,5219.9,1,1,1,1.0,HOLD
2019-05-02,5492.87,5172.38,4567.06,1,5493.31,5219.9,1,1,1,1.0,HOLD
2019-05-03,5772.69,5218.55,4586.99,1,5493.31,5219.9,1,1,1,1.0,HOLD
2019-05-04,5829.45,5265.55,4607.53,1,5772.69,5219.9,1,1,1,1.0,HOLD
2019-05-05,5775.62,5304.78,4626.84,1,5829.45,5219.9,1,1,1,1.0,HOLD
2019-05-06,5747.79,5338.86,4645.36,1,5829.45,5238.14,1,1,1,1.0,HOLD
2019-05-07,5846.34,5377.9,4665.21,1,5829.45,5238.14,1,1,1,1.0,HOLD
2019-05-08,5987.29,5424.77,4687.07,1,5846.34,5238.14,1,1,1,1.0,HOLD
2019-05-09,6209.18,5485.11,4712.23,1,5987.29,5238.14,1,1,1,1.0,HOLD
2019-05-10,6373.33,5553.44,4739.68,1,6209.18,5320.81,1,1,1,1.0,HOLD
2019-05-11,7076.22,5670.57,4778.3,1,6373.33,5383.2,1,1,1,1.0,HOLD
2019-05-12,6967.31,5770.32,4814.48,1,7076.22,5492.87,1,1,1,1.0,HOLD
2019-05-13,7790.71,5925.74,4863.68,1,7076.22,5747.79,1,1,1,1.0,HOLD
2019-05-14,7947.56,6081.26,4914.65,1,7790.71,5747.79,1,1,1,1.0,HOLD
2019-05-15,8169.87,6241.92,4968.46,1,7947.56,5747.79,1,1,1,1.0,HOLD
2019-05-16,7866.59,6366.9,5016.36,1,8169.87,5747.79,1,1,1,1.0,HOLD
2019-05-17,7355.26,6442.93,5055.02,1,8169.87,5846.34,1,1,1,1.0,HOLD
2019-05-18,7257.45,6505.58,5091.42,1,8169.87,5987.29,1,1,1,1.0,HOLD
2019-05-19,8148.48,6631.96,5141.95,1,8169.87,6209.18,1,1,1,1.0,HOLD
2019-05-20,7938.15,6732.43,5188.17,1,8169.87,6373.33,1,1,1,1.0,HOLD
2019-05-21,7904.87,6822.62,5233.08,1,8169.87,6967.31,1,1,1,1.0,HOLD
2019-05-22,7628.43,6884.61,5272.67,1,8169.87,6967.31,1,1,1,1.0,HOLD
2019-05-23,7851.51,6958.98,5315.29,1,8169.87,7257.45,1,1,1,1.0,HOLD
2019-05-24,7964.87,7036.36,5359.09,1,8169.87,7257.45,1,1,1,1.0,HOLD
2019-05-25,8025.41,7112.44,5403.16,1,8169.87,7257.45,1,1,1,1.0,HOLD
2019-05-26,8614.43,7227.98,5456.24,1,8169.87,7257.45,1,1,1,1.0,HOLD
2019-05-27,8756.32,7345.54,5510.78,1,8614.43,7257.45,1,1,1,1.0,HOLD
2019-05-28,8715.64,7450.94,5563.76,1,8756.32,7257.45,1,1,1,1.0,HOLD
2019-05-29,8645.68,7542.84,5614.7,1,8756.32,7628.43,1,1,1,1.0,HOLD
2019-05-30,8269.54,7598.74,5658.58,1,8756.32,7628.43,1,1,1,1.0,HOLD
2019-05-31,8555.0,7672.3,5706.46,1,8756.32,7628.43,1,1,1,1.0,HOLD
2019-06-01,8544.07,7739.36,5753.36,1,8756.32,7628.43,1,1,1,1.0,HOLD
2019-06-02,8725.98,7815.25,5802.49,1,8756.32,7851.51,1,1,1,1.0,HOLD
2019-06-03,8115.82,7838.37,5840.73,1,8756.32,7964.87,1,1,1,1.0,HOLD
2019-06-04,7687.03,7826.73,5871.25,1,8756.32,8025.41,1,1,0,0.666667,SELL 0.3333
2019-06-05,7776.5,7822.87,5902.74,1,8756.32,7687.03,1,1,0,0.666667,HOLD
2019-06-06,7786.7,7820.08,5933.88,1,8756.32,7687.03,1,1,0,0.666667,HOLD
2019-06-07,7980.53,7832.43,5967.71,1,8756.32,7687.03,1,1,0,0.666667,HOLD
2019-06-08,7893.62,7837.13,5999.54,1,8756.32,7687.03,1,1,0,0.666667,HOLD
2019-06-09,7628.13,7821.06,6026.46,1,8756.32,7687.03,1,1,-1,0.333333,SELL 0.3333
2019-06-10,7982.75,7833.49,6058.79,1,8756.32,7628.13,1,1,-1,0.333333,HOLD
2019-06-11,7884.9,7837.45,6088.98,1,8756.32,7628.13,1,1,-1,0.333333,HOLD
2019-06-12,8127.64,7859.77,6122.67,1,8756.32,7628.13,1,1,-1,0.333333,HOLD
2019-06-13,8218.54,7887.37,6157.32,1,8756.32,7628.13,1,1,0,0.666667,BUY 0.3333
2019-06-14,8650.0,7946.03,6198.52,1,8756.32,7628.13,1,1,0,0.666667,HOLD
2019-06-15,8808.7,8012.39,6241.66,1,8756.32,7628.13,1,1,1,1.0,BUY 0.3333
2019-06-16,8953.33,8084.77,6286.48,1,8808.7,7628.13,1,1,1,1.0,HOLD
2019-06-17,9313.96,8179.32,6336.52,1,8953.33,7628.13,1,1,1,1.0,HOLD
2019-06-18,9081.55,8248.73,6381.9,1,9313.96,7628.13,1,1,1,1.0,HOLD
2019-06-19,9255.49,8326.17,6429.39,1,9313.96,7628.13,1,1,1,1.0,HOLD
2019-06-20,9517.12,8417.78,6480.43,1,9313.96,7884.9,1,1,1,1.0,HOLD
2019-06-21,10159.86,8551.79,6541.25,1,9517.12,7884.9,1,1,1,1.0,HOLD
2019-06-22,10729.5,8719.3,6610.47,1,10159.86,8127.64,1,1,1,1.0,HOLD
2019-06-23,10906.07,8887.52,6681.48,1,10729.5,8218.54,1,1,1,1.0,HOLD
2019-06-24,11056.59,9054.37,6753.79,1,10906.07,8650.0,1,1,1,1.0,HOLD
2019-06-25,11820.86,9267.18,6837.55,1,11056.59,8808.7,1,1,1,1.0,HOLD
2019-06-26,13093.8,9561.53,6940.95,1,11820.86,8953.33,1,1,1,1.0,HOLD
2019-06-27,11329.99,9697.57,7013.5,1,13093.8,9081.55,1,1,1,1.0,HOLD
2019-06-28,12400.63,9905.49,7102.54,1,13093.8,9081.55,1,1,1,1.0,HOLD
2019-06-29,11903.13,10059.16,7181.89,1,13093.8,9255.49,1,1,1,1.0,HOLD
2019-06-30,10854.1,10120.31,7242.59,1,13093.8,9517.12,1,1,1,1.0,HOLD
2019-07-01,10624.93,10159.13,7298.5,1,13093.8,10159.86,1,1,1,1.0,HOLD
2019-07-02,10842.85,10211.72,7357.08,1,13093.8,10624.93,1,1,1,1.0,HOLD
2019-07-03,11940.0,10344.66,7432.83,1,13093.8,10624.93,1,1,1,1.0,HOLD
2019-07-04,11145.67,10406.28,7494.2,1,13093.8,10624.93,1,1,1,1.0,HOLD
2019-07-05,10970.73,10449.7,7551.66,1,13093.8,10624.93,1,1,1,1.0,HOLD
2019-07-06,11256.49,10511.76,7612.9,1,13093.8,10624.93,1,1,1,1.0,HOLD
2019-07-07,11406.24,10580.57,7675.6,1,13093.8,10624.93,1,1,1,1.0,HOLD
2019-07-08,12238.6,10708.11,7751.02,1,13093.8,10624.93,1,1,1,1.0,HOLD
2019-07-09,12543.41,10849.28,7830.24,1,13093.8,10624.93,1,1,1,1.0,HOLD
2019-07-10,12108.37,10946.14,7900.95,1,13093.8,10624.93,1,1,1,1.0,HOLD
2019-07-11,11342.89,10976.66,7957.84,1,13093.8,10624.93,1,1,1,1.0,HOLD
2019-07-12,11757.22,11036.7,8020.64,1,13093.8,10842.85,1,1,1,1.0,HOLD
2019-07-13,11355.76,11061.24,8075.77,1,13093.8,10970.73,1,1,1,1.0,HOLD
2019-07-14,10174.18,10993.01,8110.45,1,13093.8,10970.73,1,1,-1,0.333333,SELL 0.6667
2019-07-15,10838.72,10981.14,8155.55,1,13093.8,10174.18,1,1,-1,0.333333,HOLD
2019-07-16,9439.59,10862.56,8176.77,1,13093.8,10174.18,1,1,-1,0.333333,HOLD
2019-07-17,9667.92,10770.66,8201.42,1,12543.41,9439.59,1,1,-1,0.333333,HOLD
2019-07-18,10627.16,10759.62,8241.51,1,12543.41,9439.59,1,1,-1,0.333333,HOLD
2019-07-19,10504.29,10739.98,8278.91,1,12543.41,9439.59,1,1,-1,0.333333,HOLD
2019-07-20,10740.23,10740.0,8319.6,1,12543.41,9439.59,1,1,-1,0.333333,HOLD
2019-07-21,10589.45,10728.42,8357.11,1,12543.41,9439.59,1,1,-1,0.333333,HOLD
2019-07-22,10340.31,10698.57,8389.89,1,12543.41,9439.59,1,1,-1,0.333333,HOLD
2019-07-23,9864.91,10634.44,8414.27,1,12543.41,9439.59,1,1,-1,0.333333,HOLD
2019-07-24,9763.28,10567.43,8436.57,1,12543.41,9439.59,1,1,-1,0.333333,HOLD
2019-07-25,9879.87,10514.54,8460.43,1,12543.41,9439.59,1,1,-1,0.333333,HOLD
2019-07-26,9824.0,10461.42,8482.97,1,12543.41,9439.59,1,1,-1,0.333333,HOLD
2019-07-27,9476.52,10385.66,8499.39,1,12543.41,9667.92,1,1,-1,0.333333,HOLD
2019-07-28,9541.54,10320.73,8516.61,1,12543.41,9476.52,1,1,-1,0.333333,HOLD
2019-07-29,9507.64,10258.18,8533.0,1,12543.41,9476.52,1,1,-1,0.333333,HOLD
2019-07-30,9574.21,10205.57,8550.21,1,12108.37,9476.52,1,1,-1,0.333333,HOLD
2019-07-31,10080.53,10195.95,8575.5,-1,11757.22,9476.52,1,-1,-1,0.0,SELL 0.3333
2019-08-01,10374.99,10209.72,8605.24,-1,11757.22,9476.52,1,-1,0,0.0,HOLD
2019-08-02,10523.75,10233.88,8636.95,-1,11355.76,9476.52,1,-1,0,0.0,HOLD
2019-08-03,10816.86,10278.72,8672.99,-1,10838.72,9476.52,1,-1,0,0.0,HOLD
2019-08-04,10929.23,10328.76,8710.28,-1,10838.72,9476.52,1,-1,1,0.333333,BUY 0.3333
2019-08-05,11828.8,10444.15,8761.83,-1,10929.23,9476.52,1,-1,1,0.333333,HOLD
2019-08-06,11481.69,10523.96,8806.78,1,11828.8,9476.52,1,1,1,1.0,BUY 0.6667
2019-08-07,11975.03,10635.58,8859.15,-1,11828.8,9507.64,1,-1,1,0.333333,SELL 0.6667
2019-08-08,11999.77,10740.52,8911.06,1,11975.03,9507.64,1,1,1,1.0,BUY 0.6667
2019-08-09,11879.99,10828.17,8960.13,1,11999.77,9574.21,1,1,1,1.0,HOLD
2019-08-10,11309.31,10865.18,8998.96,1,11999.77,10080.53,1,1,1,1.0,HOLD
2019-08-11,11549.97,10917.86,9041.13,1,11999.77,10374.99,1,1,1,1.0,HOLD
2019-08-12,11396.08,10954.64,9080.05,-1,11999.77,10523.75,1,-1,1,0.333333,SELL 0.6667
2019-08-13,10892.71,10949.88,9110.01,-1,11999.77,10816.86,1,-1,1,0.333333,HOLD
2019-08-14,10050.37,10880.69,9125.56,-1,11999.77,10892.71,1,-1,0,0.0,SELL 0.3333
2019-08-15,10293.93,10835.55,9144.87,-1,11999.77,10050.37,1,-1,0,0.0,HOLD
2019-08-16,10331.54,10796.78,9164.48,-1,11999.77,10050.37,1,-1,0,0.0,HOLD
2019-08-17,10216.02,10752.11,9181.86,-1,11999.77,10050.37,1,-1,0,0.0,HOLD
2019-08-18,10306.78,10717.85,9200.46,-1,11999.77,10050.37,1,-1,0,0.0,HOLD
2019-08-19,10915.54,10733.06,9228.81,-1,11999.77,10050.37,1,-1,0,0.0,HOLD
2019-08-20,10760.51,10735.17,9254.12,-1,11999.77,10050.37,1,-1,0,0.0,HOLD
2019-08-21,10142.57,10689.59,9268.81,-1,11999.77,10050.37,1,-1,0,0.0,HOLD
2019-08-22,10099.88,10644.22,9282.55,-1,11999.77,10050.37,1,-1,0,0.0,HOLD
2019-08-23,10389.55,10624.63,9300.84,1,11999.77,10050.37,1,1,0,0.666667,BUY 0.6667
2019-08-24,10134.35,10586.92,9314.62,-1,11999.77,10050.37,1,-1,0,0.0,SELL 0.6667
2019-08-25,10142.69,10552.75,9328.31,1,11999.77,10099.88,1,1,0,0.666667,BUY 0.6667
2019-08-26,10372.25,10538.86,9345.56,1,11999.77,10099.88,1,1,0,0.666667,HOLD
2019-08-27,10185.05,10511.65,9359.44,-1,11999.77,10099.88,1,-1,0,0.0,SELL 0.6667
2019-08-28,9721.0,10450.83,9365.41,-1,11999.77,10099.88,1,-1,-1,0.0,HOLD
2019-08-29,9498.44,10377.57,9367.61,-1,11879.99,9721.0,1,-1,-1,0.0,HOLD
2019-08-30,9584.54,10316.56,9371.2,-1,11549.97,9498.44,1,-1,-1,0.0,HOLD
2019-08-31,9587.47,10260.48,9374.77,-1,11549.97,9498.44,1,-1,-1,0.0,HOLD
2019-09-01,9724.98,10219.29,9380.56,-1,11396.08,9498.44,1,-1,-1,0.0,HOLD
2019-09-02,10340.0,10228.57,9396.42,1,10915.54,9498.44,1,1,-1,0.333333,BUY 0.3333
2019-09-03,10615.28,10258.32,9416.57,1,10915.54,9498.44,1,1,0,0.666667,BUY 0.3333
2019-09-04,10567.02,10282.07,9435.58,1,10915.54,9498.44,1,1,0,0.666667,HOLD
2019-09-05,10564.49,10303.79,9454.24,1,10915.54,9498.44,1,1,0,0.666667,HOLD
2019-09-06,10298.73,10303.4,9468.2,1,10915.54,9498.44,1,1,0,0.666667,HOLD
2019-09-07,10455.88,10315.13,9484.53,1,10915.54,9498.44,1,1,0,0.666667,HOLD
2019-09-08,10381.18,10320.21,9499.35,1,10915.54,9498.44,1,1,0,0.666667,HOLD
2019-09-09,10303.12,10318.9,9512.63,1,10760.51,9584.54,1,1,0,0.666667,HOLD
2019-09-10,10098.15,10301.92,9522.31,-1,10615.28,9587.47,1,-1,0,0.0,SELL 0.6667
2019-09-11,10158.33,10290.87,9532.82,-1,10615.28,9724.98,1,-1,0,0.0,HOLD
2019-09-12,10415.01,10300.42,9547.4,-1,10615.28,10098.15,1,-1,0,0.0,HOLD
2019-09-13,10342.06,10303.62,9560.54,-1,10615.28,10098.15,1,-1,0,0.0,HOLD
2019-09-14,10335.02,10306.04,9573.34,-1,10615.28,10098.15,1,-1,0,0.0,HOLD
2019-09-15,10302.01,10305.73,9585.39,-1,10615.28,10098.15,1,-1,0,0.0,HOLD
2019-09-16,10251.31,10301.54,9596.39,-1,10615.28,10098.15,1,-1,0,0.0,HOLD
2019-09-17,10187.82,10292.79,9606.17,-1,10615.28,10098.15,1,-1,0,0.0,HOLD
2019-09-18,10156.99,10282.35,9615.27,-1,10615.28,10098.15,1,-1,0,0.0,HOLD
2019-09-19,10244.29,10279.42,9625.67,-1,10615.28,10098.15,1,-1,0,0.0,HOLD
2019-09-20,10168.59,10270.9,9634.64,-1,10615.28,10098.15,1,-1,0,0.0,HOLD
2019-09-21,9986.39,10249.01,9640.46,-1,10615.28,10156.99,1,-1,0,0.0,HOLD
2019-09-22,10028.87,10232.08,9646.88,-1,10615.28,9986.39,1,-1,0,0.0,HOLD
2019-09-23,9702.25,10191.32,9647.79,-1,10615.28,9986.39,1,-1,-1,0.0,HOLD
2019-09-24,8493.14,10060.69,9628.71,-1,10567.02,9702.25,1,-1,-1,0.0,HOLD
2019-09-25,8430.05,9935.26,9608.89,-1,10564.49,8493.14,1,-1,-1,0.0,HOLD
2019-09-26,8063.73,9791.29,9583.35,-1,10455.88,8430.05,1,-1,-1,0.0,HOLD
2019-09-27,8177.91,9667.19,9560.12,-1,10455.88,8063.73,1,-1,-1,0.0,HOLD
2019-09-28,8198.81,9554.24,9537.62,-1,10415.01,8063.73,1,-1,-1,0.0,HOLD
2019-09-29,8043.82,9438.05,9512.93,-1,10415.01,8063.73,0,-1,-1,0.0,HOLD
2019-09-30,8289.34,9349.69,9492.71,-1,10415.01,8043.82,0,-1,-1,0.0,HOLD
2019-10-01,8292.44,9268.36,9472.87,-1,10415.01,8043.82,0,-1,-1,0.0,HOLD
2019-10-02,8359.94,9198.48,9454.47,-1,10415.01,8043.82,0,-1,-1,0.0,HOLD
2019-10-03,8223.96,9123.52,9434.13,-1,10342.06,8043.82,0,-1,-1,0.0,HOLD
2019-10-04,8137.13,9047.64,9412.7,-1,10335.02,8043.82,0,-1,-1,0.0,HOLD
2019-10-05,8126.19,8976.76,9391.43,-1,10302.01,8043.82,0,-1,-1,0.0,HOLD
2019-10-06,7854.25,8890.41,9366.02,-1,10251.31,8043.82,0,-1,-1,0.0,HOLD
2019-10-07,8190.09,8836.54,9346.59,-1,10244.29,7854.25,0,-1,-1,0.0,HOLD
2019-10-08,8168.39,8785.15,9327.11,-1,10244.29,7854.25,0,-1,-1,0.0,HOLD
2019-10-09,8560.74,8767.88,9314.44,-1,10244.29,7854.25,0,-1,0,0.0,HOLD
2019-10-10,8558.03,8751.74,9301.94,-1,10168.59,7854.25,0,-1,0,0.0,HOLD
2019-10-11,8258.5,8713.8,9284.7,-1,10028.87,7854.25,0,-1,0,0.0,HOLD
2019-10-12,8300.09,8681.98,9268.42,-1,10028.87,7854.25,0,-1,0,0.0,HOLD
2019-10-13,8275.01,8650.67,9252.0,-1,9702.25,7854.25,0,-1,0,0.0,HOLD
2019-10-14,8348.2,8627.4,9237.06,-1,8560.74,7854.25,0,-1,0,0.0,HOLD
2019-10-15,8159.29,8591.4,9219.25,-1,8560.74,7854.25,0,-1,0,0.0,HOLD
2019-10-16,7991.74,8545.27,9198.96,-1,8560.74,7854.25,0,-1,0,0.0,HOLD
2019-10-17,8070.58,8508.75,9180.31,-1,8560.74,7991.74,0,-1,0,0.0,HOLD
2019-10-18,7947.01,8465.54,9159.92,-1,8560.74,7991.74,0,-1,0,0.0,HOLD
2019-10-19,7948.01,8425.73,9139.89,-1,8560.74,7947.01,0,-1,0,0.0,HOLD
2019-10-20,8223.35,8410.16,9124.74,-1,8560.74,7947.01,0,-1,0,0.0,HOLD
2019-10-21,8197.27,8393.79,9109.41,-1,8560.74,7947.01,0,-1,0,0.0,HOLD
2019-10-22,8020.0,8365.04,9091.4,-1,8560.74,7947.01,0,-1,0,0.0,HOLD
2019-10-23,7466.62,8295.93,9064.55,-1,8560.74,7947.01,0,-1,-1,0.0,HOLD
2019-10-24,7412.41,8227.96,9037.24,-1,8560.74,7466.62,0,-1,-1,0.0,HOLD
2019-10-25,8655.02,8260.81,9030.92,-1,8560.74,7412.41,0,-1,1,0.0,HOLD
2019-10-26,9230.0,8335.37,9034.21,-1,8655.02,7412.41,0,-1,1,0.0,HOLD
2019-10-27,9529.93,8427.26,9042.41,-1,9230.0,7412.41,0,-1,1,0.0,HOLD
2019-10-28,9205.14,8487.09,9045.1,-1,9529.93,7412.41,0,-1,1,0.0,HOLD
2019-10-29,9407.62,8557.9,9051.09,-1,9529.93,7412.41,0,-1,1,0.0,HOLD
2019-10-30,9154.72,8603.81,9052.8,-1,9529.93,7412.41,0,-1,1,0.0,HOLD
2019-10-31,9140.85,8645.12,9054.26,-1,9529.93,7412.41,0,-1,1,0.0,HOLD
2019-11-01,9231.61,8690.24,9057.19,-1,9529.93,7412.41,0,-1,1,0.0,HOLD
2019-11-02,9289.52,8736.34,9061.03,-1,9529.93,7412.41,0,-1,1,0.0,HOLD
2019-11-03,9194.71,8771.6,9063.24,1,9529.93,7412.41,0,1,1,0.666667,BUY 0.6667
2019-11-04,9393.35,8819.42,9068.69,1,9529.93,8655.02,0,1,1,0.666667,HOLD
2019-11-05,9308.66,8857.06,9072.66,1,9529.93,9140.85,0,1,1,0.666667,HOLD
2019-11-06,9339.05,8894.13,9077.06,1,9529.93,9140.85,0,1,1,0.666667,HOLD
2019-11-07,9216.2,8918.91,9079.36,1,9529.93,9140.85,0,1,1,0.666667,HOLD
2019-11-08,8773.73,8907.74,9074.31,1,9529.93,9140.85,0,1,0,0.333333,SELL 0.3333
2019-11-09,8809.41,8900.18,9069.93,1,9529.93,8773.73,0,1,0,0.333333,HOLD
2019-11-10,9039.47,8910.89,9069.43,1,9529.93,8773.73,0,1,0,0.333333,HOLD
2019-11-11,8733.27,8897.23,9063.87,1,9529.93,8773.73,0,1,0,0.333333,HOLD
2019-11-12,8821.94,8891.44,9059.87,1,9529.93,8733.27,0,1,0,0.333333,HOLD
2019-11-13,8777.12,8882.64,9055.2,1,9529.93,8733.27,0,1,0,0.333333,HOLD
2019-11-14,8646.68,8864.49,9048.45,1,9529.93,8733.27,0,1,-1,0.0,SELL 0.3333
2019-11-15,8471.73,8834.28,9038.92,1,9529.93,8646.68,0,1,-1,0.0,HOLD
2019-11-16,8491.02,8807.87,9029.86,1,9529.93,8471.73,0,1,-1,0.0,HOLD
2019-11-17,8502.4,8784.38,9021.14,1,9407.62,8471.73,0,1,-1,0.0,HOLD
2019-11-18,8187.17,8738.44,9007.36,-1,9407.62,8471.73,0,-1,-1,0.0,HOLD
2019-11-19,8133.64,8691.91,8992.92,-1,9393.35,8187.17,0,-1,-1,0.0,HOLD
2019-11-20,8098.01,8646.23,8978.12,-1,9393.35,8133.64,0,-1,-1,0.0,HOLD
2019-11-21,7627.74,8567.88,8955.8,-1,9393.35,8098.01,0,-1,-1,0.0,HOLD
2019-11-22,7268.23,8467.91,8927.91,-1,9393.35,7627.74,0,-1,-1,0.0,HOLD
2019-11-23,7311.57,8378.96,8901.19,-1,9393.35,7268.23,0,-1,-1,0.0,HOLD
2019-11-24,6903.28,8265.45,8868.17,-1,9393.35,7268.23,0,-1,-1,0.0,HOLD
2019-11-25,7109.57,8176.53,8839.1,-1,9339.05,6903.28,0,-1,-1,0.0,HOLD
2019-11-26,7156.14,8098.04,8811.28,-1,9339.05,6903.28,0,-1,-1,0.0,HOLD
2019-11-27,7508.52,8052.69,8789.75,-1,9216.2,6903.28,0,-1,-1,0.0,HOLD
2019-11-28,7419.49,8003.99,8767.1,-1,9039.47,6903.28,0,-1,-1,0.0,HOLD
2019-11-29,7739.68,7983.66,8750.12,-1,9039.47,6903.28,0,-1,-1,0.0,HOLD
2019-11-30,7541.89,7949.67,8730.15,-1,9039.47,6903.28,0,-1,-1,0.0,HOLD
2019-12-01,7390.89,7906.69,8708.01,-1,8821.94,6903.28,0,-1,-1,0.0,HOLD
2019-12-02,7294.28,7859.58,8684.65,-1,8821.94,6903.28,0,-1,-1,0.0,HOLD
2019-12-03,7292.71,7815.98,8661.64,-1,8777.12,6903.28,0,-1,-1,0.0,HOLD
2019-12-04,7194.32,7768.16,8637.38,-1,8646.68,6903.28,0,-1,-1,0.0,HOLD
2019-12-05,7389.0,7738.99,8616.75,-1,8502.4,7109.57,0,-1,-1,0.0,HOLD
2019-12-06,7527.47,7722.72,8598.75,-1,8502.4,7156.14,0,-1,-1,0.0,HOLD
2019-12-07,7488.21,7704.68,8580.39,-1,8502.4,7194.32,0,-1,-1,0.0,HOLD
2019-12-08,7510.11,7689.71,8562.7,-1,8187.17,7194.32,0,-1,-1,0.0,HOLD
2019-12-09,7338.64,7662.71,8542.47,-1,8133.64,7194.32,0,-1,-1,0.0,HOLD
2019-12-10,7224.13,7628.97,8520.68,-1,8098.01,7194.32,0,-1,-1,0.0,HOLD
2019-12-11,7210.0,7596.74,8499.01,-1,7739.68,7194.32,0,-1,-1,0.0,HOLD
2019-12-12,7198.08,7566.08,8477.51,-1,7739.68,7194.32,0,-1,-1,0.0,HOLD
2019-12-13,7258.48,7542.41,8457.36,-1,7739.68,7194.32,0,-1,-1,0.0,HOLD
2019-12-14,7064.05,7505.62,8434.33,-1,7739.68,7194.32,0,-1,-1,0.0,HOLD
2019-12-15,7118.59,7475.85,8412.58,-1,7739.68,7064.05,0,-1,-1,0.0,HOLD
2019-12-16,6891.72,7430.91,8387.44,-1,7739.68,7064.05,0,-1,-1,0.0,HOLD
2019-12-17,6623.82,7368.83,8358.29,-1,7739.68,6891.72,0,-1,-1,0.0,HOLD
2019-12-18,7277.83,7361.83,8340.43,-1,7739.68,6623.82,0,-1,-1,0.0,HOLD
2019-12-19,7150.3,7345.56,8320.76,-1,7739.68,6623.82,0,-1,-1,0.0,HOLD
2019-12-20,7187.83,7333.42,8302.04,-1,7541.89,6623.82,0,-1,-1,0.0,HOLD
2019-12-21,7132.75,7317.99,8282.71,-1,7527.47,6623.82,0,-1,-1,0.0,HOLD
2019-12-22,7501.44,7332.1,8269.8,-1,7527.47,6623.82,0,-1,0,0.0,HOLD
2019-12-23,7317.09,7330.95,8254.05,-1,7527.47,6623.82,0,-1,0,0.0,HOLD
2019-12-24,7255.77,7325.16,8237.55,-1,7527.47,6623.82,0,-1,0,0.0,HOLD
2019-12-25,7204.63,7315.89,8220.48,-1,7527.47,6623.82,0,-1,0,0.0,HOLD
2019-12-26,7202.0,7307.13,8203.64,-1,7527.47,6623.82,0,-1,0,0.0,HOLD
2019-12-27,7254.74,7303.1,8187.96,-1,7510.11,6623.82,0,-1,0,0.0,HOLD
2019-12-28,7316.14,7304.1,8173.55,-1,7510.11,7132.75,0,-1,0,0.0,HOLD
2019-12-29,7388.24,7310.58,8160.57,-1,7501.44,7132.75,0,-1,0,0.0,HOLD
2019-12-30,7246.0,7305.61,8145.45,-1,7501.44,7132.75,0,-1,0,0.0,HOLD
2019-12-31,7195.23,7297.12,8129.74,-1,7501.44,7132.75,0,-1,0,0.0,HOLD
2020-01-01,7200.85,7289.71,8114.39,-1,7501.44,7195.23,0,-1,0,0.0,HOLD
2020-01-02,6965.71,7264.79,8095.4,-1,7501.44,7195.23,0,-1,0,0.0,HOLD
2020-01-03,7344.96,7270.96,8083.0,1,7501.44,6965.71,0,1,0,0.333333,BUY 0.3333
2020-01-04,7354.11,7277.35,8070.95,1,7501.44,6965.71,0,1,0,0.333333,HOLD
2020-01-05,7358.75,7283.61,8059.18,1,7501.44,6965.71,0,1,0,0.333333,HOLD
2020-01-06,7758.0,7320.1,8054.2,1,7501.44,6965.71,0,1,1,0.666667,BUY 0.3333
2020-01-07,8145.28,7383.58,8055.71,1,7758.0,6965.71,0,1,1,0.666667,HOLD
2020-01-08,8055.98,7435.3,8055.71,1,8145.28,6965.71,0,1,1,0.666667,HOLD
2020-01-09,7817.76,7464.72,8051.78,1,8145.28,6965.71,0,1,1,0.666667,HOLD
2020-01-10,8197.02,7521.05,8054.18,1,8145.28,6965.71,0,1,1,0.666667,HOLD
2020-01-11,8020.01,7559.43,8053.61,1,8197.02,6965.71,0,1,1,0.666667,HOLD
2020-01-12,8184.98,7607.55,8055.79,1,8197.02,6965.71,0,1,1,0.666667,HOLD
2020-01-13,8110.34,7646.23,8056.69,1,8197.02,7344.96,0,1,1,0.666667,HOLD
2020-01-14,8810.01,7735.75,8069.14,1,8197.02,7354.11,0,1,1,0.666667,HOLD
2020-01-15,8821.41,7819.26,8081.57,1,8810.01,7358.75,0,1,1,0.666667,HOLD
2020-01-16,8720.01,7888.55,8092.13,1,8821.41,7758.0,0,1,1,0.666667,HOLD
2020-01-17,8913.28,7967.38,8105.7,1,8821.41,7817.76,0,1,1,0.666667,HOLD
2020-01-18,8915.96,8040.34,8119.09,1,8913.28,7817.76,0,1,1,0.666667,HOLD
2020-01-19,8701.7,8091.22,8128.72,1,8915.96,7817.76,0,1,1,0.666667,HOLD
2020-01-20,8642.35,8133.61,8137.21,1,8915.96,8020.01,0,1,1,0.666667,HOLD
2020-01-21,8736.03,8179.95,8147.11,1,8915.96,8020.01,1,1,1,1.0,BUY 0.3333
2020-01-22,8682.36,8218.6,8155.96,1,8915.96,8110.34,1,1,1,1.0,HOLD
2020-01-23,8404.52,8232.9,8160.06,1,8915.96,8110.34,1,1,1,1.0,HOLD
2020-01-24,8439.0,8248.75,8164.67,1,8915.96,8404.52,1,1,1,1.0,HOLD
2020-01-25,8340.58,8255.82,8167.58,1,8915.96,8404.52,1,1,0,0.666667,SELL 0.3333
2020-01-26,8615.0,8283.45,8174.98,1,8915.96,8340.58,1,1,0,0.666667,HOLD
2020-01-27,8907.57,8331.46,8187.09,1,8915.96,8340.58,1,1,0,0.666667,HOLD
2020-01-28,9374.21,8411.67,8206.71,1,8915.96,8340.58,1,1,1,1.0,BUY 0.3333
2020-01-29,9301.53,8480.12,8224.8,1,9374.21,8340.58,1,1,1,1.0,HOLD
2020-01-30,9513.21,8559.59,8246.1,1,9374.21,8340.58,1,1,1,1.0,HOLD
2020-01-31,9352.89,8620.61,8264.39,1,9513.21,8340.58,1,1,1,1.0,HOLD
2020-02-01,9384.61,8679.38,8282.91,1,9513.21,8340.58,1,1,1,1.0,HOLD
2020-02-02,9331.51,8729.54,8300.24,1,9513.21,8340.58,1,1,1,1.0,HOLD
2020-02-03,9292.24,8772.83,8316.64,1,9513.21,8340.58,1,1,1,1.0,HOLD
2020-02-04,9197.02,8805.46,8331.19,1,9513.21,8340.58,1,1,1,1.0,HOLD
2020-02-05,9612.04,8867.5,8352.36,1,9513.21,8615.0,1,1,1,1.0,HOLD
2020-02-06,9772.0,8937.08,8375.83,1,9612.04,8907.57,1,1,1,1.0,HOLD
2020-02-07,9813.73,9004.51,8399.59,1,9772.0,9197.02,1,1,1,1.0,HOLD
2020-02-08,9895.05,9073.02,8424.31,1,9813.73,9197.02,1,1,1,1.0,HOLD
2020-02-09,10151.75,9156.0,8452.87,1,9895.05,9197.02,1,1,1,1.0,HOLD
2020-02-10,9851.83,9209.52,8475.99,1,10151.75,9197.02,1,1,1,1.0,HOLD
2020-02-11,10223.08,9287.49,8504.87,1,10151.75,9197.02,1,1,1,1.0,HOLD
2020-02-12,10326.46,9367.41,8534.98,1,10223.08,9197.02,1,1,1,1.0,HOLD
2020-02-13,10229.63,9433.73,8562.99,1,10326.46,9197.02,1,1,1,1.0,HOLD
2020-02-14,10344.36,9503.78,8592.43,1,10326.46,9197.02,1,1,1,1.0,HOLD
2020-02-15,9904.72,9534.62,8614.12,1,10344.36,9612.04,1,1,1,1.0,HOLD
2020-02-16,9917.27,9564.06,8635.66,1,10344.36,9772.0,1,1,1,1.0,HOLD
2020-02-17,9706.0,9574.98,8653.35,1,10344.36,9813.73,1,1,0,0.666667,SELL 0.3333
2020-02-18,10164.71,9620.34,8678.33,1,10344.36,9706.0,1,1,0,0.666667,HOLD
2020-02-19,9593.79,9618.3,8693.46,1,10344.36,9706.0,1,1,0,0.666667,HOLD
2020-02-20,9596.42,9616.62,8708.39,1,10344.36,9593.79,1,1,0,0.666667,HOLD
2020-02-21,9677.05,9621.26,8724.4,1,10344.36,9593.79,1,1,0,0.666667,HOLD
2020-02-22,9650.86,9623.54,8739.71,1,10344.36,9593.79,1,1,0,0.666667,HOLD
2020-02-23,9936.4,9647.61,8759.49,1,10344.36,9593.79,1,1,0,0.666667,HOLD
2020-02-24,9656.13,9648.26,8774.31,1,10344.36,9593.79,1,1,0,0.666667,HOLD
2020-02-25,9315.84,9622.69,8783.27,1,10344.36,9593.79,1,1,-1,0.333333,SELL 0.3333
2020-02-26,8785.25,9558.27,8783.3,-1,10344.36,9315.84,1,-1,-1,0.0,SELL 0.3333
2020-02-27,8823.21,9501.73,8783.96,-1,10344.36,8785.25,1,-1,-1,0.0,HOLD
2020-02-28,8692.91,9439.51,8782.45,-1,10344.36,8785.25,1,-1,-1,0.0,HOLD
2020-02-29,8523.61,9369.06,8778.17,-1,10344.36,8692.91,1,-1,-1,0.0,HOLD
2020-03-01,8531.88,9304.66,8774.1,-1,10344.36,8523.61,1,-1,-1,0.0,HOLD
2020-03-02,8915.24,9274.7,8776.44,1,10344.36,8523.61,1,1,-1,0.333333,BUY 0.3333
2020-03-03,8760.07,9235.12,8776.17,1,10344.36,8523.61,1,1,-1,0.333333,HOLD
2020-03-04,8750.87,9197.87,8775.75,1,10344.36,8523.61,1,1,-1,0.333333,HOLD
2020-03-05,9054.68,9186.85,8780.36,1,10344.36,8523.61,1,1,-1,0.333333,HOLD
2020-03-06,9131.88,9182.62,8786.17,1,10164.71,8523.61,1,1,-1,0.333333,HOLD
2020-03-07,8886.66,9159.86,8787.83,-1,10164.71,8523.61,1,-1,-1,0.0,SELL 0.3333
2020-03-08,8033.31,9073.2,8775.36,-1,10164.71,8523.61,1,-1,-1,0.0,HOLD
2020-03-09,7929.87,8985.25,8761.38,-1,10164.71,8033.31,1,-1,-1,0.0,HOLD
2020-03-10,7894.56,8901.35,8747.06,-1,9936.4,7929.87,1,-1,-1,0.0,HOLD
2020-03-11,7934.52,8826.98,8733.63,-1,9936.4,7894.56,1,-1,-1,0.0,HOLD
2020-03-12,4800.0,8517.21,8668.61,-1,9936.4,7894.56,0,-1,-1,0.0,HOLD
2020-03-13,5578.6,8291.17,8617.53,-1,9936.4,4800.0,0,-1,-1,0.0,HOLD
2020-03-14,5172.06,8051.23,8560.58,-1,9936.4,4800.0,0,-1,-1,0.0,HOLD
2020-03-15,5361.3,7844.32,8507.7,-1,9656.13,4800.0,0,-1,-1,0.0,HOLD
2020-03-16,5028.97,7627.75,8450.2,-1,9315.84,4800.0,0,-1,-1,0.0,HOLD
2020-03-17,5312.64,7449.67,8398.34,-1,9131.88,4800.0,0,-1,-1,0.0,HOLD
2020-03-18,5393.04,7291.46,8348.67,-1,9131.88,4800.0,0,-1,-1,0.0,HOLD
2020-03-19,6162.37,7204.61,8312.53,-1,9131.88,4800.0,0,-1,-1,0.0,HOLD
2020-03-20,6208.36,7127.98,8277.75,-1,9131.88,4800.0,0,-1,-1,0.0,HOLD
2020-03-21,6186.98,7055.59,8243.19,-1,9131.88,4800.0,0,-1,-1,0.0,HOLD
2020-03-22,5816.19,6960.25,8203.08,-1,9131.88,4800.0,0,-1,-1,0.0,HOLD
2020-03-23,6467.31,6922.33,8174.39,-1,9131.88,5028.97,0,-1,0,0.0,HOLD
2020-03-24,6744.72,6908.67,8150.75,-1,9131.88,5028.97,0,-1,0,0.0,HOLD
2020-03-25,6677.43,6890.88,8126.4,-1,9131.88,5028.97,0,-1,0,0.0,HOLD
2020-03-26,6737.36,6879.07,8103.44,-1,9131.88,5028.97,0,-1,0,0.0,HOLD
2020-03-27,6359.11,6839.08,8074.61,-1,8886.66,5312.64,0,-1,0,0.0,HOLD
2020-03-28,6236.65,6792.74,8044.23,-1,8033.31,5393.04,0,-1,0,0.0,HOLD
2020-03-29,5881.42,6722.64,8008.48,-1,7934.52,5816.19,0,-1,0,0.0,HOLD
2020-03-30,6394.38,6697.38,7981.8,-1,7934.52,5816.19,0,-1,0,0.0,HOLD
2020-03-31,6410.44,6675.31,7955.83,-1,7934.52,5816.19,0,-1,0,0.0,HOLD
2020-04-01,6642.92,6672.82,7934.13,-1,6744.72,5816.19,0,-1,0,0.0,HOLD
2020-04-02,6794.09,6682.15,7915.29,-1,6744.72,5881.42,0,-1,1,0.0,HOLD
2020-04-03,6734.1,6686.15,7895.76,-1,6794.09,5881.42,0,-1,1,0.0,HOLD
2020-04-04,6856.99,6699.29,7878.59,-1,6794.09,5881.42,0,-1,1,0.0,HOLD
2020-04-05,6772.78,6704.94,7860.31,-1,6856.99,5881.42,0,-1,1,0.0,HOLD
2020-04-06,7329.9,6753.01,7851.55,-1,6856.99,5881.42,0,-1,1,0.0,HOLD
2020-04-07,7197.32,6787.19,7840.73,-1,7329.9,5881.42,0,-1,1,0.0,HOLD
2020-04-08,7361.28,6831.35,7832.81,-1,7329.9,5881.42,0,-1,1,0.0,HOLD
2020-04-09,7283.54,6866.14,7823.73,-1,7361.28,6394.38,0,-1,1,0.0,HOLD
2020-04-10,6858.92,6865.58,7807.78,-1,7361.28,6410.44,0,-1,1,0.0,HOLD
2020-04-11,6876.83,6866.45,7792.39,-1,7361.28,6642.92,0,-1,1,0.0,HOLD
2020-04-12,6903.79,6869.32,7777.71,-1,7361.28,6734.1,0,-1,1,0.0,HOLD
2020-04-13,6837.91,6866.9,7762.17,-1,7361.28,6734.1,0,-1,1,0.0,HOLD
2020-04-14,6868.7,6867.04,7747.41,-1,7361.28,6772.78,0,-1,1,0.0,HOLD
2020-04-15,6621.24,6848.13,7728.79,-1,7361.28,6772.78,0,-1,0,0.0,HOLD
2020-04-16,7101.94,6867.66,7718.43,-1,7361.28,6621.24,0,-1,0,0.0,HOLD
2020-04-17,7027.55,6879.96,7707.01,-1,7361.28,6621.24,0,-1,0,0.0,HOLD
2020-04-18,7248.6,6908.31,7699.43,-1,7361.28,6621.24,0,-1,0,0.0,HOLD
2020-04-19,7120.74,6924.65,7689.87,-1,7361.28,6621.24,0,-1,0,0.0,HOLD
2020-04-20,6826.83,6917.13,7675.6,-1,7361.28,6621.24,0,-1,0,0.0,HOLD
2020-04-21,6841.37,6911.3,7661.81,1,7361.28,6621.24,0,1,0,0.333333,BUY 0.3333
2020-04-22,7125.14,6927.75,7652.94,1,7361.28,6621.24,0,1,0,0.333333,HOLD
2020-04-23,7482.39,6970.42,7650.12,1,7361.28,6621.24,0,1,1,0.666667,BUY 0.3333
2020-04-24,7505.0,7011.54,7647.73,1,7482.39,6621.24,0,1,1,0.666667,HOLD
2020-04-25,7538.67,7052.09,7645.92,1,7505.0,6621.24,0,1,1,0.666667,HOLD
2020-04-26,7693.1,7101.39,7646.7,1,7538.67,6826.83,0,1,1,0.666667,HOLD
2020-04-27,7774.62,7153.18,7648.82,1,7693.1,6826.83,0,1,1,0.666667,HOLD
2020-04-28,7738.98,7198.24,7650.31,1,7774.62,6826.83,0,1,1,0.666667,HOLD
2020-04-29,8778.57,7319.81,7668.96,1,7774.62,6826.83,0,1,1,0.666667,HOLD
2020-04-30,8620.0,7419.82,7684.68,1,8778.57,6826.83,0,1,1,0.666667,HOLD
2020-05-01,8826.96,7528.06,7703.56,1,8778.57,6841.37,0,1,1,0.666667,HOLD
2020-05-02,8972.05,7639.14,7724.52,1,8826.96,7125.14,0,1,1,0.666667,HOLD
2020-05-03,8894.16,7735.68,7743.86,1,8972.05,7482.39,0,1,1,0.666667,HOLD
2020-05-04,8871.96,7823.08,7762.5,1,8972.05,7505.0,1,1,1,1.0,BUY 0.3333
2020-05-05,9021.83,7915.3,7783.32,1,8972.05,7538.67,1,1,1,1.0,HOLD
2020-05-06,9142.92,8009.73,7805.79,1,9021.83,7693.1,1,1,1,1.0,HOLD
2020-05-07,9986.4,8161.78,7841.83,1,9142.92,7738.98,1,1,1,1.0,HOLD
2020-05-08,9800.01,8287.8,7874.2,1,9986.4,7738.98,1,1,1,1.0,HOLD
2020-05-09,9539.4,8384.08,7901.72,1,9986.4,8620.0,1,1,1,1.0,HOLD
2020-05-10,8722.77,8410.13,7915.3,1,9986.4,8620.0,1,1,1,1.0,HOLD
2020-05-11,8561.52,8421.77,7925.98,1,9986.4,8722.77,1,1,0,0.666667,SELL 0.3333
2020-05-12,8810.79,8451.7,7940.6,1,9986.4,8561.52,1,1,0,0.666667,HOLD
2020-05-13,9309.37,8517.67,7963.23,1,9986.4,8561.52,1,1,0,0.666667,HOLD
2020-05-14,9791.98,8615.7,7993.45,1,9986.4,8561.52,1,1,0,0.666667,HOLD
2020-05-15,9316.42,8669.6,8015.32,1,9986.4,8561.52,1,1,0,0.666667,HOLD
2020-05-16,9381.27,8724.34,8037.9,1,9986.4,8561.52,1,1,0,0.666667,HOLD
2020-05-17,9680.04,8797.86,8065.04,1,9986.4,8561.52,1,1,0,0.666667,HOLD
2020-05-18,9733.93,8869.86,8092.63,1,9986.4,8561.52,1,1,0,0.666667,HOLD
2020-05-19,9775.53,8939.53,8120.44,1,9986.4,8561.52,1,1,0,0.666667,HOLD
2020-05-20,9511.43,8983.52,8143.43,1,9986.4,8561.52,1,1,0,0.666667,HOLD
2020-05-21,9068.65,8990.07,8158.73,1,9986.4,8561.52,1,1,0,0.666667,HOLD
2020-05-22,9170.0,9003.91,8175.44,1,9986.4,8810.79,1,1,0,0.666667,HOLD
2020-05-23,9179.15,9017.39,8192.03,1,9986.4,9068.65,1,1,0,0.666667,HOLD
2020-05-24,8720.34,8994.54,8200.76,1,9986.4,9068.65,1,1,0,0.666667,HOLD
2020-05-25,8900.35,8987.3,8212.33,1,9986.4,8720.34,1,1,0,0.666667,HOLD
2020-05-26,8841.18,8976.06,8222.72,1,9986.4,8720.34,1,1,0,0.666667,HOLD
2020-05-27,9204.07,8993.6,8238.94,1,9986.4,8720.34,1,1,0,0.666667,HOLD
2020-05-28,9575.89,9038.39,8261.04,1,9800.01,8720.34,1,1,0,0.666667,HOLD
2020-05-29,9427.07,9068.29,8280.31,1,9791.98,8720.34,1,1,0,0.666667,HOLD
2020-05-30,9697.72,9116.7,8303.74,1,9791.98,8720.34,1,1,0,0.666667,HOLD
2020-05-31,9448.27,9142.21,8322.66,1,9791.98,8720.34,1,1,0,0.666667,HOLD
2020-06-01,10200.77,9223.64,8353.7,1,9791.98,8720.34,1,1,1,1.0,BUY 0.3333
2020-06-02,9518.04,9246.28,8372.95,1,10200.77,8720.34,1,1,1,1.0,HOLD
2020-06-03,9666.24,9278.59,8394.33,1,10200.77,8720.34,1,1,1,1.0,HOLD
2020-06-04,9789.06,9317.85,8417.38,1,10200.77,8841.18,1,1,1,1.0,HOLD
2020-06-05,9621.16,9341.19,8437.28,1,10200.77,8841.18,1,1,1,1.0,HOLD
2020-06-06,9666.3,9366.19,8457.59,1,10200.77,9204.07,1,1,1,1.0,HOLD
2020-06-07,9746.99,9395.49,8478.9,1,10200.77,9427.07,1,1,1,1.0,HOLD
2020-06-08,9782.01,9425.22,8500.44,1,10200.77,9427.07,1,1,1,1.0,HOLD
2020-06-09,9772.43,9451.93,8521.47,1,10200.77,9448.27,1,1,1,1.0,HOLD
2020-06-10,9885.0,9485.24,8544.0,1,10200.77,9448.27,1,1,1,1.0,HOLD
2020-06-11,9280.4,9469.48,8556.18,1,10200.77,9518.04,1,1,0,0.666667,SELL 0.3333
2020-06-12,9465.13,9469.15,8571.2,1,10200.77,9280.4,1,1,0,0.666667,HOLD
2020-06-13,9473.34,9469.47,8586.11,1,10200.77,9280.4,1,1,0,0.666667,HOLD
2020-06-14,9342.1,9459.67,8598.61,1,10200.77,9280.4,1,1,0,0.666667,HOLD
2020-06-15,9426.02,9457.08,8612.28,1,10200.77,9280.4,1,1,0,0.666667,HOLD
2020-06-16,9525.59,9462.35,8627.38,-1,10200.77,9280.4,1,-1,0,0.0,SELL 0.6667
2020-06-17,9465.14,9462.57,8641.23,-1,10200.77,9280.4,1,-1,0,0.0,HOLD
2020-06-18,9386.32,9456.7,8653.54,-1,10200.77,9280.4,1,-1,0,0.0,HOLD
2020-06-19,9310.23,9445.44,8664.4,1,10200.77,9280.4,1,1,0,0.666667,BUY 0.6667
2020-06-20,9358.95,9438.78,8675.88,1,10200.77,9280.4,1,1,0,0.666667,HOLD
2020-06-21,9294.69,9427.7,8686.11,1,10200.77,9280.4,1,1,0,0.666667,HOLD
2020-06-22,9685.69,9447.54,8702.63,1,9885.0,9294.69,1,1,0,0.666667,HOLD
2020-06-23,9624.89,9461.19,8717.87,-1,9885.0,9294.69,1,-1,0,0.0,SELL 0.6667
2020-06-24,9296.49,9448.52,8727.44,-1,9885.0,9294.69,1,-1,0,0.0,HOLD
2020-06-25,9249.49,9433.21,8736.06,-1,9885.0,9294.69,1,-1,-1,0.0,HOLD
2020-06-26,9162.21,9412.36,8743.11,-1,9885.0,9249.49,1,-1,-1,0.0,HOLD
2020-06-27,9012.0,9381.56,8747.55,-1,9885.0,9162.21,1,-1,-1,0.0,HOLD
2020-06-28,9116.35,9361.16,8753.65,-1,9885.0,9012.0,1,-1,-1,0.0,HOLD
2020-06-29,9192.56,9348.19,8760.9,-1,9885.0,9012.0,1,-1,-1,0.0,HOLD
2020-06-30,9138.55,9332.07,8767.15,1,9885.0,9012.0,1,1,-1,0.333333,BUY 0.3333
2020-07-01,9232.0,9324.37,8774.83,1,9685.69,9012.0,1,1,-1,0.333333,HOLD
2020-07-02,9086.54,9306.08,8779.98,-1,9685.69,9012.0,1,-1,-1,0.0,SELL 0.3333
2020-07-03,9058.26,9287.01,8784.58,1,9685.69,9012.0,1,1,-1,0.333333,BUY 0.3333
2020-07-04,9135.46,9275.35,8790.38,1,9685.69,9012.0,1,1,-1,0.333333,HOLD
2020-07-05,9069.41,9259.51,8794.99,1,9685.69,9012.0,1,1,-1,0.333333,HOLD
2020-07-06,9344.2,9266.03,8804.07,1,9685.69,9012.0,1,1,0,0.666667,BUY 0.3333
2020-07-07,9257.39,9265.36,8811.56,-1,9685.69,9012.0,1,-1,0,0.0,SELL 0.6667
2020-07-08,9436.06,9278.49,8821.89,1,9685.69,9058.26,1,1,0,0.666667,BUY 0.6667
2020-07-09,9232.43,9274.95,8828.67,-1,9685.69,9058.26,1,-1,0,0.0,SELL 0.6667
2020-07-10,9288.34,9275.98,8836.27,-1,9685.69,9058.26,1,-1,0,0.0,HOLD
2020-07-11,9234.03,9272.75,8842.84,-1,9685.69,9058.26,1,-1,0,0.0,HOLD
2020-07-12,9302.75,9275.06,8850.45,-1,9685.69,9058.26,1,-1,0,0.0,HOLD
2020-07-13,9242.62,9272.57,8856.93,-1,9624.89,9058.26,1,-1,0,0.0,HOLD
2020-07-14,9255.85,9271.28,8863.52,-1,9436.06,9069.41,1,-1,0,0.0,HOLD
2020-07-15,9197.6,9265.61,8869.04,-1,9436.06,9069.41,1,-1,0,0.0,HOLD
2020-07-16,9133.72,9255.47,8873.42,-1,9436.06,9197.6,1,-1,0,0.0,HOLD
2020-07-17,9154.32,9247.69,8878.06,-1,9436.06,9133.72,1,-1,0,0.0,HOLD
2020-07-18,9170.28,9241.73,8882.89,-1,9436.06,9133.72,1,-1,0,0.0,HOLD
2020-07-19,9208.99,9239.21,8888.28,-1,9436.06,9133.72,1,-1,0,0.0,HOLD
2020-07-20,9160.78,9233.18,8892.79,-1,9436.06,9133.72,1,-1,0,0.0,HOLD
2020-07-21,9390.0,9245.24,8901.0,1,9436.06,9133.72,1,1,0,0.666667,BUY 0.6667
2020-07-22,9518.16,9266.24,8911.2,1,9436.06,9133.72,1,1,1,1.0,BUY 0.3333
2020-07-23,9603.27,9292.16,8922.64,1,9518.16,9133.72,1,1,1,1.0,HOLD
2020-07-24,9537.8,9311.06,8932.81,1,9603.27,9133.72,1,1,1,1.0,HOLD
2020-07-25,9700.42,9341.01,8945.5,1,9603.27,9133.72,1,1,1,1.0,HOLD
2020-07-26,9931.54,9386.43,8961.8,1,9700.42,9133.72,1,1,1,1.0,HOLD
2020-07-27,11029.96,9512.86,8995.98,1,9931.54,9154.32,1,1,1,1.0,HOLD
2020-07-28,10906.27,9620.04,9027.56,1,11029.96,9160.78,1,1,1,1.0,HOLD
2020-07-29,11100.53,9733.93,9061.82,1,11029.96,9160.78,1,1,1,1.0,HOLD
2020-07-30,11099.61,9838.98,9095.5,1,11100.53,9160.78,1,1,1,1.0,HOLD
2020-07-31,11335.46,9954.09,9132.53,1,11100.53,9390.0,1,1,1,1.0,HOLD
2020-08-01,11801.17,10096.18,9176.64,1,11335.46,9518.16,1,1,1,1.0,HOLD
2020-08-02,11071.35,10171.19,9207.96,1,11801.17,9537.8,1,1,1,1.0,HOLD
2020-08-03,11219.81,10251.85,9241.21,1,11801.17,9537.8,1,1,1,1.0,HOLD
2020-08-04,11191.97,10324.17,9273.45,1,11801.17,9700.42,1,1,1,1.0,HOLD
2020-08-05,11744.91,10433.46,9314.3,1,11801.17,9931.54,1,1,1,1.0,HOLD
2020-08-06,11762.46,10535.69,9354.77,1,11801.17,10906.27,1,1,1,1.0,HOLD
2020-08-07,11594.23,10617.11,9391.78,1,11801.17,10906.27,1,1,1,1.0,HOLD
2020-08-08,11761.41,10705.14,9430.95,1,11801.17,11071.35,1,1,1,1.0,HOLD
2020-08-09,11681.68,10780.26,9468.15,1,11801.17,11071.35,1,1,1,1.0,HOLD
2020-08-10,11892.92,10865.85,9508.23,1,11801.17,11071.35,1,1,1,1.0,HOLD
2020-08-11,11392.08,10906.33,9539.37,1,11892.92,11071.35,1,1,1,1.0,HOLD
2020-08-12,11564.33,10956.94,9572.84,1,11892.92,11071.35,1,1,1,1.0,HOLD
2020-08-13,11780.0,11020.25,9609.32,1,11892.92,11191.97,1,1,1,1.0,HOLD
2020-08-14,11760.54,11077.2,9644.88,1,11892.92,11191.97,1,1,1,1.0,HOLD
2020-08-15,11852.4,11136.83,9681.37,1,11892.92,11392.08,1,1,1,1.0,HOLD
2020-08-16,11911.0,11196.38,9718.22,1,11892.92,11392.08,1,1,1,1.0,HOLD
2020-08-17,12281.13,11279.82,9760.58,1,11911.0,11392.08,1,1,1,1.0,HOLD
2020-08-18,11945.01,11330.99,9796.69,1,12281.13,11392.08,1,1,1,1.0,HOLD
2020-08-19,11754.59,11363.58,9829.05,1,12281.13,11392.08,1,1,1,1.0,HOLD
2020-08-20,11853.55,11401.27,9862.51,1,12281.13,11392.08,1,1,1,1.0,HOLD
2020-08-21,11531.34,11411.27,9890.1,1,12281.13,11392.08,1,1,1,1.0,HOLD
2020-08-22,11662.96,11430.63,9919.4,1,12281.13,11531.34,1,1,1,1.0,HOLD
2020-08-23,11648.13,11447.36,9947.98,1,12281.13,11531.34,1,1,1,1.0,HOLD
2020-08-24,11748.2,11470.5,9977.73,1,12281.13,11531.34,1,1,1,1.0,HOLD
2020-08-25,11318.42,11458.81,9999.89,1,12281.13,11531.34,1,1,-1,0.333333,SELL 0.6667
2020-08-26,11461.43,11459.01,10024.05,1,12281.13,11318.42,1,1,-1,0.333333,HOLD
2020-08-27,11330.38,11449.11,10045.64,1,12281.13,11318.42,1,1,-1,0.333333,HOLD
2020-08-28,11526.91,11455.1,10070.13,1,12281.13,11318.42,1,1,-1,0.333333,HOLD
2020-08-29,11465.84,11455.92,10093.2,1,12281.13,11318.42,1,1,-1,0.333333,HOLD
2020-08-30,11711.16,11475.56,10119.94,1,12281.13,11318.42,1,1,-1,0.333333,HOLD
2020-08-31,11649.51,11488.94,10145.22,1,12281.13,11318.42,1,1,-1,0.333333,HOLD
2020-09-01,11921.97,11522.25,10174.59,1,12281.13,11318.42,1,1,0,0.666667,BUY 0.3333
2020-09-02,11388.54,11511.96,10194.65,1,12281.13,11318.42,1,1,0,0.666667,HOLD
2020-09-03,10140.85,11406.49,10193.76,1,12281.13,11318.42,1,1,-1,0.333333,SELL 0.3333
2020-09-04,10446.25,11332.63,10197.94,1,12281.13,10140.85,1,1,-1,0.333333,HOLD
2020-09-05,10166.69,11242.94,10197.42,-1,12281.13,10140.85,1,-1,-1,0.0,SELL 0.3333
2020-09-06,10256.2,11167.04,10198.39,-1,12281.13,10140.85,1,-1,-1,0.0,HOLD
2020-09-07,10373.44,11105.99,10201.29,-1,11945.01,10140.85,1,-1,-1,0.0,HOLD
2020-09-08,10126.65,11030.66,10200.05,-1,11921.97,10140.85,1,-1,-1,0.0,HOLD
2020-09-09,10219.2,10968.24,10200.37,-1,11921.97,10126.65,1,-1,-1,0.0,HOLD
2020-09-10,10336.87,10919.67,10202.63,-1,11921.97,10126.65,1,-1,-1,0.0,HOLD
2020-09-11,10387.89,10878.76,10205.69,-1,11921.97,10126.65,1,-1,-1,0.0,HOLD
2020-09-12,10440.92,10845.08,10209.58,-1,11921.97,10126.65,1,-1,-1,0.0,HOLD
2020-09-13,10332.83,10805.68,10211.61,-1,11921.97,10126.65,1,-1,-1,0.0,HOLD
2020-09-14,10671.77,10795.38,10219.22,-1,11921.97,10126.65,1,-1,0,0.0,HOLD
2020-09-15,10785.31,10794.6,10228.58,-1,11921.97,10126.65,1,-1,0,0.0,HOLD
2020-09-16,10954.01,10806.87,10240.57,-1,11921.97,10126.65,1,-1,0,0.0,HOLD
2020-09-17,10939.99,10817.11,10252.13,-1,11921.97,10126.65,1,-1,0,0.0,HOLD
2020-09-18,10933.39,10826.05,10263.39,-1,11921.97,10126.65,1,-1,0,0.0,HOLD
2020-09-19,11080.65,10845.64,10276.9,-1,11921.97,10219.2,1,-1,0,0.0,HOLD
2020-09-20,10920.28,10851.38,10287.53,-1,11921.97,10332.83,1,-1,0,0.0,HOLD
2020-09-21,10417.22,10817.98,10289.67,-1,11921.97,10332.83,1,-1,0,0.0,HOLD
2020-09-22,10529.61,10795.8,10293.64,-1,11388.54,10332.83,1,-1,0,0.0,HOLD
2020-09-23,10241.46,10753.16,10292.78,-1,11080.65,10332.83,1,-1,0,0.0,HOLD
2020-09-24,10736.32,10751.86,10300.11,-1,11080.65,10241.46,1,-1,0,0.0,HOLD
2020-09-25,10686.67,10746.85,10306.5,-1,11080.65,10241.46,1,-1,0,0.0,HOLD
2020-09-26,10728.6,10745.44,10313.48,-1,11080.65,10241.46,1,-1,0,0.0,HOLD
2020-09-27,10774.25,10747.66,10321.09,-1,11080.65,10241.46,1,-1,0,0.0,HOLD
2020-09-28,10696.12,10743.7,10327.29,-1,11080.65,10241.46,1,-1,0,0.0,HOLD
2020-09-29,10840.48,10751.14,10335.77,-1,11080.65,10241.46,1,-1,0,0.0,HOLD
2020-09-30,10776.59,10753.1,10343.06,-1,11080.65,10241.46,1,-1,0,0.0,HOLD
2020-10-01,10619.13,10742.79,10347.62,-1,11080.65,10241.46,1,-1,0,0.0,HOLD
2020-10-02,10570.4,10729.53,10351.3,-1,11080.65,10241.46,1,-1,0,0.0,HOLD
2020-10-03,10542.06,10715.11,10354.46,-1,11080.65,10241.46,1,-1,0,0.0,HOLD
2020-10-04,10666.63,10711.38,10359.62,-1,11080.65,10542.06,1,-1,0,0.0,HOLD
2020-10-05,10792.21,10717.6,10366.77,-1,11080.65,10542.06,1,-1,0,0.0,HOLD
2020-10-06,10599.66,10708.53,10370.62,-1,11080.65,10542.06,1,-1,0,0.0,HOLD
2020-10-07,10666.39,10705.29,10375.51,-1,11080.65,10542.06,1,-1,0,0.0,HOLD
2020-10-08,10925.57,10722.23,10384.6,-1,11080.65,10542.06,1,-1,0,0.0,HOLD
2020-10-09,11050.64,10747.49,10395.61,-1,11080.65,10542.06,1,-1,0,0.0,HOLD
2020-10-10,11293.22,10789.47,10410.44,-1,11050.64,10542.06,1,-1,1,0.333333,BUY 0.3333
2020-10-11,11369.02,10834.05,10426.29,-1,11293.22,10542.06,1,-1,1,0.333333,HOLD
2020-10-12,11528.25,10887.45,10444.5,1,11369.02,10542.06,1,1,1,1.0,BUY 0.6667
2020-10-13,11420.56,10928.46,10460.63,1,11528.25,10542.06,1,1,1,1.0,HOLD
2020-10-14,11417.89,10966.11,10476.46,1,11528.25,10599.66,1,1,1,1.0,HOLD
2020-10-15,11505.12,11007.57,10493.46,1,11528.25,10599.66,1,1,1,1.0,HOLD
2020-10-16,11319.32,11031.55,10507.11,1,11528.25,10599.66,1,1,1,1.0,HOLD
2020-10-17,11360.2,11056.83,10521.21,1,11528.25,10666.39,1,1,1,1.0,HOLD
2020-10-18,11503.14,11091.16,10537.44,1,11528.25,10925.57,1,1,1,1.0,HOLD
2020-10-19,11751.47,11141.96,10557.51,1,11528.25,11050.64,1,1,1,1.0,HOLD
2020-10-20,11909.99,11201.04,10579.86,1,11751.47,11293.22,1,1,1,1.0,HOLD
2020-10-21,12780.96,11322.57,10616.24,1,11909.99,11319.32,1,1,1,1.0,HOLD
2020-10-22,12968.52,11449.18,10655.13,1,12780.96,11319.32,1,1,1,1.0,HOLD
2020-10-23,12923.07,11562.56,10692.61,1,12968.52,11319.32,1,1,1,1.0,HOLD
2020-10-24,13111.73,11681.72,10732.6,1,12968.52,11319.32,1,1,1,1.0,HOLD
2020-10-25,13028.83,11785.35,10770.55,1,13111.73,11319.32,1,1,1,1.0,HOLD
2020-10-26,13052.19,11882.8,10808.26,1,13111.73,11319.32,1,1,1,1.0,HOLD
2020-10-27,13636.17,12017.67,10855.01,1,13111.73,11360.2,1,1,1,1.0,HOLD
2020-10-28,13266.4,12113.73,10894.86,1,13636.17,11503.14,1,1,1,1.0,HOLD
2020-10-29,13455.7,12216.96,10937.19,1,13636.17,11751.47,1,1,1,1.0,HOLD
2020-10-30,13560.1,12320.28,10980.55,1,13636.17,11909.99,1,1,1,1.0,HOLD
2020-10-31,13791.0,12433.41,11027.0,1,13636.17,12780.96,1,1,1,1.0,HOLD
2020-11-01,13761.5,12535.57,11072.2,1,13791.0,12923.07,1,1,1,1.0,HOLD
2020-11-02,13549.37,12613.55,11113.14,1,13791.0,12923.07,1,1,1,1.0,HOLD
2020-11-03,14023.53,12722.01,11161.25,1,13791.0,13028.83,1,1,1,1.0,HOLD
2020-11-04,14144.01,12831.4,11210.55,1,14023.53,13028.83,1,1,1,1.0,HOLD
2020-11-05,15590.02,13043.6,11282.94,1,14144.01,13052.19,1,1,1,1.0,HOLD
2020-11-06,15579.92,13238.7,11353.96,1,15590.02,13266.4,1,1,1,1.0,HOLD
2020-11-07,14818.3,13360.21,11411.23,1,15590.02,13266.4,1,1,1,1.0,HOLD
2020-11-08,15475.1,13522.89,11478.4,1,15590.02,13455.7,1,1,1,1.0,HOLD
2020-11-09,15328.41,13661.78,11542.03,1,15590.02,13549.37,1,1,1,1.0,HOLD
2020-11-10,15297.21,13787.58,11604.1,1,15590.02,13549.37,1,1,1,1.0,HOLD
2020-11-11,15684.24,13933.48,11671.54,1,15590.02,13549.37,1,1,1,1.0,HOLD
2020-11-12,16291.86,14114.89,11747.91,1,15684.24,13549.37,1,1,1,1.0,HOLD
2020-11-13,16320.7,14284.57,11823.49,1,16291.86,14023.53,1,1,1,1.0,HOLD
2020-11-14,16070.45,14421.94,11893.69,1,16320.7,14144.01,1,1,1,1.0,HOLD
2020-11-15,15957.0,14540.03,11960.85,1,16320.7,14818.3,1,1,1,1.0,HOLD
2020-11-16,16713.57,14707.22,12039.41,1,16320.7,14818.3,1,1,1,1.0,HOLD
2020-11-17,17659.38,14934.31,12132.3,1,16713.57,14818.3,1,1,1,1.0,HOLD
2020-11-18,17776.12,15152.91,12225.59,1,17659.38,15297.21,1,1,1,1.0,HOLD
2020-11-19,17802.82,15356.75,12317.78,1,17776.12,15297.21,1,1,1,1.0,HOLD
2020-11-20,18655.67,15610.51,12422.53,1,17802.82,15297.21,1,1,1,1.0,HOLD
2020-11-21,18703.8,15848.46,12526.36,1,18655.67,15684.24,1,1,1,1.0,HOLD
2020-11-22,18414.43,16045.84,12623.68,1,18703.8,15957.0,1,1,1,1.0,HOLD
2020-11-23,18368.0,16224.47,12718.63,1,18703.8,15957.0,1,1,1,1.0,HOLD
2020-11-24,19160.01,16450.28,12825.1,1,18703.8,15957.0,1,1,1,1.0,HOLD
2020-11-25,18719.11,16624.8,12922.52,1,19160.01,15957.0,1,1,1,1.0,HOLD
2020-11-26,17149.47,16665.16,12992.39,1,19160.01,16713.57,1,1,1,1.0,HOLD
2020-11-27,17139.52,16701.65,13060.93,1,19160.01,17149.47,1,1,0,0.666667,SELL 0.3333
2020-11-28,17719.85,16779.98,13137.94,1,19160.01,17139.52,1,1,0,0.666667,HOLD
2020-11-29,18184.99,16888.05,13221.36,1,19160.01,17139.52,1,1,0,0.666667,HOLD
2020-11-30,19695.87,17104.04,13328.38,1,19160.01,17139.52,1,1,1,1.0,BUY 0.3333
2020-12-01,18764.96,17231.8,13418.24,1,19695.87,17139.52,1,1,1,1.0,HOLD
2020-12-02,19204.09,17383.52,13513.87,1,19695.87,17139.52,1,1,1,1.0,HOLD
2020-12-03,19421.9,17540.32,13611.53,1,19695.87,17139.52,1,1,1,1.0,HOLD
2020-12-04,18650.52,17625.72,13694.82,1,19695.87,17139.52,1,1,1,1.0,HOLD
2020-12-05,19147.66,17742.79,13784.95,1,19695.87,17139.52,1,1,1,1.0,HOLD
2020-12-06,19359.4,17867.14,13877.09,1,19695.87,17139.52,1,1,1,1.0,HOLD
2020-12-07,19166.9,17967.12,13964.52,1,19695.87,17139.52,1,1,1,1.0,HOLD
2020-12-08,18324.11,17994.59,14036.58,1,19695.87,17719.85,1,1,1,1.0,HOLD
2020-12-09,18541.28,18036.64,14111.04,1,19695.87,18184.99,1,1,1,1.0,HOLD
2020-12-10,18254.63,18053.41,14179.53,1,19695.87,18324.11,1,1,0,0.666667,SELL 0.3333
2020-12-11,18036.53,18052.11,14243.28,1,19695.87,18254.63,1,1,0,0.666667,HOLD
2020-12-12,18808.69,18110.31,14318.74,1,19695.87,18036.53,1,1,0,0.666667,HOLD
2020-12-13,19174.99,18192.21,14399.01,1,19695.87,18036.53,1,1,0,0.666667,HOLD
2020-12-14,19273.14,18275.35,14479.57,1,19695.87,18036.53,1,1,0,0.666667,HOLD
2020-12-15,19426.43,18363.9,14561.34,1,19695.87,18036.53,1,1,0,0.666667,HOLD
2020-12-16,21335.52,18592.49,14673.31,1,19695.87,18036.53,1,1,1,1.0,BUY 0.3333
2020-12-17,22797.16,18915.92,14807.59,1,21335.52,18036.53,1,1,1,1.0,HOLD
2020-12-18,23107.39,19238.34,14944.77,1,22797.16,18036.53,1,1,1,1.0,HOLD
2020-12-19,23821.61,19590.9,15091.5,1,23107.39,18036.53,1,1,1,1.0,HOLD
2020-12-20,23455.52,19888.18,15229.75,1,23821.61,18036.53,1,1,1,1.0,HOLD
2020-12-21,22719.71,20105.99,15353.55,1,23821.61,18036.53,1,1,1,1.0,HOLD
2020-12-22,23810.79,20390.97,15493.34,1,23821.61,18808.69,1,1,1,1.0,HOLD
2020-12-23,23232.76,20609.57,15621.26,1,23821.61,19174.99,1,1,1,1.0,HOLD
2020-12-24,23729.2,20849.54,15755.28,1,23821.61,19273.14,1,1,1,1.0,HOLD
2020-12-25,24712.47,21146.69,15903.33,1,23821.61,19426.43,1,1,1,1.0,HOLD
2020-12-26,26493.39,21557.98,16078.37,1,24712.47,21335.52,1,1,1,1.0,HOLD
2020-12-27,26281.66,21921.34,16247.02,1,26493.39,22719.71,1,1,1,1.0,HOLD
2020-12-28,27079.41,22318.11,16426.07,1,26493.39,22719.71,1,1,1,1.0,HOLD
2020-12-29,27385.0,22707.87,16607.21,1,27079.41,22719.71,1,1,1,1.0,HOLD
2020-12-30,28875.54,23182.31,16809.99,1,27385.0,22719.71,1,1,1,1.0,HOLD
2020-12-31,28923.63,23623.95,17010.22,1,28875.54,22719.71,1,1,1,1.0,HOLD
2021-01-01,29331.69,24063.01,17213.88,1,28923.63,23232.76,1,1,1,1.0,HOLD
2021-01-02,32178.33,24687.26,17461.22,1,29331.69,23232.76,1,1,1,1.0,HOLD
2021-01-03,33000.05,25326.71,17718.06,1,32178.33,23729.2,1,1,1,1.0,HOLD
2021-01-04,31988.71,25839.17,17953.94,1,33000.05,24712.47,1,1,1,1.0,HOLD
2021-01-05,33949.53,26463.04,18218.33,1,33000.05,26281.66,1,1,1,1.0,HOLD
2021-01-06,36769.36,27255.84,18524.96,1,33949.53,26281.66,1,1,1,1.0,HOLD
2021-01-07,39432.28,28192.49,18870.54,1,36769.36,27079.41,1,1,1,1.0,HOLD
2021-01-08,40582.81,29145.59,19229.42,1,39432.28,27385.0,1,1,1,1.0,HOLD
2021-01-09,40088.22,29987.33,19574.19,1,40582.81,28875.54,1,1,1,1.0,HOLD
2021-01-10,38150.02,30615.23,19881.23,1,40582.81,28923.63,1,1,1,1.0,HOLD
2021-01-11,35404.47,30983.63,20137.81,1,40582.81,29331.69,1,1,1,1.0,HOLD
2021-01-12,34051.24,31219.6,20367.79,1,40582.81,31988.71,1,1,1,1.0,HOLD
2021-01-13,37371.38,31692.81,20648.84,1,40582.81,31988.71,1,1,1,1.0,HOLD
2021-01-14,39144.5,32266.02,20954.55,1,40582.81,31988.71,1,1,1,1.0,HOLD
2021-01-15,36742.22,32610.34,21215.5,1,40582.81,33949.53,1,1,1,1.0,HOLD
2021-01-16,35994.98,32870.7,21459.79,1,40582.81,34051.24,1,1,1,1.0,HOLD
2021-01-17,35828.61,33098.23,21697.29,1,40582.81,34051.24,1,1,1,1.0,HOLD
2021-01-18,36631.27,33370.0,21944.14,1,40582.81,34051.24,1,1,1,1.0,HOLD
2021-01-19,35891.49,33563.96,22174.67,1,40582.81,34051.24,1,1,1,1.0,HOLD
2021-01-20,35468.23,33710.45,22394.4,1,40582.81,34051.24,1,1,1,1.0,HOLD
2021-01-21,30850.13,33490.42,22534.16,1,40582.81,34051.24,1,1,0,0.666667,SELL 0.3333
2021-01-22,32945.17,33448.48,22706.25,1,40582.81,30850.13,1,1,0,0.666667,HOLD
2021-01-23,32078.0,33343.06,22861.15,1,40582.81,30850.13,1,1,0,0.666667,HOLD
2021-01-24,32259.9,33259.74,23016.5,1,40582.81,30850.13,1,1,0,0.666667,HOLD
2021-01-25,32254.2,33182.39,23169.19,1,40582.81,30850.13,1,1,0,0.666667,HOLD
2021-01-26,32467.77,33127.42,23322.89,1,40582.81,30850.13,1,1,0,0.666667,HOLD
2021-01-27,30366.15,32915.01,23439.3,1,40582.81,30850.13,1,1,-1,0.333333,SELL 0.3333
2021-01-28,33364.86,32949.62,23603.36,1,40582.81,30366.15,1,1,-1,0.333333,HOLD
2021-01-29,34252.2,33049.82,23779.38,1,40088.22,30366.15,1,1,-1,0.333333,HOLD
2021-01-30,34262.88,33143.13,23952.66,1,39144.5,30366.15,1,1,-1,0.333333,HOLD
2021-01-31,33092.98,33139.27,24103.74,1,39144.5,30366.15,1,1,-1,0.333333,HOLD
2021-02-01,33526.37,33169.05,24259.48,1,39144.5,30366.15,1,1,-1,0.333333,HOLD
2021-02-02,35466.24,33345.75,24444.72,1,39144.5,30366.15,1,1,0,0.666667,BUY 0.3333
2021-02-03,37618.87,33674.46,24662.47,1,39144.5,30366.15,1,1,0,0.666667,HOLD
2021-02-04,36936.66,33925.39,24865.35,1,37618.87,30366.15,1,1,0,0.666667,HOLD
2021-02-05,38290.24,34261.15,25087.25,1,37618.87,30366.15,1,1,1,1.0,BUY 0.3333
2021-02-06,39186.94,34640.06,25320.3,1,38290.24,30366.15,1,1,1,1.0,HOLD
2021-02-07,38795.69,34959.72,25543.04,1,39186.94,33092.98,1,1,1,1.0,HOLD
2021-02-08,46374.87,35837.81,25887.37,1,39186.94,33092.98,1,1,1,1.0,HOLD
2021-02-09,46420.42,36651.86,26226.76,1,46374.87,33092.98,1,1,1,1.0,HOLD
2021-02-10,44807.58,37279.22,26533.88,1,46420.42,33092.98,1,1,1,1.0,HOLD
2021-02-11,47969.51,38101.55,26888.18,1,46420.42,33526.37,1,1,1,1.0,HOLD
2021-02-12,47287.6,38808.17,27225.36,1,47969.51,35466.24,1,1,1,1.0,HOLD
2021-02-13,47153.69,39450.13,27554.76,1,47969.51,36936.66,1,1,1,1.0,HOLD
2021-02-14,48577.79,40152.26,27902.25,1,47969.51,36936.66,1,1,1,1.0,HOLD
2021-02-15,47911.1,40749.09,28232.97,1,48577.79,38290.24,1,1,1,1.0,HOLD
2021-02-16,49133.45,41394.04,28578.43,1,48577.79,38795.69,1,1,1,1.0,HOLD
2021-02-17,52119.71,42219.1,28967.55,1,49133.45,38795.69,1,1,1,1.0,HOLD
2021-02-18,51552.6,42937.06,29340.85,1,52119.71,44807.58,1,1,1,1.0,HOLD
2021-02-19,55906.0,43934.67,29779.95,1,52119.71,44807.58,1,1,1,1.0,HOLD
2021-02-20,55841.19,44850.56,30210.71,1,55906.0,44807.58,1,1,1,1.0,HOLD
2021-02-21,57408.57,45816.56,30660.26,1,55906.0,47153.69,1,1,1,1.0,HOLD
2021-02-22,54087.67,46452.8,31047.49,1,57408.57,47153.69,1,1,1,1.0,HOLD
2021-02-23,48891.0,46640.35,31342.43,1,57408.57,47153.69,1,1,1,1.0,HOLD
2021-02-24,49676.2,46873.88,31645.46,1,57408.57,47911.1,1,1,1,1.0,HOLD
2021-02-25,47073.73,46889.25,31900.48,1,57408.57,47911.1,1,1,0,0.666667,SELL 0.3333
2021-02-26,46276.87,46842.14,32138.1,1,57408.57,47073.73,1,1,0,0.666667,HOLD
2021-02-27,46106.43,46785.55,32368.98,1,57408.57,46276.87,1,1,0,0.666667,HOLD
2021-02-28,45135.66,46658.64,32580.0,1,57408.57,46106.43,1,1,0,0.666667,HOLD
2021-03-01,49587.03,46883.9,32861.11,1,57408.57,45135.66,1,1,0,0.666667,HOLD
2021-03-02,48440.65,47003.65,33118.62,1,57408.57,45135.66,1,1,0,0.666667,HOLD
2021-03-03,50349.37,47261.01,33403.43,1,57408.57,45135.66,1,1,0,0.666667,HOLD
2021-03-04,48374.09,47346.63,33650.88,1,57408.57,45135.66,1,1,0,0.666667,HOLD
2021-03-05,48751.71,47454.71,33900.48,1,57408.57,45135.66,1,1,0,0.666667,HOLD
2021-03-06,48882.2,47564.52,34148.11,1,57408.57,45135.66,1,1,0,0.666667,HOLD
2021-03-07,50971.75,47826.62,34426.19,1,57408.57,45135.66,1,1,0,0.666667,HOLD
2021-03-08,52375.17,48176.5,34722.87,1,57408.57,45135.66,1,1,0,0.666667,HOLD
2021-03-09,54884.5,48692.5,35056.12,1,57408.57,45135.66,1,1,0,0.666667,HOLD
2021-03-10,55851.59,49243.2,35399.84,1,57408.57,45135.66,1,1,0,0.666667,HOLD
2021-03-11,57773.16,49899.35,35769.65,1,57408.57,48374.09,1,1,1,1.0,BUY 0.3333
2021-03-12,57221.72,50462.61,36124.23,1,57773.16,48374.09,1,1,1,1.0,HOLD
2021-03-13,61188.39,51287.67,36538.51,1,57773.16,48374.09,1,1,1,1.0,HOLD
2021-03-14,58968.31,51878.49,36909.25,1,61188.39,48374.09,1,1,1,1.0,HOLD
2021-03-15,55605.2,52165.16,37218.28,1,61188.39,48751.71,1,1,1,1.0,HOLD
2021-03-16,56900.75,52529.44,37543.61,1,61188.39,48882.2,1,1,1,1.0,HOLD
2021-03-17,58912.97,53020.48,37896.82,1,61188.39,50971.75,1,1,1,1.0,HOLD
2021-03-18,57648.16,53376.45,38223.29,1,61188.39,52375.17,1,1,1,1.0,HOLD
2021-03-19,58030.01,53734.42,38550.67,1,61188.39,54884.5,1,1,1,1.0,HOLD
2021-03-20,58102.28,54070.41,38873.84,1,61188.39,55605.2,1,1,1,1.0,HOLD
2021-03-21,57351.56,54322.8,39179.26,1,61188.39,55605.2,1,1,1,1.0,HOLD
2021-03-22,54083.25,54304.38,39425.6,1,61188.39,55605.2,1,1,0,0.666667,SELL 0.3333
2021-03-23,54340.89,54307.19,39672.14,1,61188.39,54083.25,1,1,0,0.666667,HOLD
2021-03-24,52303.65,54153.07,39880.92,1,61188.39,54083.25,1,1,0,0.666667,HOLD
2021-03-25,51293.78,53933.12,40069.56,1,61188.39,52303.65,1,1,0,0.666667,HOLD
2021-03-26,55025.59,54017.16,40316.77,1,61188.39,51293.78,1,1,0,0.666667,HOLD
2021-03-27,55817.14,54155.62,40572.98,1,61188.39,51293.78,1,1,0,0.666667,HOLD
2021-03-28,55777.63,54280.39,40824.29,1,61188.39,51293.78,1,1,0,0.666667,HOLD
2021-03-29,57635.47,54538.47,41102.16,1,61188.39,51293.78,1,1,0,0.666667,HOLD
2021-03-30,58746.57,54862.17,41393.81,1,61188.39,51293.78,1,1,0,0.666667,HOLD
2021-03-31,58740.55,55160.51,41680.53,1,61188.39,51293.78,1,1,0,0.666667,HOLD
2021-04-01,58720.44,55434.35,41962.18,1,61188.39,51293.78,1,1,0,0.666667,HOLD
2021-04-02,58950.01,55704.78,42242.97,1,61188.39,51293.78,1,1,0,0.666667,HOLD
2021-04-03,57051.94,55808.41,42487.75,1,58968.31,51293.78,1,1,0,0.666667,HOLD
2021-04-04,58202.01,55992.54,42747.49,1,58950.01,51293.78,1,1,0,0.666667,HOLD
2021-04-05,59129.99,56233.88,43018.27,1,58950.01,55025.59,1,1,1,1.0,BUY 0.3333
2021-04-06,57991.15,56369.05,43265.76,1,59129.99,55777.63,1,1,1,1.0,HOLD
2021-04-07,55953.45,56337.08,43475.47,1,59129.99,55777.63,1,1,1,1.0,HOLD
2021-04-08,58077.52,56470.96,43716.83,1,59129.99,55953.45,1,1,1,1.0,HOLD
2021-04-09,58142.54,56599.55,43955.27,1,59129.99,55953.45,1,1,1,1.0,HOLD
2021-04-10,59769.13,56843.36,44216.66,1,59129.99,55953.45,1,1,1,1.0,HOLD
2021-04-11,60002.43,57086.37,44477.58,1,59769.13,55953.45,1,1,1,1.0,HOLD
2021-04-12,59860.0,57299.72,44731.83,1,60002.43,55953.45,1,1,1,1.0,HOLD
2021-04-13,63575.0,57782.44,45043.29,1,60002.43,55953.45,1,1,1,1.0,HOLD
2021-04-14,62959.53,58180.67,45339.43,1,63575.0,55953.45,1,1,1,1.0,HOLD
2021-04-15,63159.98,58563.7,45633.98,1,63575.0,55953.45,1,1,1,1.0,HOLD
2021-04-16,61334.8,58776.86,45893.5,1,63575.0,55953.45,1,1,1,1.0,HOLD
2021-04-17,60006.66,58871.46,46126.77,1,63575.0,55953.45,1,1,1,1.0,HOLD
2021-04-18,56150.01,58662.12,46292.45,1,63575.0,58077.52,1,1,0,0.666667,SELL 0.3333
2021-04-19,55633.14,58429.12,46446.84,-1,63575.0,56150.01,1,-1,-1,0.0,SELL 0.6667
2021-04-20,56425.0,58274.96,46611.77,-1,63575.0,55633.14,1,-1,-1,0.0,HOLD
2021-04-21,53787.63,57929.78,46730.38,-1,63575.0,55633.14,1,-1,-1,0.0,HOLD
2021-04-22,51690.96,57449.87,46812.37,-1,63575.0,53787.63,1,-1,-1,0.0,HOLD
2021-04-23,51125.14,56963.35,46883.65,-1,63575.0,51690.96,1,-1,-1,0.0,HOLD
2021-04-24,50047.84,56431.39,46935.96,-1,63575.0,51125.14,1,-1,-1,0.0,HOLD
2021-04-25,49066.77,55864.88,46971.18,-1,63575.0,50047.84,1,-1,-1,0.0,HOLD
2021-04-26,54001.39,55721.53,47087.38,-1,63575.0,49066.77,1,-1,-1,0.0,HOLD
2021-04-27,55011.97,55666.95,47218.36,-1,63575.0,49066.77,1,-1,-1,0.0,HOLD
2021-04-28,54846.22,55603.82,47344.44,-1,63575.0,49066.77,1,-1,-1,0.0,HOLD
2021-04-29,53555.0,55446.22,47447.1,-1,63575.0,49066.77,1,-1,-1,0.0,HOLD
2021-04-30,57694.27,55619.14,47616.47,1,63575.0,49066.77,1,1,0,0.666667,BUY 0.6667
2021-05-01,57800.37,55786.93,47784.8,1,63575.0,49066.77,1,1,0,0.666667,HOLD
2021-05-02,56578.21,55847.8,47930.15,1,63575.0,49066.77,1,1,0,0.666667,HOLD
2021-05-03,57169.39,55949.46,48082.86,1,63575.0,49066.77,1,1,0,0.666667,HOLD
2021-05-04,53200.01,55737.96,48167.44,1,63159.98,49066.77,1,1,0,0.666667,HOLD
2021-05-05,57436.11,55868.59,48320.64,1,63159.98,49066.77,1,1,0,0.666667,HOLD
2021-05-06,56393.68,55908.98,48454.08,1,61334.8,53200.01,1,1,0,0.666667,HOLD
2021-05-07,57314.75,56017.12,48600.54,1,60006.66,53200.01,1,1,0,0.666667,HOLD
2021-05-08,58862.05,56235.96,48770.15,1,57800.37,53200.01,1,1,1,1.0,BUY 0.3333
2021-05-09,58240.84,56390.18,48926.69,-1,58862.05,53200.01,1,-1,1,0.333333,SELL 0.6667
2021-05-10,55816.14,56346.02,49040.57,-1,58862.05,53200.01,1,-1,1,0.333333,HOLD
2021-05-11,56670.02,56370.95,49166.67,-1,58862.05,53200.01,1,-1,1,0.333333,HOLD
2021-05-12,49631.32,55852.51,49174.35,-1,58862.05,53200.01,1,-1,0,0.0,SELL 0.3333
2021-05-13,49670.97,55377.01,49182.56,-1,58862.05,49631.32,1,-1,0,0.0,HOLD
2021-05-14,49841.45,54951.2,49193.45,-1,58862.05,49631.32,1,-1,0,0.0,HOLD
2021-05-15,46762.99,54321.34,49153.28,-1,58862.05,49631.32,1,-1,-1,0.0,HOLD
2021-05-16,46431.5,53714.43,49108.29,-1,58862.05,46762.99,1,-1,-1,0.0,HOLD
2021-05-17,43538.04,52931.63,49016.22,-1,58862.05,46431.5,1,-1,-1,0.0,HOLD
2021-05-18,42849.78,52156.1,48914.3,-1,58862.05,43538.04,1,-1,-1,0.0,HOLD
2021-05-19,36690.09,50966.41,48712.24,-1,58862.05,42849.78,1,-1,-1,0.0,HOLD
2021-05-20,40526.64,50163.35,48576.94,-1,58862.05,36690.09,1,-1,-1,0.0,HOLD
2021-05-21,37252.01,49170.17,48389.75,-1,58862.05,36690.09,1,-1,-1,0.0,HOLD
2021-05-22,37449.73,48268.6,48208.93,-1,58862.05,36690.09,1,-1,-1,0.0,HOLD
2021-05-23,34655.25,47221.42,47984.9,-1,58862.05,36690.09,0,-1,-1,0.0,HOLD
2021-05-24,38796.29,46573.33,47833.02,-1,58862.05,34655.25,0,-1,-1,0.0,HOLD
2021-05-25,38324.72,45938.82,47675.86,-1,58862.05,34655.25,0,-1,-1,0.0,HOLD
2021-05-26,39241.91,45423.67,47536.46,-1,58862.05,34655.25,0,-1,-1,0.0,HOLD
2021-05-27,38529.98,44893.39,47387.59,-1,58862.05,34655.25,0,-1,-1,0.0,HOLD
2021-05-28,35663.49,44183.4,47193.8,-1,58862.05,34655.25,0,-1,-1,0.0,HOLD
2021-05-29,34605.15,43446.61,46985.73,-1,58240.84,34655.25,0,-1,-1,0.0,HOLD
2021-05-30,35641.27,42846.2,46798.21,-1,56670.02,34605.15,0,-1,-1,0.0,HOLD
2021-05-31,37253.81,42416.01,46640.45,-1,56670.02,34605.15,0,-1,-1,0.0,HOLD
2021-06-01,36693.09,41975.79,46476.04,-1,49841.45,34605.15,0,-1,-1,0.0,HOLD
2021-06-02,37568.68,41636.78,46328.81,-1,49841.45,34605.15,0,-1,-1,0.0,HOLD
2021-06-03,39246.79,41452.94,46211.75,-1,49841.45,34605.15,0,-1,0,0.0,HOLD
2021-06-04,36829.0,41097.25,46056.66,-1,46762.99,34605.15,0,-1,0,0.0,HOLD
2021-06-05,35513.2,40667.71,45882.39,-1,46431.5,34605.15,0,-1,0,0.0,HOLD
2021-06-06,35796.31,40292.98,45715.68,-1,43538.04,34605.15,0,-1,0,0.0,HOLD
2021-06-07,33552.79,39774.51,45514.64,-1,42849.78,34605.15,0,-1,-1,0.0,HOLD
2021-06-08,33380.81,39282.68,45314.08,-1,40526.64,33552.79,0,-1,-1,0.0,HOLD
2021-06-09,37388.05,39136.94,45183.07,-1,40526.64,33380.81,0,-1,-1,0.0,HOLD
2021-06-10,36675.72,38947.62,45042.45,-1,39246.79,33380.81,0,-1,-1,0.0,HOLD
2021-06-11,37331.98,38823.34,44915.01,-1,39246.79,33380.81,0,-1,-1,0.0,HOLD
2021-06-12,35546.11,38571.24,44760.15,-1,39246.79,33380.81,0,-1,-1,0.0,HOLD
2021-06-13,39020.57,38605.81,44665.28,-1,39246.79,33380.81,0,-1,-1,0.0,HOLD
2021-06-14,40516.29,38752.77,44596.7,-1,39246.79,33380.81,0,-1,1,0.0,HOLD
2021-06-15,40144.04,38859.79,44523.1,-1,40516.29,33380.81,0,-1,1,0.0,HOLD
2021-06-16,38349.01,38820.5,44421.05,-1,40516.29,33380.81,0,-1,1,0.0,HOLD
2021-06-17,38092.97,38764.53,44316.46,-1,40516.29,33380.81,0,-1,1,0.0,HOLD
2021-06-18,35819.84,38538.02,44176.02,-1,40516.29,33380.81,0,-1,1,0.0,HOLD
2021-06-19,35483.72,38303.07,44032.34,-1,40516.29,35546.11,0,-1,0,0.0,HOLD
2021-06-20,35600.16,38095.16,43892.97,-1,40516.29,35483.72,0,-1,0,0.0,HOLD
2021-06-21,31608.93,37596.22,43689.93,-1,40516.29,35483.72,0,-1,-1,0.0,HOLD
2021-06-22,32509.56,37204.93,43505.13,-1,40516.29,31608.93,0,-1,-1,0.0,HOLD
2021-06-23,33678.07,36933.64,43342.7,-1,40516.29,31608.93,0,-1,-1,0.0,HOLD
2021-06-24,34663.09,36758.98,43199.23,-1,40516.29,31608.93,0,-1,-1,0.0,HOLD
2021-06-25,31584.45,36360.94,43007.25,-1,40516.29,31608.93,0,-1,-1,0.0,HOLD
2021-06-26,32283.65,36047.3,42830.0,-1,40516.29,31584.45,0,-1,-1,0.0,HOLD
2021-06-27,34700.34,35943.69,42695.63,-1,40516.29,31584.45,0,-1,-1,0.0,HOLD
2021-06-28,34494.89,35832.24,42560.08,-1,40516.29,31584.45,0,-1,-1,0.0,HOLD
2021-06-29,35911.73,35838.36,42450.19,-1,40516.29,31584.45,0,-1,0,0.0,HOLD
2021-06-30,35045.0,35777.33,42327.79,-1,40516.29,31584.45,0,-1,0,0.0,HOLD
2021-07-01,33504.69,35602.51,42181.95,-1,40516.29,31584.45,0,-1,0,0.0,HOLD
2021-07-02,33786.55,35462.82,42043.18,-1,40516.29,31584.45,0,-1,0,0.0,HOLD
2021-07-03,34669.13,35401.77,41921.3,-1,40516.29,31584.45,0,-1,0,0.0,HOLD
2021-07-04,35286.51,35392.9,41811.63,-1,40516.29,31584.45,0,-1,0,0.0,HOLD
2021-07-05,33690.14,35261.92,41677.39,-1,40144.04,31584.45,0,-1,0,0.0,HOLD
2021-07-06,34220.01,35181.77,41554.13,-1,38349.01,32283.65,0,-1,0,0.0,HOLD
2021-07-07,33862.12,35080.26,41426.99,-1,38092.97,33504.69,0,-1,0,0.0,HOLD
2021-07-08,32875.71,34910.68,41285.65,-1,35911.73,33504.69,0,-1,0,0.0,HOLD
2021-07-09,33815.81,34826.46,41162.18,-1,35911.73,32875.71,0,-1,0,0.0,HOLD
2021-07-10,33502.87,34724.65,41035.58,-1,35911.73,32875.71,0,-1,0,0.0,HOLD
2021-07-11,34258.99,34688.83,40923.57,-1,35911.73,32875.71,0,-1,0,0.0,HOLD
2021-07-12,33086.63,34565.58,40794.03,-1,35911.73,32875.71,0,-1,0,0.0,HOLD
2021-07-13,32729.77,34424.36,40660.74,-1,35911.73,32875.71,0,-1,0,0.0,HOLD
2021-07-14,32820.02,34300.95,40531.14,-1,35911.73,32729.77,0,-1,0,0.0,HOLD
2021-07-15,31880.0,34114.73,40388.15,-1,35911.73,32729.77,0,-1,0,0.0,HOLD
2021-07-16,31383.87,33904.66,40239.32,-1,35911.73,31880.0,0,-1,-1,0.0,HOLD
2021-07-17,31520.07,33721.23,40095.2,-1,35911.73,31383.87,0,-1,-1,0.0,HOLD
2021-07-18,31778.56,33571.79,39957.73,-1,35911.73,31383.87,0,-1,-1,0.0,HOLD
2021-07-19,30839.65,33361.63,39807.02,-1,35911.73,31383.87,0,-1,-1,0.0,HOLD
2021-07-20,29790.35,33086.92,39641.45,-1,35286.51,30839.65,0,-1,-1,0.0,HOLD
2021-07-21,32144.51,33014.42,39517.54,-1,35286.51,29790.35,0,-1,-1,0.0,HOLD
2021-07-22,32287.83,32958.53,39398.04,-1,35286.51,29790.35,0,-1,-1,0.0,HOLD
2021-07-23,33634.09,33010.5,39302.77,-1,35286.51,29790.35,0,-1,0,0.0,HOLD
2021-07-24,34258.14,33106.47,39219.38,-1,35286.51,29790.35,0,-1,0,0.0,HOLD
2021-07-25,35381.02,33281.43,39155.94,-1,34258.99,29790.35,0,-1,1,0.0,HOLD
2021-07-26,37237.6,33585.76,39124.23,-1,35381.02,29790.35,0,-1,1,0.0,HOLD
2021-07-27,39457.87,34037.46,39129.75,1,37237.6,29790.35,0,1,1,0.666667,BUY 0.6667
2021-07-28,40019.56,34497.62,39144.45,1,39457.87,29790.35,0,1,1,0.666667,HOLD
2021-07-29,40016.48,34922.15,39158.87,1,40019.56,29790.35,0,1,1,0.666667,HOLD
2021-07-30,42206.37,35482.47,39209.24,1,40019.56,29790.35,0,1,1,0.666667,HOLD
2021-07-31,41461.83,35942.42,39246.47,1,42206.37,32144.51,0,1,1,0.666667,HOLD
2021-08-01,39845.44,36242.65,39256.37,1,42206.37,32287.83,0,1,1,0.666667,HOLD
2021-08-02,39147.82,36466.13,39254.58,1,42206.37,33634.09,0,1,1,0.666667,HOLD
2021-08-03,38207.05,36600.05,39237.26,1,42206.37,34258.14,0,1,1,0.666667,HOLD
2021-08-04,39723.18,36840.29,39245.3,1,42206.37,35381.02,0,1,1,0.666667,HOLD
2021-08-05,40862.46,37149.68,39272.03,1,42206.37,37237.6,0,1,1,0.666667,HOLD
2021-08-06,42836.87,37587.16,39330.95,1,42206.37,38207.05,0,1,1,0.666667,HOLD
2021-08-07,44572.54,38124.5,39417.59,1,42836.87,38207.05,0,1,1,0.666667,HOLD
2021-08-08,43794.37,38560.64,39489.93,1,44572.54,38207.05,0,1,1,0.666667,HOLD
2021-08-09,46253.4,39152.39,39601.72,1,44572.54,38207.05,0,1,1,0.666667,HOLD
2021-08-10,45584.99,39647.21,39700.62,1,46253.4,38207.05,0,1,1,0.666667,HOLD
2021-08-11,45511.0,40098.27,39796.66,1,46253.4,38207.05,1,1,1,1.0,BUY 0.3333
2021-08-12,44399.0,40429.09,39872.73,1,46253.4,38207.05,1,1,1,1.0,HOLD
2021-08-13,47800.0,40996.09,40003.76,1,46253.4,38207.05,1,1,1,1.0,HOLD
2021-08-14,47068.51,41463.2,40120.53,1,47800.0,39723.18,1,1,1,1.0,HOLD
2021-08-15,46973.82,41887.09,40233.81,1,47800.0,40862.46,1,1,1,1.0,HOLD
2021-08-16,45901.29,42195.87,40327.49,1,47800.0,42836.87,1,1,1,1.0,HOLD
2021-08-17,44695.95,42388.19,40399.69,1,47800.0,43794.37,1,1,1,1.0,HOLD
2021-08-18,44705.29,42566.43,40470.86,1,47800.0,43794.37,1,1,1,1.0,HOLD
2021-08-19,46760.62,42889.06,40574.82,1,47800.0,44399.0,1,1,1,1.0,HOLD
2021-08-20,49322.47,43383.93,40719.41,1,47800.0,44399.0,1,1,1,1.0,HOLD
2021-08-21,48821.87,43802.24,40853.34,1,49322.47,44399.0,1,1,1,1.0,HOLD
2021-08-22,49239.22,44220.47,40991.95,1,49322.47,44399.0,1,1,1,1.0,HOLD
2021-08-23,49488.85,44625.73,41132.39,1,49322.47,44695.95,1,1,1,1.0,HOLD
2021-08-24,47674.01,44860.21,41240.52,1,49488.85,44695.95,1,1,1,1.0,HOLD
2021-08-25,48973.32,45176.6,41368.33,1,49488.85,44695.95,1,1,1,1.0,HOLD
2021-08-26,46843.87,45304.85,41458.84,1,49488.85,44695.95,1,1,1,1.0,HOLD
2021-08-27,49069.9,45594.47,41584.64,1,49488.85,44695.95,1,1,1,1.0,HOLD
2021-08-28,48895.35,45848.39,41705.48,1,49488.85,44705.29,1,1,1,1.0,HOLD
2021-08-29,48767.83,46072.96,41822.21,1,49488.85,46760.62,1,1,1,1.0,HOLD
2021-08-30,46982.91,46142.96,41907.51,1,49488.85,46843.87,1,1,1,1.0,HOLD
2021-08-31,47100.89,46216.64,41993.35,1,49488.85,46843.87,1,1,1,1.0,HOLD
2021-09-01,48810.52,46416.17,42106.03,1,49488.85,46843.87,1,1,1,1.0,HOLD
2021-09-02,49246.64,46633.9,42224.06,1,49488.85,46843.87,1,1,1,1.0,HOLD
2021-09-03,49999.14,46892.77,42352.57,1,49488.85,46843.87,1,1,1,1.0,HOLD
2021-09-04,49915.64,47125.29,42477.58,1,49999.14,46843.87,1,1,1,1.0,HOLD
2021-09-05,51756.88,47481.57,42630.96,1,49999.14,46843.87,1,1,1,1.0,HOLD
2021-09-06,52663.9,47880.21,42796.79,1,51756.88,46982.91,1,1,1,1.0,HOLD
2021-09-07,46863.73,47802.02,42864.02,1,52663.9,46982.91,1,1,0,0.666667,SELL 0.3333
2021-09-08,46048.31,47667.12,42916.65,1,52663.9,46863.73,1,1,-1,0.333333,SELL 0.3333
2021-09-09,46395.14,47569.27,42974.14,1,52663.9,46048.31,1,1,-1,0.333333,HOLD
2021-09-10,44850.91,47360.17,43005.17,1,52663.9,46048.31,1,1,-1,0.333333,HOLD
2021-09-11,45173.69,47191.98,43041.01,1,52663.9,44850.91,1,1,-1,0.333333,HOLD
2021-09-12,46025.24,47102.23,43090.34,1,52663.9,44850.91,1,1,-1,0.333333,HOLD
2021-09-13,44940.73,46935.96,43120.92,1,52663.9,44850.91,1,1,-1,0.333333,HOLD
2021-09-14,47111.52,46949.47,43186.88,1,52663.9,44850.91,1,1,-1,0.333333,HOLD
2021-09-15,48121.41,47039.61,43268.44,1,52663.9,44850.91,1,1,-1,0.333333,HOLD
2021-09-16,47737.82,47093.32,43342.32,1,52663.9,44850.91,1,1,-1,0.333333,HOLD
2021-09-17,47299.98,47109.22,43407.73,1,52663.9,44850.91,1,1,-1,0.333333,HOLD
2021-09-18,48292.74,47200.26,43488.48,1,52663.9,44850.91,1,1,0,0.666667,BUY 0.3333
2021-09-19,47241.75,47203.45,43550.51,1,52663.9,44850.91,1,1,0,0.666667,HOLD
2021-09-20,43015.62,46881.31,43541.67,-1,52663.9,44850.91,1,-1,-1,0.0,SELL 0.6667
2021-09-21,40734.38,46408.47,43495.27,-1,52663.9,43015.62,1,-1,-1,0.0,HOLD
2021-09-22,43543.61,46188.1,43496.07,-1,52663.9,40734.38,1,-1,-1,0.0,HOLD
2021-09-23,44865.26,46086.34,43518.7,-1,52663.9,40734.38,1,-1,-1,0.0,HOLD
2021-09-24,42810.57,45834.36,43507.0,-1,52663.9,40734.38,1,-1,-1,0.0,HOLD
2021-09-25,42670.64,45590.99,43493.17,-1,52663.9,40734.38,1,-1,-1,0.0,HOLD
2021-09-26,43160.9,45404.06,43487.68,-1,52663.9,40734.38,1,-1,-1,0.0,HOLD
2021-09-27,42147.35,45153.55,43465.53,-1,48292.74,40734.38,1,-1,-1,0.0,HOLD
2021-09-28,41026.54,44836.09,43425.21,-1,48292.74,40734.38,1,-1,-1,0.0,HOLD
2021-09-29,41524.28,44581.33,43393.79,-1,48292.74,40734.38,1,-1,-1,0.0,HOLD
2021-09-30,43824.1,44523.08,43400.9,-1,48292.74,40734.38,1,-1,-1,0.0,HOLD
2021-10-01,48141.61,44801.43,43479.26,-1,48292.74,40734.38,1,-1,0,0.0,HOLD
2021-10-02,47634.9,45019.39,43547.95,-1,48292.74,41026.54,1,-1,0,0.0,HOLD
2021-10-03,48200.01,45264.05,43624.85,1,48292.74,41026.54,1,1,0,0.666667,BUY 0.6667
2021-10-04,49224.94,45568.74,43717.41,1,48292.74,41026.54,1,1,1,1.0,BUY 0.3333
2021-10-05,51471.99,46022.83,43845.58,1,49224.94,41026.54,1,1,1,1.0,HOLD
2021-10-06,55315.0,46737.62,44035.16,1,51471.99,41026.54,1,1,1,1.0,HOLD
2021-10-07,53785.22,47279.74,44196.32,1,55315.0,41026.54,1,1,1,1.0,HOLD
2021-10-08,53951.43,47792.95,44357.56,1,55315.0,41026.54,1,1,1,1.0,HOLD
2021-10-09,54949.72,48343.47,44532.64,1,55315.0,41524.28,1,1,1,1.0,HOLD
2021-10-10,54659.0,48829.28,44700.02,1,55315.0,43824.1,1,1,1,1.0,HOLD
2021-10-11,57471.35,49494.05,44911.11,1,55315.0,47634.9,1,1,1,1.0,HOLD
2021-10-12,55996.93,49994.27,45094.35,1,57471.35,47634.9,1,1,1,1.0,HOLD
2021-10-13,57367.0,50561.41,45297.2,1,57471.35,48200.01,1,1,1,1.0,HOLD
2021-10-14,57347.94,51083.45,45496.39,1,57471.35,49224.94,1,1,1,1.0,HOLD
2021-10-15,61672.42,51897.98,45763.76,1,57471.35,51471.99,1,1,1,1.0,HOLD
2021-10-16,60875.57,52588.57,46013.54,1,61672.42,53785.22,1,1,1,1.0,HOLD
2021-10-17,61528.33,53276.24,46269.99,1,61672.42,53785.22,1,1,1,1.0,HOLD
2021-10-18,62009.84,53948.06,46530.15,1,61672.42,53951.43,1,1,1,1.0,HOLD
2021-10-19,64280.59,54742.87,46823.54,1,62009.84,54659.0,1,1,1,1.0,HOLD
2021-10-20,66001.41,55608.91,47140.53,1,64280.59,54659.0,1,1,1,1.0,HOLD
2021-10-21,62193.15,56115.39,47389.34,1,66001.41,55996.93,1,1,1,1.0,HOLD
2021-10-22,60688.22,56467.14,47609.15,1,66001.41,55996.93,1,1,1,1.0,HOLD
2021-10-23,61286.75,56837.88,47835.23,1,66001.41,57347.94,1,1,1,1.0,HOLD
2021-10-24,60852.22,57146.68,48050.39,1,66001.41,57347.94,1,1,1,1.0,HOLD
2021-10-25,63078.78,57602.99,48298.79,1,66001.41,60688.22,1,1,1,1.0,HOLD
2021-10-26,60328.81,57812.67,48497.63,1,66001.41,60688.22,1,1,0,0.666667,SELL 0.3333
2021-10-27,58413.44,57858.89,48661.53,1,66001.41,60328.81,1,1,0,0.666667,HOLD
2021-10-28,60575.89,58067.89,48858.46,1,66001.41,58413.44,1,1,0,0.666667,HOLD
2021-10-29,62253.71,58389.87,49079.87,1,66001.41,58413.44,1,1,0,0.666667,HOLD
2021-10-30,61859.19,58656.74,49291.1,1,66001.41,58413.44,1,1,0,0.666667,HOLD
2021-10-31,61299.8,58860.05,49489.59,1,66001.41,58413.44,1,1,0,0.666667,HOLD
2021-11-01,60911.11,59017.83,49678.38,1,66001.41,58413.44,1,1,0,0.666667,HOLD
2021-11-02,63219.99,59341.07,49902.2,1,66001.41,58413.44,1,1,0,0.666667,HOLD
2021-11-03,62896.48,59614.56,50116.99,1,66001.41,58413.44,1,1,0,0.666667,HOLD
2021-11-04,61395.01,59751.52,50303.4,1,66001.41,58413.44,1,1,0,0.666667,HOLD
2021-11-05,60937.12,59842.72,50479.16,1,66001.41,58413.44,1,1,0,0.666667,HOLD
2021-11-06,61470.61,59967.94,50660.84,1,66001.41,58413.44,1,1,0,0.666667,HOLD
2021-11-07,63273.59,60222.22,50869.32,1,66001.41,60575.89,1,1,0,0.666667,HOLD
2021-11-08,67525.83,60784.04,51144.63,1,66001.41,60911.11,1,1,1,1.0,BUY 0.3333
2021-11-09,66947.66,61258.16,51405.84,1,67525.83,60911.11,1,1,1,1.0,HOLD
2021-11-10,64882.43,61536.95,51628.59,1,67525.83,60911.11,1,1,1,1.0,HOLD
2021-11-11,64774.26,61785.98,51845.87,1,67525.83,60911.11,1,1,1,1.0,HOLD
2021-11-12,64122.23,61965.69,52048.79,1,67525.83,60937.12,1,1,1,1.0,HOLD
2021-11-13,64380.0,62151.41,52252.61,1,67525.83,60937.12,1,1,1,1.0,HOLD
2021-11-14,65519.1,62410.46,52471.89,1,67525.83,60937.12,1,1,1,1.0,HOLD
2021-11-15,63606.74,62502.48,52655.94,1,67525.83,60937.12,1,1,1,1.0,HOLD
2021-11-16,60058.87,62314.51,52778.3,1,67525.83,61470.61,1,1,0,0.666667,SELL 0.3333
2021-11-17,60344.87,62163.0,52903.37,1,67525.83,60058.87,1,1,0,0.666667,HOLD
2021-11-18,56891.62,61757.51,52969.29,1,67525.83,60058.87,1,1,-1,0.333333,SELL 0.3333
2021-11-19,58052.24,61472.49,53053.31,1,67525.83,56891.62,1,1,-1,0.333333,HOLD
2021-11-20,59707.51,61336.72,53163.29,1,67525.83,56891.62,1,1,-1,0.333333,HOLD
2021-11-21,58622.02,61127.9,53253.52,1,67525.83,56891.62,1,1,-1,0.333333,HOLD
2021-11-22,56247.18,60752.46,53303.0,-1,67525.83,56891.62,1,-1,-1,0.0,SELL 0.3333
2021-11-23,57541.27,60505.44,53373.06,1,67525.83,56247.18,1,1,-1,0.333333,BUY 0.3333
2021-11-24,57138.29,60246.43,53435.29,-1,67525.83,56247.18,1,-1,-1,0.0,SELL 0.3333
2021-11-25,58960.36,60147.5,53526.61,-1,67525.83,56247.18,1,-1,-1,0.0,HOLD
2021-11-26,53726.53,59653.58,53529.92,-1,67525.83,56247.18,1,-1,-1,0.0,HOLD
2021-11-27,54721.03,59274.15,53549.61,-1,67525.83,53726.53,1,-1,-1,0.0,HOLD
2021-11-28,57274.88,59120.36,53611.18,-1,67525.83,53726.53,1,-1,-1,0.0,HOLD
2021-11-29,57776.25,59016.97,53680.03,-1,66947.66,53726.53,1,-1,-1,0.0,HOLD
2021-11-30,56950.56,58858.02,53734.08,-1,65519.1,53726.53,1,-1,-1,0.0,HOLD
2021-12-01,57184.07,58729.25,53791.11,-1,65519.1,53726.53,1,-1,-1,0.0,HOLD
2021-12-02,56480.34,58556.26,53835.56,-1,65519.1,53726.53,1,-1,-1,0.0,HOLD
2021-12-03,53601.05,58175.09,53831.68,-1,65519.1,53726.53,1,-1,-1,0.0,HOLD
2021-12-04,49152.47,57481.04,53754.34,-1,65519.1,53601.05,1,-1,-1,0.0,HOLD
2021-12-05,49396.33,56859.14,53682.31,-1,63606.74,49152.47,1,-1,-1,0.0,HOLD
2021-12-06,50441.92,56365.51,53628.75,-1,60344.87,49152.47,1,-1,-1,0.0,HOLD
2021-12-07,50588.95,55921.16,53578.5,-1,60344.87,49152.47,1,-1,-1,0.0,HOLD
2021-12-08,50471.19,55501.93,53527.14,-1,59707.51,49152.47,1,-1,-1,0.0,HOLD
2021-12-09,47545.59,54889.9,53428.27,-1,59707.51,49152.47,1,-1,-1,0.0,HOLD
2021-12-10,47140.54,54293.8,53324.34,-1,59707.51,47545.59,1,-1,-1,0.0,HOLD
2021-12-11,49389.99,53916.58,53259.31,-1,58960.36,47140.54,1,-1,-1,0.0,HOLD
2021-12-12,50053.9,53619.45,53206.33,-1,58960.36,47140.54,1,-1,-1,0.0,HOLD
2021-12-13,46702.75,53087.4,53098.83,-1,58960.36,47140.54,0,-1,-1,0.0,HOLD
2021-12-14,48343.28,52722.47,53020.23,-1,58960.36,46702.75,0,-1,-1,0.0,HOLD
2021-12-15,48864.98,52425.74,52951.55,-1,58960.36,46702.75,0,-1,-1,0.0,HOLD
2021-12-16,47632.38,52057.02,52863.63,-1,57776.25,46702.75,0,-1,-1,0.0,HOLD
2021-12-17,46131.2,51601.18,52752.35,-1,57776.25,46702.75,0,-1,-1,0.0,HOLD
2021-12-18,46834.48,51234.52,52654.53,-1,57776.25,46131.2,0,-1,-1,0.0,HOLD
2021-12-19,46681.23,50884.26,52555.8,-1,57776.25,46131.2,0,-1,-1,0.0,HOLD
2021-12-20,46914.16,50578.87,52462.55,-1,57184.07,46131.2,0,-1,-1,0.0,HOLD
2021-12-21,48889.88,50448.95,52403.5,-1,57184.07,46131.2,0,-1,-1,0.0,HOLD
2021-12-22,48588.16,50305.81,52340.43,-1,56480.34,46131.2,0,-1,-1,0.0,HOLD
2021-12-23,50838.81,50346.81,52315.61,-1,53601.05,46131.2,0,-1,0,0.0,HOLD
2021-12-24,50820.0,50383.21,52290.89,-1,50838.81,46131.2,0,-1,0,0.0,HOLD
2021-12-25,50399.66,50384.47,52259.63,-1,50838.81,46131.2,0,-1,0,0.0,HOLD
2021-12-26,50775.49,50414.55,52235.1,-1,50838.81,46131.2,0,-1,0,0.0,HOLD
2021-12-27,50701.44,50436.62,52209.75,-1,50838.81,46131.2,0,-1,0,0.0,HOLD
2021-12-28,47543.74,50214.09,52132.63,-1,50838.81,46681.23,0,-1,0,0.0,HOLD
2021-12-29,46464.66,49925.67,52038.94,-1,50838.81,46681.23,0,-1,0,0.0,HOLD
2021-12-30,47120.87,49709.92,51957.65,-1,50838.81,46464.66,0,-1,0,0.0,HOLD
2021-12-31,46216.93,49441.23,51862.76,-1,50838.81,46464.66,0,-1,0,0.0,HOLD
2022-01-01,47722.65,49309.03,51794.33,-1,50838.81,46216.93,0,-1,0,0.0,HOLD
2022-01-02,47286.18,49153.43,51719.82,-1,50838.81,46216.93,0,-1,0,0.0,HOLD
2022-01-03,46446.1,48945.17,51632.65,-1,50838.81,46216.93,0,-1,0,0.0,HOLD
2022-01-04,45832.01,48705.7,51536.77,-1,50838.81,46216.93,0,-1,-1,0.0,HOLD
2022-01-05,43451.13,48301.5,51403.12,-1,50838.81,45832.01,0,-1,-1,0.0,HOLD
2022-01-06,43082.31,47900.02,51265.59,-1,50838.81,43451.13,0,-1,-1,0.0,HOLD
2022-01-07,41566.48,47412.83,51105.27,-1,50838.81,43082.31,0,-1,-1,0.0,HOLD
2022-01-08,41679.74,46971.82,50949.48,-1,50838.81,41566.48,0,-1,-1,0.0,HOLD
2022-01-09,41864.62,46578.96,50799.32,-1,50838.81,41566.48,0,-1,-1,0.0,HOLD
2022-01-10,41822.49,46213.08,50650.94,-1,50838.81,41566.48,0,-1,-1,0.0,HOLD
2022-01-11,42729.29,45945.09,50520.0,-1,50838.81,41566.48,0,-1,-1,0.0,HOLD
2022-01-12,43902.66,45787.98,50410.62,-1,50838.81,41566.48,0,-1,-1,0.0,HOLD
2022-01-13,42560.11,45539.69,50280.86,-1,50820.0,41566.48,0,-1,-1,0.0,HOLD
2022-01-14,43059.96,45348.94,50161.51,-1,50775.49,41566.48,0,-1,-1,0.0,HOLD
2022-01-15,43084.29,45174.73,50044.53,-1,50775.49,41566.48,0,-1,-1,0.0,HOLD
2022-01-16,43071.66,45012.96,49929.28,-1,50701.44,41566.48,0,-1,-1,0.0,HOLD
2022-01-17,42201.62,44796.7,49801.55,-1,47722.65,41566.48,0,-1,-1,0.0,HOLD
2022-01-18,42352.12,44608.66,49678.42,-1,47722.65,41679.74,0,-1,-1,0.0,HOLD
2022-01-19,41660.01,44381.84,49545.88,-1,47722.65,41822.49,0,-1,-1,0.0,HOLD
2022-01-20,40680.91,44097.15,49399.35,-1,47722.65,41660.01,0,-1,-1,0.0,HOLD
2022-01-21,36445.31,43508.55,49185.24,-1,47722.65,40680.91,0,-1,-1,0.0,HOLD
2022-01-22,35071.42,42859.54,48951.95,-1,47286.18,36445.31,0,-1,-1,0.0,HOLD
2022-01-23,36244.55,42350.69,48741.91,-1,46446.1,35071.42,0,-1,-1,0.0,HOLD
2022-01-24,36660.35,41912.97,48542.21,-1,45832.01,35071.42,0,-1,-1,0.0,HOLD
2022-01-25,36958.32,41531.85,48350.75,-1,43902.66,35071.42,0,-1,-1,0.0,HOLD
2022-01-26,36809.34,41168.58,48159.98,-1,43902.66,35071.42,0,-1,-1,0.0,HOLD
2022-01-27,37160.1,40860.23,47978.16,-1,43902.66,35071.42,0,-1,-1,0.0,HOLD
2022-01-28,37716.56,40618.41,47808.55,-1,43902.66,35071.42,0,-1,-1,0.0,HOLD
2022-01-29,38166.84,40429.83,47649.18,-1,43902.66,35071.42,0,-1,-1,0.0,HOLD
2022-01-30,37881.76,40233.82,47487.74,-1,43902.66,35071.42,0,-1,-1,0.0,HOLD
2022-01-31,38466.9,40097.91,47338.63,-1,43902.66,35071.42,0,-1,0,0.0,HOLD
2022-02-01,38694.59,39989.96,47195.76,-1,43902.66,35071.42,0,-1,0,0.0,HOLD
2022-02-02,36896.36,39751.99,47025.52,-1,43084.29,36244.55,0,-1,0,0.0,HOLD
2022-02-03,37311.61,39564.27,46864.96,-1,43084.29,36660.35,0,-1,0,0.0,HOLD
2022-02-04,41574.25,39718.88,46777.51,-1,43084.29,36809.34,0,-1,0,0.0,HOLD
2022-02-05,41382.59,39846.86,46688.34,-1,43071.66,36809.34,0,-1,0,0.0,HOLD
2022-02-06,42380.87,40041.78,46617.14,-1,42352.12,36896.36,0,-1,1,0.0,HOLD
2022-02-07,43839.99,40333.95,46571.23,-1,42380.87,36896.36,0,-1,1,0.0,HOLD
2022-02-08,44042.99,40619.26,46529.44,-1,43839.99,36896.36,0,-1,1,0.0,HOLD
2022-02-09,44372.72,40907.99,46493.8,-1,44042.99,36896.36,0,-1,1,0.0,HOLD
2022-02-10,43495.44,41107.03,46444.24,-1,44372.72,36896.36,0,-1,1,0.0,HOLD
2022-02-11,42373.73,41204.46,46376.96,-1,44372.72,36896.36,0,-1,1,0.0,HOLD
2022-02-12,42217.87,41282.42,46308.21,-1,44372.72,36896.36,0,-1,1,0.0,HOLD
2022-02-13,42053.66,41341.75,46237.89,-1,44372.72,37311.61,0,-1,1,0.0,HOLD
2022-02-14,42535.94,41433.61,46176.7,-1,44372.72,41382.59,0,-1,1,0.0,HOLD
2022-02-15,44544.86,41672.93,46149.73,1,44372.72,41382.59,0,1,1,0.666667,BUY 0.6667
2022-02-16,43873.56,41842.21,46112.1,1,44544.86,42053.66,0,1,1,0.666667,HOLD
2022-02-17,40515.7,41740.17,46019.6,-1,44544.86,42053.66,0,-1,0,0.0,SELL 0.6667
2022-02-18,39974.44,41604.35,45919.68,-1,44544.86,40515.7,0,-1,0,0.0,HOLD
2022-02-19,40079.17,41487.03,45823.14,-1,44544.86,39974.44,0,-1,0,0.0,HOLD
2022-02-20,38386.89,41248.55,45700.23,-1,44544.86,39974.44,0,-1,0,0.0,HOLD
2022-02-21,37008.16,40922.37,45556.56,-1,44544.86,38386.89,0,-1,0,0.0,HOLD
2022-02-22,38230.33,40715.29,45435.46,-1,44544.86,37008.16,0,-1,0,0.0,HOLD
2022-02-23,37250.01,40448.73,45300.17,-1,44544.86,37008.16,0,-1,0,0.0,HOLD
2022-02-24,38327.21,40285.54,45184.91,-1,44544.86,37008.16,0,-1,0,0.0,HOLD
2022-02-25,39219.17,40203.51,45086.31,-1,44544.86,37008.16,0,-1,0,0.0,HOLD
2022-02-26,39116.72,40119.91,44987.63,-1,44544.86,37008.16,0,-1,0,0.0,HOLD
2022-02-27,37699.07,39933.69,44867.16,-1,44544.86,37008.16,0,-1,0,0.0,HOLD
2022-02-28,43160.0,40181.87,44838.94,1,44544.86,37008.16,0,1,0,0.333333,BUY 0.3333
2022-03-01,44421.2,40507.97,44832.04,1,44544.86,37008.16,0,1,0,0.333333,HOLD
2022-03-02,43892.98,40768.36,44816.52,1,44544.86,37008.16,0,1,0,0.333333,HOLD
2022-03-03,42454.0,40898.02,44777.47,1,44544.86,37008.16,0,1,0,0.333333,HOLD
2022-03-04,39148.66,40763.45,44684.43,1,44544.86,37250.01,0,1,0,0.333333,HOLD
2022-03-05,39397.96,40658.42,44597.05,1,44544.86,37250.01,0,1,0,0.333333,HOLD
2022-03-06,38420.81,40486.29,44494.96,1,44544.86,37699.07,0,1,0,0.333333,HOLD
2022-03-07,37988.0,40294.12,44387.41,1,44544.86,37699.07,0,1,0,0.333333,HOLD
2022-03-08,38730.63,40173.85,44293.91,1,44421.2,37699.07,0,1,0,0.333333,HOLD
2022-03-09,41941.71,40309.84,44255.03,1,44421.2,37699.07,0,1,0,0.333333,HOLD
2022-03-10,39422.0,40241.54,44175.15,1,44421.2,37988.0,0,1,0,0.333333,HOLD
2022-03-11,38729.57,40125.24,44085.14,1,44421.2,37988.0,0,1,0,0.333333,HOLD
2022-03-12,38807.36,40023.86,43997.9,1,44421.2,37988.0,0,1,0,0.333333,HOLD
2022-03-13,37777.34,39851.05,43895.08,-1,44421.2,37988.0,0,-1,0,0.0,SELL 0.3333
2022-03-14,39671.37,39837.23,43825.27,1,44421.2,37777.34,0,1,0,0.333333,BUY 0.3333
2022-03-15,39280.33,39794.39,43750.14,1,44421.2,37777.34,0,1,0,0.333333,HOLD
2022-03-16,41114.0,39895.9,43706.57,-1,44421.2,37777.34,0,-1,0,0.0,SELL 0.3333
2022-03-17,40917.9,39974.52,43660.48,-1,44421.2,37777.34,0,-1,0,0.0,HOLD
2022-03-18,41757.51,40111.67,43629.02,-1,44421.2,37777.34,0,-1,0,0.0,HOLD
2022-03-19,42201.13,40272.4,43605.42,-1,44421.2,37777.34,0,-1,0,0.0,HOLD
2022-03-20,41262.11,40348.53,43566.69,-1,44421.2,37777.34,0,-1,0,0.0,HOLD
2022-03-21,41002.25,40398.82,43524.3,-1,44421.2,37777.34,0,-1,0,0.0,HOLD
2022-03-22,42364.13,40549.99,43505.13,-1,43892.98,37777.34,0,-1,0,0.0,HOLD
2022-03-23,42882.76,40729.44,43494.84,1,42454.0,37777.34,0,1,1,0.666667,BUY 0.6667
2022-03-24,43991.46,40980.36,43503.05,1,42882.76,39280.33,0,1,1,0.666667,HOLD
2022-03-25,44313.16,41236.73,43516.44,1,43991.46,39280.33,0,1,1,0.666667,HOLD
2022-03-26,44511.27,41488.62,43532.88,1,44313.16,40917.9,0,1,1,0.666667,HOLD
2022-03-27,46827.76,41899.32,43587.34,1,44511.27,40917.9,0,1,1,0.666667,HOLD
2022-03-28,47122.21,42301.08,43645.77,1,46827.76,41002.25,0,1,1,0.666667,HOLD
2022-03-29,47434.8,42695.98,43708.4,1,47122.21,41002.25,0,1,1,0.666667,HOLD
2022-03-30,47067.99,43032.29,43763.93,1,47434.8,41002.25,0,1,1,0.666667,HOLD
2022-03-31,45510.34,43222.91,43792.8,1,47434.8,41002.25,0,1,1,0.666667,HOLD
2022-04-01,46283.49,43458.34,43833.96,1,47434.8,42364.13,0,1,1,0.666667,HOLD
2022-04-02,45811.0,43639.31,43866.64,1,47434.8,42882.76,0,1,1,0.666667,HOLD
2022-04-03,46407.35,43852.24,43908.64,1,47434.8,43991.46,0,1,1,0.666667,HOLD
2022-04-04,46580.51,44062.11,43952.8,1,47434.8,44313.16,1,1,1,1.0,BUY 0.3333
2022-04-05,45497.55,44172.53,43978.33,1,47434.8,44511.27,1,1,1,1.0,HOLD
2022-04-06,43170.47,44095.44,43964.98,1,47434.8,45497.55,1,1,0,0.666667,SELL 0.3333
2022-04-07,43444.19,44045.35,43956.37,1,47434.8,43170.47,1,1,0,0.666667,HOLD
2022-04-08,42252.01,43907.4,43928.2,1,47434.8,43170.47,0,1,0,0.333333,SELL 0.3333
2022-04-09,42753.97,43818.67,43908.79,-1,47434.8,42252.01,0,-1,0,0.0,SELL 0.3333
2022-04-10,42158.85,43690.99,43879.87,-1,47434.8,42252.01,0,-1,0,0.0,HOLD
2022-04-11,39530.45,43370.95,43807.98,-1,47434.8,42158.85,0,-1,-1,0.0,HOLD
2022-04-12,40074.94,43117.41,43746.27,-1,47434.8,39530.45,0,-1,-1,0.0,HOLD
2022-04-13,41147.79,42965.9,43703.32,1,47434.8,39530.45,0,1,-1,0.0,HOLD
2022-04-14,39942.38,42733.33,43641.16,1,47434.8,39530.45,0,1,-1,0.0,HOLD
2022-04-15,40551.9,42565.52,43590.1,1,47434.8,39530.45,0,1,-1,0.0,HOLD
2022-04-16,40378.71,42397.31,43537.02,1,47434.8,39530.45,0,1,-1,0.0,HOLD
2022-04-17,39678.12,42188.14,43473.23,1,47434.8,39530.45,0,1,-1,0.0,HOLD
2022-04-18,40801.13,42081.45,43429.07,-1,47434.8,39530.45,0,-1,-1,0.0,HOLD
2022-04-19,41493.18,42036.19,43397.07,1,47067.99,39530.45,0,1,-1,0.0,HOLD
2022-04-20,41358.19,41984.04,43363.37,1,46580.51,39530.45,0,1,-1,0.0,HOLD
2022-04-21,40480.01,41868.35,43315.71,1,46580.51,39530.45,0,1,-1,0.0,HOLD
2022-04-22,39709.18,41702.26,43256.1,1,46580.51,39678.12,0,1,-1,0.0,HOLD
2022-04-23,39441.6,41528.36,43193.05,-1,46580.51,39678.12,0,-1,-1,0.0,HOLD
2022-04-24,39450.13,41368.5,43131.18,1,46580.51,39441.6,0,1,-1,0.0,HOLD
2022-04-25,40426.08,41296.0,43086.47,-1,45497.55,39441.6,0,-1,-1,0.0,HOLD
2022-04-26,38112.65,41051.13,43004.26,-1,43444.19,39441.6,0,-1,-1,0.0,HOLD
2022-04-27,39235.72,40911.48,42941.97,-1,43444.19,38112.65,0,-1,-1,0.0,HOLD
2022-04-28,39742.07,40821.53,42889.08,-1,42753.97,38112.65,0,-1,-1,0.0,HOLD
2022-04-29,38596.11,40650.34,42818.12,-1,42753.97,38112.65,0,-1,-1,0.0,HOLD
2022-04-30,37630.8,40418.07,42732.38,-1,42158.85,38112.65,0,-1,-1,0.0,HOLD
2022-05-01,38468.35,40268.09,42661.9,-1,41493.18,37630.8,0,-1,-1,0.0,HOLD
2022-05-02,38525.16,40134.02,42593.52,-1,41493.18,37630.8,0,-1,-1,0.0,HOLD
2022-05-03,37728.95,39949.01,42513.11,-1,41493.18,37630.8,0,-1,-1,0.0,HOLD
2022-05-04,39690.0,39929.09,42466.45,-1,41493.18,37630.8,0,-1,-1,0.0,HOLD
2022-05-05,36552.97,39669.39,42368.71,-1,41493.18,37630.8,0,-1,-1,0.0,HOLD
2022-05-06,36013.77,39388.19,42263.67,-1,41493.18,36552.97,0,-1,-1,0.0,HOLD
2022-05-07,35472.39,39086.97,42151.42,-1,41493.18,36013.77,0,-1,-1,0.0,HOLD
2022-05-08,34038.4,38698.62,42017.32,-1,41493.18,35472.39,0,-1,-1,0.0,HOLD
2022-05-09,30076.31,38035.37,41819.94,-1,41493.18,34038.4,0,-1,-1,0.0,HOLD
2022-05-10,31017.1,37495.5,41641.38,-1,41358.19,30076.31,0,-1,-1,0.0,HOLD
2022-05-11,29103.94,36849.99,41434.15,-1,40480.01,30076.31,0,-1,-1,0.0,HOLD
2022-05-12,29029.75,36248.44,41229.12,-1,40426.08,29103.94,0,-1,-1,0.0,HOLD
2022-05-13,29287.05,35712.95,41031.73,-1,40426.08,29029.75,0,-1,-1,0.0,HOLD
2022-05-14,30086.74,35280.16,40850.82,-1,40426.08,29029.75,0,-1,-1,0.0,HOLD
2022-05-15,31328.89,34976.22,40693.44,-1,40426.08,29029.75,0,-1,-1,0.0,HOLD
2022-05-16,29874.01,34583.74,40514.6,-1,39742.07,29029.75,0,-1,-1,0.0,HOLD
2022-05-17,30444.93,34265.37,40348.16,-1,39742.07,29029.75,0,-1,-1,0.0,HOLD
2022-05-18,28715.32,33838.44,40155.88,-1,39742.07,29029.75,0,-1,-1,0.0,HOLD
2022-05-19,30319.23,33567.73,39993.29,-1,39690.0,28715.32,0,-1,-1,0.0,HOLD
2022-05-20,29201.01,33231.83,39814.91,-1,39690.0,28715.32,0,-1,-1,0.0,HOLD
2022-05-21,29445.06,32940.54,39643.51,-1,39690.0,28715.32,0,-1,-1,0.0,HOLD
2022-05-22,30293.94,32736.96,39488.97,-1,39690.0,28715.32,0,-1,-1,0.0,HOLD
2022-05-23,29109.15,32457.89,39317.4,-1,39690.0,28715.32,0,-1,-1,0.0,HOLD
2022-05-24,29654.58,32242.26,39157.69,-1,39690.0,28715.32,0,-1,-1,0.0,HOLD
2022-05-25,29542.15,32034.55,38998.75,-1,36552.97,28715.32,0,-1,-1,0.0,HOLD
2022-05-26,29201.35,31816.62,38836.81,-1,36013.77,28715.32,0,-1,-1,0.0,HOLD
2022-05-27,28629.8,31571.48,38668.1,-1,35472.39,28715.32,0,-1,-1,0.0,HOLD
2022-05-28,29031.33,31376.08,38508.81,-1,34038.4,28629.8,0,-1,-1,0.0,HOLD
2022-05-29,29468.1,31229.31,38359.38,-1,31328.89,28629.8,0,-1,-1,0.0,HOLD
2022-05-30,31734.22,31268.15,38249.87,-1,31328.89,28629.8,0,-1,1,0.0,HOLD
2022-05-31,31801.04,31309.14,38143.28,-1,31734.22,28629.8,0,-1,1,0.0,HOLD
2022-06-01,29805.83,31193.5,38005.47,-1,31801.04,28629.8,0,-1,1,0.0,HOLD
2022-06-02,30452.62,31136.51,37880.63,-1,31801.04,28629.8,0,-1,1,0.0,HOLD
2022-06-03,29700.21,31026.03,37745.42,-1,31801.04,28629.8,0,-1,1,0.0,HOLD
2022-06-04,29864.04,30936.64,37615.15,-1,31801.04,28629.8,0,-1,1,0.0,HOLD
2022-06-05,29919.21,30858.38,37487.94,-1,31801.04,28629.8,0,-1,1,0.0,HOLD
2022-06-06,31373.1,30897.97,37386.87,-1,31801.04,28629.8,0,-1,1,0.0,HOLD
2022-06-07,31125.33,30915.46,37283.37,-1,31801.04,29031.33,0,-1,1,0.0,HOLD
2022-06-08,30204.77,30860.79,37166.37,-1,31801.04,29468.1,0,-1,1,0.0,HOLD
2022-06-09,30109.93,30803.04,37049.74,-1,31801.04,29700.21,0,-1,1,0.0,HOLD
2022-06-10,29091.88,30671.41,36918.2,-1,31801.04,29700.21,0,-1,0,0.0,HOLD
2022-06-11,28424.7,30498.58,36777.81,-1,31801.04,29091.88,0,-1,-1,0.0,HOLD
2022-06-12,26574.53,30196.73,36609.16,-1,31801.04,28424.7,0,-1,-1,0.0,HOLD
2022-06-13,22487.41,29603.71,36375.75,-1,31801.04,26574.53,0,-1,-1,0.0,HOLD
2022-06-14,22136.41,29029.3,36140.39,-1,31801.04,22487.41,0,-1,-1,0.0,HOLD
2022-06-15,22583.72,28533.49,35916.31,-1,31801.04,22136.41,0,-1,-1,0.0,HOLD
2022-06-16,20401.31,27907.94,35659.86,-1,31801.04,22136.41,0,-1,-1,0.0,HOLD
2022-06-17,20468.81,27335.69,35408.77,-1,31801.04,20401.31,0,-1,-1,0.0,HOLD
2022-06-18,18970.79,26692.24,35137.07,-1,31801.04,20401.31,0,-1,-1,0.0,HOLD
2022-06-19,20574.0,26221.61,34896.36,-1,31801.04,18970.79,0,-1,-1,0.0,HOLD
2022-06-20,20573.89,25787.17,34659.62,-1,31801.04,18970.79,0,-1,-1,0.0,HOLD
2022-06-21,20723.52,25397.66,34429.27,-1,31373.1,18970.79,0,-1,-1,0.0,HOLD
2022-06-22,19987.99,24981.53,34190.57,-1,31373.1,18970.79,0,-1,-1,0.0,HOLD
2022-06-23,21110.13,24683.73,33974.37,-1,31373.1,18970.79,0,-1,-1,0.0,HOLD
2022-06-24,21237.69,24418.65,33763.84,-1,31373.1,18970.79,0,-1,-1,0.0,HOLD
2022-06-25,21491.19,24193.46,33560.99,-1,31373.1,18970.79,0,-1,-1,0.0,HOLD
2022-06-26,21038.07,23950.74,33354.0,-1,31373.1,18970.79,0,-1,-1,0.0,HOLD
2022-06-27,20742.56,23703.95,33145.55,-1,31125.33,18970.79,0,-1,-1,0.0,HOLD
2022-06-28,20281.29,23440.67,32932.91,-1,30204.77,18970.79,0,-1,-1,0.0,HOLD
2022-06-29,20123.01,23185.47,32721.18,-1,30109.93,19987.99,0,-1,-1,0.0,HOLD
2022-06-30,19942.21,22935.99,32509.96,-1,29091.88,19987.99,0,-1,-1,0.0,HOLD
2022-07-01,19279.8,22654.74,32291.28,-1,28424.7,19942.21,0,-1,-1,0.0,HOLD
2022-07-02,19252.81,22393.05,32075.77,-1,26574.53,19279.8,0,-1,-1,0.0,HOLD
2022-07-03,19315.83,22156.34,31864.86,-1,22583.72,19252.81,0,-1,-1,0.0,HOLD
2022-07-04,20236.71,22008.68,31672.66,-1,22583.72,19252.81,0,-1,-1,0.0,HOLD
2022-07-05,20175.83,21867.69,31482.63,-1,22583.72,19252.81,0,-1,-1,0.0,HOLD
2022-07-06,20564.51,21767.45,31302.16,-1,21491.19,19252.81,0,-1,-1,0.0,HOLD
2022-07-07,21624.98,21756.49,31142.21,-1,21491.19,19252.81,0,-1,1,0.0,HOLD
2022-07-08,21594.75,21744.05,30984.4,-1,21624.98,19252.81,0,-1,1,0.0,HOLD
2022-07-09,21591.83,21732.34,30829.15,-1,21624.98,19252.81,0,-1,1,0.0,HOLD
2022-07-10,20862.47,21665.42,30664.41,-1,21624.98,19252.81,0,-1,1,0.0,HOLD
2022-07-11,19963.61,21534.52,30487.54,-1,21624.98,19252.81,0,-1,1,0.0,HOLD
2022-07-12,19328.75,21364.84,30303.1,-1,21624.98,19252.81,0,-1,1,0.0,HOLD
2022-07-13,20234.87,21277.92,30136.68,-1,21624.98,19315.83,0,-1,1,0.0,HOLD
2022-07-14,20588.84,21224.91,29978.86,-1,21624.98,19328.75,0,-1,1,0.0,HOLD
2022-07-15,20830.04,21194.54,29827.64,-1,21624.98,19328.75,0,-1,1,0.0,HOLD
2022-07-16,21195.6,21194.62,29684.97,-1,21624.98,19328.75,0,-1,1,0.0,HOLD
2022-07-17,20798.16,21164.12,29538.08,-1,21624.98,19328.75,0,-1,1,0.0,HOLD
2022-07-18,22432.58,21261.7,29420.63,-1,21624.98,19328.75,0,-1,1,0.0,HOLD
2022-07-19,23396.62,21425.92,29321.06,-1,22432.58,19328.75,0,-1,1,0.0,HOLD
2022-07-20,23223.3,21564.18,29220.27,-1,23396.62,19328.75,0,-1,1,0.0,HOLD
2022-07-21,23152.19,21686.34,29119.97,-1,23396.62,19328.75,0,-1,1,0.0,HOLD
2022-07-22,22684.83,21763.14,29013.6,-1,23396.62,19328.75,0,-1,1,0.0,HOLD
2022-07-23,22451.07,21816.06,28905.13,-1,23396.62,20234.87,0,-1,1,0.0,HOLD
2022-07-24,22579.68,21874.8,28800.58,1,23396.62,20588.84,0,1,1,0.666667,BUY 0.6667
2022-07-25,21310.9,21831.42,28676.78,-1,23396.62,20798.16,0,-1,1,0.0,SELL 0.6667
2022-07-26,21254.67,21787.06,28554.1,1,23396.62,20798.16,0,1,1,0.666667,BUY 0.6667
2022-07-27,22952.45,21876.7,28461.52,1,23396.62,20798.16,0,1,1,0.666667,HOLD
2022-07-28,23842.93,22027.95,28385.17,1,23396.62,21254.67,0,1,1,0.666667,HOLD
2022-07-29,23773.75,22162.24,28308.95,1,23842.93,21254.67,0,1,1,0.666667,HOLD
2022-07-30,23643.51,22276.19,28231.84,1,23842.93,21254.67,0,1,1,0.666667,HOLD
2022-07-31,23293.32,22354.43,28150.21,1,23842.93,21254.67,0,1,1,0.666667,HOLD
2022-08-01,23268.01,22424.7,28069.51,1,23842.93,21254.67,0,1,1,0.666667,HOLD
2022-08-02,22987.79,22468.02,27985.52,1,23842.93,21254.67,0,1,1,0.666667,HOLD
2022-08-03,22818.37,22494.97,27900.11,1,23842.93,21254.67,0,1,1,0.666667,HOLD
2022-08-04,22622.98,22504.82,27812.88,1,23842.93,21254.67,0,1,1,0.666667,HOLD
2022-08-05,23312.42,22566.94,27738.5,1,23842.93,21254.67,0,1,1,0.666667,HOLD
2022-08-06,22954.21,22596.73,27659.42,1,23842.93,22622.98,0,1,1,0.666667,HOLD
2022-08-07,23174.39,22641.16,27585.28,1,23842.93,22622.98,0,1,1,0.666667,HOLD
2022-08-08,23810.0,22731.07,27522.88,1,23842.93,22622.98,0,1,1,0.666667,HOLD
2022-08-09,23149.95,22763.3,27450.6,1,23842.93,22622.98,0,1,1,0.666667,HOLD
2022-08-10,23954.05,22854.89,27392.81,1,23842.93,22622.98,0,1,1,0.666667,HOLD
2022-08-11,23934.39,22937.93,27335.65,1,23954.05,22622.98,0,1,1,0.666667,HOLD
2022-08-12,24403.68,23050.68,27287.18,1,23954.05,22622.98,0,1,1,0.666667,HOLD
2022-08-13,24441.38,23157.66,27240.14,1,24403.68,22622.98,0,1,1,0.666667,HOLD
2022-08-14,24305.24,23245.93,27191.63,1,24441.38,22622.98,0,1,1,0.666667,HOLD
2022-08-15,24094.82,23311.23,27140.45,1,24441.38,22954.21,0,1,1,0.666667,HOLD
2022-08-16,23854.74,23353.04,27086.14,1,24441.38,22954.21,0,1,1,0.666667,HOLD
2022-08-17,23342.66,23352.24,27024.26,1,24441.38,23149.95,0,1,1,0.666667,HOLD
2022-08-18,23191.2,23339.85,26960.91,1,24441.38,23149.95,0,1,1,0.666667,HOLD
2022-08-19,20834.39,23147.13,26859.64,-1,24441.38,23149.95,0,-1,-1,0.0,SELL 0.6667
2022-08-20,21140.07,22992.74,26765.1,1,24441.38,20834.39,0,1,-1,0.0,HOLD
2022-08-21,21515.61,22879.11,26678.33,1,24441.38,20834.39,0,1,-1,0.0,HOLD
2022-08-22,21399.83,22765.32,26591.09,1,24441.38,20834.39,0,1,-1,0.0,HOLD
2022-08-23,21529.12,22670.23,26507.42,1,24441.38,20834.39,0,1,-1,0.0,HOLD
2022-08-24,21368.08,22570.06,26422.47,1,24441.38,20834.39,0,1,-1,0.0,HOLD
2022-08-25,21559.04,22492.29,26342.08,1,24441.38,20834.39,0,1,-1,0.0,HOLD
2022-08-26,20241.05,22319.12,26241.24,-1,24441.38,20834.39,0,-1,-1,0.0,HOLD
2022-08-27,20037.6,22143.62,26138.7,-1,24441.38,20241.05,0,-1,-1,0.0,HOLD
2022-08-28,19555.61,21944.54,26029.89,-1,24441.38,20037.6,0,-1,-1,0.0,HOLD
2022-08-29,20285.73,21816.94,25934.94,-1,24441.38,19555.61,0,-1,-1,0.0,HOLD
2022-08-30,19811.66,21662.69,25833.73,-1,24441.38,19555.61,0,-1,-1,0.0,HOLD
2022-08-31,20050.02,21538.64,25738.13,-1,24441.38,19555.61,0,-1,-1,0.0,HOLD
2022-09-01,20131.46,21430.39,25645.46,-1,24441.38,19555.61,0,-1,-1,0.0,HOLD
2022-09-02,19951.86,21316.66,25551.35,-1,24441.38,19555.61,0,-1,-1,0.0,HOLD
2022-09-03,19831.9,21202.45,25456.82,-1,24305.24,19555.61,0,-1,-1,0.0,HOLD
2022-09-04,20000.3,21109.97,25366.63,-1,24094.82,19555.61,0,-1,-1,0.0,HOLD
2022-09-05,19796.84,21008.96,25274.56,-1,23854.74,19555.61,0,-1,-1,0.0,HOLD
2022-09-06,18790.61,20838.32,25167.39,-1,23342.66,19555.61,0,-1,-1,0.0,HOLD
2022-09-07,19292.84,20719.44,25070.29,-1,23191.2,18790.61,0,-1,-1,0.0,HOLD
2022-09-08,19319.77,20611.77,24975.24,-1,21559.04,18790.61,0,-1,-1,0.0,HOLD
2022-09-09,21360.11,20669.34,24915.49,-1,21559.04,18790.61,0,-1,0,0.0,HOLD
2022-09-10,21648.34,20744.64,24861.48,-1,21559.04,18790.61,0,-1,1,0.0,HOLD
2022-09-11,21826.87,20827.89,24811.32,-1,21648.34,18790.61,0,-1,1,0.0,HOLD
2022-09-12,22395.74,20948.5,24771.4,-1,21826.87,18790.61,0,-1,1,0.0,HOLD
2022-09-13,20173.57,20888.89,24695.4,-1,22395.74,18790.61,0,-1,1,0.0,HOLD
2022-09-14,20226.71,20837.95,24621.54,-1,22395.74,18790.61,0,-1,1,0.0,HOLD
2022-09-15,19701.88,20750.56,24540.22,-1,22395.74,18790.61,0,-1,1,0.0,HOLD
2022-09-16,19803.3,20677.69,24461.92,-1,22395.74,18790.61,0,-1,1,0.0,HOLD
2022-09-17,20113.62,20634.3,24390.05,-1,22395.74,19292.84,0,-1,1,0.0,HOLD
2022-09-18,19416.18,20540.6,24307.84,-1,22395.74,19319.77,0,-1,1,0.0,HOLD
2022-09-19,19537.02,20463.4,24228.98,-1,22395.74,19416.18,0,-1,1,0.0,HOLD
2022-09-20,18875.0,20341.22,24140.49,-1,22395.74,19416.18,0,-1,0,0.0,HOLD
2022-09-21,18461.36,20196.61,24046.62,-1,22395.74,18875.0,0,-1,-1,0.0,HOLD
2022-09-22,19401.63,20135.46,23969.84,-1,22395.74,18461.36,0,-1,-1,0.0,HOLD
2022-09-23,19289.91,20070.42,23892.49,-1,22395.74,18461.36,0,-1,-1,0.0,HOLD
2022-09-24,18920.5,19981.96,23810.3,-1,22395.74,18461.36,0,-1,-1,0.0,HOLD
2022-09-25,18807.38,19891.61,23727.61,-1,22395.74,18461.36,0,-1,-1,0.0,HOLD
2022-09-26,19227.82,19840.55,23653.24,-1,22395.74,18461.36,0,-1,-1,0.0,HOLD
2022-09-27,19079.13,19781.98,23577.63,-1,22395.74,18461.36,0,-1,-1,0.0,HOLD
2022-09-28,19412.82,19753.58,23508.79,-1,22395.74,18461.36,0,-1,-1,0.0,HOLD
2022-09-29,19591.51,19741.12,23444.04,-1,22395.74,18461.36,0,-1,0,0.0,HOLD
2022-09-30,19422.61,19716.61,23377.57,-1,22395.74,18461.36,0,-1,0,0.0,HOLD
2022-10-01,19310.95,19685.41,23310.35,-1,22395.74,18461.36,0,-1,0,0.0,HOLD
2022-10-02,19056.8,19637.06,23240.05,-1,22395.74,18807.38,0,-1,0,0.0,HOLD
2022-10-03,19629.08,19636.44,23180.36,-1,20226.71,18807.38,0,-1,0,0.0,HOLD
2022-10-04,20337.82,19690.39,23133.38,-1,20226.71,18807.38,0,-1,1,0.0,HOLD
2022-10-05,20158.26,19726.38,23084.2,-1,20337.82,18807.38,0,-1,1,0.0,HOLD
2022-10-06,19960.67,19744.41,23032.57,-1,20337.82,19056.8,0,-1,1,0.0,HOLD
2022-10-07,19530.09,19727.92,22974.68,-1,20337.82,19056.8,0,-1,1,0.0,HOLD
2022-10-08,19417.96,19704.08,22915.89,-1,20337.82,19056.8,0,-1,1,0.0,HOLD
2022-10-09,19439.02,19683.69,22858.42,-1,20337.82,19056.8,0,-1,1,0.0,HOLD
2022-10-10,19131.87,19641.24,22796.83,-1,20337.82,19056.8,0,-1,1,0.0,HOLD
2022-10-11,19060.0,19596.53,22735.06,-1,20337.82,19056.8,0,-1,1,0.0,HOLD
2022-10-12,19155.53,19562.61,22675.9,-1,20337.82,19056.8,0,-1,1,0.0,HOLD
2022-10-13,19375.13,19548.19,22621.34,-1,20337.82,19060.0,0,-1,1,0.0,HOLD
2022-10-14,19176.93,19519.63,22564.41,-1,20337.82,19060.0,0,-1,1,0.0,HOLD
2022-10-15,19069.39,19484.99,22506.64,-1,20337.82,19060.0,0,-1,1,0.0,HOLD
2022-10-16,19262.98,19467.92,22453.02,1,20337.82,19060.0,0,1,1,0.666667,BUY 0.6667
2022-10-17,19549.86,19474.22,22405.04,1,20337.82,19060.0,0,1,1,0.666667,HOLD
2022-10-18,19327.44,19462.93,22354.17,1,20337.82,19060.0,0,1,1,0.666667,HOLD
2022-10-19,19123.97,19436.85,22300.78,-1,20337.82,19060.0,0,-1,1,0.0,SELL 0.6667
2022-10-20,19041.92,19406.47,22246.91,-1,20337.82,19060.0,0,-1,-1,0.0,HOLD
2022-10-21,19164.37,19387.85,22195.96,-1,20337.82,19041.92,0,-1,-1,0.0,HOLD
2022-10-22,19204.35,19373.74,22146.51,-1,20337.82,19041.92,0,-1,-1,0.0,HOLD
2022-10-23,19570.4,19388.86,22103.93,-1,20337.82,19041.92,0,-1,0,0.0,HOLD
2022-10-24,19329.72,19384.31,22058.08,-1,20337.82,19041.92,0,-1,0,0.0,HOLD
2022-10-25,20080.07,19437.83,22025.38,1,20158.26,19041.92,0,1,0,0.333333,BUY 0.3333
2022-10-26,20771.59,19540.43,22004.66,1,20080.07,19041.92,0,1,1,0.666667,BUY 0.3333
2022-10-27,20295.11,19598.48,21976.4,1,20771.59,19041.92,0,1,1,0.666667,HOLD
2022-10-28,20591.84,19674.9,21953.52,1,20771.59,19041.92,0,1,1,0.666667,HOLD
2022-10-29,20809.67,19762.19,21934.61,1,20771.59,19041.92,0,1,1,0.666667,HOLD
2022-10-30,20627.48,19828.75,21913.0,1,20809.67,19041.92,0,1,1,0.666667,HOLD
2022-10-31,20490.74,19879.67,21889.5,1,20809.67,19164.37,0,1,1,0.666667,HOLD
2022-11-01,20483.62,19926.13,21866.26,1,20809.67,19204.35,0,1,1,0.666667,HOLD
2022-11-02,20151.84,19943.49,21837.92,1,20809.67,19329.72,0,1,1,0.666667,HOLD
2022-11-03,20207.82,19963.82,21810.98,1,20809.67,19329.72,0,1,1,0.666667,HOLD
2022-11-04,21148.52,20054.95,21800.03,1,20809.67,20080.07,0,1,1,0.666667,HOLD
2022-11-05,21299.37,20150.68,21791.75,1,21148.52,20151.84,0,1,1,0.666667,HOLD
2022-11-06,20905.58,20208.75,21777.1,1,21299.37,20151.84,0,1,1,0.666667,HOLD
2022-11-07,20591.13,20238.16,21757.5,1,21299.37,20151.84,0,1,1,0.666667,HOLD
2022-11-08,18547.23,20108.09,21704.44,-1,21299.37,20151.84,0,-1,-1,0.0,SELL 0.6667
2022-11-09,15922.81,19786.14,21608.87,-1,21299.37,18547.23,0,-1,-1,0.0,HOLD
2022-11-10,17601.15,19618.07,21542.63,-1,21299.37,15922.81,0,-1,-1,0.0,HOLD
2022-11-11,17070.31,19422.09,21468.71,-1,21299.37,15922.81,0,-1,-1,0.0,HOLD
2022-11-12,16812.08,19221.32,21391.74,-1,21299.37,15922.81,0,-1,-1,0.0,HOLD
2022-11-13,16329.85,18998.9,21308.07,-1,21299.37,15922.81,0,-1,-1,0.0,HOLD
2022-11-14,16619.46,18815.86,21230.57,-1,21299.37,15922.81,0,-1,-1,0.0,HOLD
2022-11-15,16900.57,18668.53,21159.0,-1,21299.37,15922.81,0,-1,-1,0.0,HOLD
2022-11-16,16662.76,18514.24,21084.69,-1,21299.37,15922.81,0,-1,-1,0.0,HOLD
2022-11-17,16692.56,18374.11,21012.09,-1,21299.37,15922.81,0,-1,-1,0.0,HOLD
2022-11-18,16700.45,18245.37,20940.82,-1,21299.37,15922.81,0,-1,-1,0.0,HOLD
2022-11-19,16700.68,18126.55,20870.74,-1,21299.37,15922.81,0,-1,-1,0.0,HOLD
2022-11-20,16280.23,17984.52,20794.86,-1,21299.37,16329.85,0,-1,-1,0.0,HOLD
2022-11-21,15781.29,17815.04,20711.99,-1,21299.37,16280.23,0,-1,-1,0.0,HOLD
2022-11-22,16226.94,17692.88,20637.86,-1,21299.37,15781.29,0,-1,-1,0.0,HOLD
2022-11-23,16603.11,17609.05,20571.17,-1,21299.37,15781.29,0,-1,-1,0.0,HOLD
2022-11-24,16598.95,17531.35,20505.51,-1,21299.37,15781.29,0,-1,-1,0.0,HOLD
2022-11-25,16522.14,17453.72,20439.67,-1,21299.37,15781.29,0,-1,-1,0.0,HOLD
2022-11-26,16458.57,17377.17,20373.87,-1,20905.58,15781.29,0,-1,-1,0.0,HOLD
2022-11-27,16428.78,17304.22,20308.66,-1,20591.13,15781.29,0,-1,-1,0.0,HOLD
2022-11-28,16212.91,17220.27,20240.96,-1,18547.23,15781.29,0,-1,-1,0.0,HOLD
2022-11-29,16442.53,17160.44,20178.18,-1,17601.15,15781.29,0,-1,-1,0.0,HOLD
2022-11-30,17163.64,17160.69,20128.35,-1,17601.15,15781.29,0,-1,0,0.0,HOLD
2022-12-01,16977.37,17146.59,20076.27,-1,17163.64,15781.29,0,-1,0,0.0,HOLD
2022-12-02,17092.74,17142.45,20026.95,-1,17163.64,16212.91,0,-1,0,0.0,HOLD
2022-12-03,16885.2,17122.66,19975.02,-1,17163.64,16212.91,0,-1,0,0.0,HOLD
2022-12-04,17105.7,17121.35,19927.6,-1,17163.64,16212.91,0,-1,0,0.0,HOLD
2022-12-05,16966.35,17109.43,19878.65,-1,17163.64,16212.91,0,-1,0,0.0,HOLD
2022-12-06,17088.96,17107.86,19832.54,-1,17163.64,16212.91,0,-1,0,0.0,HOLD
2022-12-07,16836.64,17086.99,19783.02,-1,17163.64,16212.91,0,-1,0,0.0,HOLD
2022-12-08,17224.1,17097.54,19740.73,-1,17163.64,16212.91,0,-1,1,0.0,HOLD
2022-12-09,17128.56,17099.93,19697.55,-1,17224.1,16442.53,0,-1,1,0.0,HOLD
2022-12-10,17127.49,17102.05,19655.07,-1,17224.1,16836.64,0,-1,1,0.0,HOLD
2022-12-11,17085.05,17100.74,19612.59,-1,17224.1,16836.64,0,-1,1,0.0,HOLD
2022-12-12,17209.83,17109.13,19572.87,-1,17224.1,16836.64,0,-1,1,0.0,HOLD
2022-12-13,17774.7,17160.33,19543.15,-1,17224.1,16836.64,0,-1,1,0.0,HOLD
2022-12-14,17803.15,17209.78,19514.39,-1,17774.7,16836.64,0,-1,1,0.0,HOLD
2022-12-15,17356.34,17221.05,19478.72,-1,17803.15,16836.64,0,-1,1,0.0,HOLD
2022-12-16,16632.12,17175.75,19431.67,-1,17803.15,16836.64,0,-1,0,0.0,HOLD
2022-12-17,16776.52,17145.04,19387.78,-1,17803.15,16632.12,0,-1,0,0.0,HOLD
2022-12-18,16738.21,17113.74,19343.99,-1,17803.15,16632.12,0,-1,0,0.0,HOLD
2022-12-19,16438.88,17061.83,19295.97,1,17803.15,16632.12,0,1,-1,0.0,HOLD
2022-12-20,16895.56,17049.04,19256.29,-1,17803.15,16438.88,0,-1,-1,0.0,HOLD
2022-12-21,16824.67,17031.78,19216.1,-1,17803.15,16438.88,0,-1,-1,0.0,HOLD
2022-12-22,16821.43,17015.6,19176.52,1,17803.15,16438.88,0,1,-1,0.0,HOLD
2022-12-23,16778.5,16997.36,19136.88,1,17803.15,16438.88,0,1,-1,0.0,HOLD
2022-12-24,16836.12,16984.96,19098.85,1,17803.15,16438.88,0,1,-1,0.0,HOLD
2022-12-25,16832.11,16973.2,19061.39,-1,17803.15,16438.88,0,-1,-1,0.0,HOLD
2022-12-26,16919.39,16969.06,19025.98,1,17803.15,16438.88,0,1,0,0.333333,BUY 0.3333
2022-12-27,16706.36,16948.85,18987.64,1,17803.15,16438.88,0,1,0,0.333333,HOLD
2022-12-28,16547.31,16917.97,18947.31,-1,17803.15,16438.88,0,-1,0,0.0,SELL 0.3333
2022-12-29,16633.47,16896.08,18909.06,-1,17803.15,16438.88,0,-1,0,0.0,HOLD
2022-12-30,16607.48,16873.88,18871.02,1,17803.15,16547.31,0,1,0,0.333333,BUY 0.3333
2022-12-31,16542.4,16848.38,18832.53,1,17803.15,16547.31,0,1,0,0.333333,HOLD
2023-01-01,16616.75,16830.57,18795.9,1,17803.15,16542.4,0,1,0,0.333333,HOLD
2023-01-02,16672.87,16818.43,18760.81,1,17803.15,16542.4,0,1,0,0.333333,HOLD
2023-01-03,16675.18,16807.42,18726.34,1,17803.15,16542.4,0,1,0,0.333333,HOLD
2023-01-04,16850.36,16810.72,18695.33,1,17356.34,16542.4,0,1,0,0.333333,HOLD
2023-01-05,16831.85,16812.34,18664.53,1,16919.39,16542.4,0,1,0,0.333333,HOLD
2023-01-06,16950.65,16822.98,18636.2,1,16919.39,16542.4,0,1,1,0.666667,BUY 0.3333
2023-01-07,16943.57,16832.26,18608.22,1,16950.65,16542.4,0,1,1,0.666667,HOLD
2023-01-08,17127.83,16855.0,18583.75,1,16950.65,16542.4,0,1,1,0.666667,HOLD
2023-01-09,17178.26,16879.86,18560.52,1,17127.83,16542.4,0,1,1,0.666667,HOLD
2023-01-10,17440.66,16923.0,18542.01,1,17178.26,16542.4,0,1,1,0.666667,HOLD
2023-01-11,17943.26,17001.48,18532.12,1,17440.66,16616.75,0,1,1,0.666667,HOLD
2023-01-12,18846.62,17143.42,18537.32,1,17943.26,16672.87,0,1,1,0.666667,HOLD
2023-01-13,19930.01,17357.77,18560.33,1,18846.62,16675.18,0,1,1,0.666667,HOLD
2023-01-14,20954.92,17634.47,18599.91,1,19930.01,16831.85,0,1,1,0.666667,HOLD
2023-01-15,20871.5,17883.47,18637.46,1,20954.92,16831.85,0,1,1,0.666667,HOLD
2023-01-16,21185.65,18137.49,18679.58,1,20954.92,16943.57,0,1,1,0.666667,HOLD
2023-01-17,21134.81,18368.05,18720.16,1,21185.65,16943.57,0,1,1,0.666667,HOLD
2023-01-18,20677.47,18545.7,18752.51,1,21185.65,17127.83,0,1,1,0.666667,HOLD
2023-01-19,21071.59,18740.0,18790.85,1,21185.65,17178.26,0,1,1,0.666667,HOLD
2023-01-20,22667.21,19042.09,18854.92,1,21185.65,17440.66,1,1,1,1.0,BUY 0.3333
2023-01-21,22783.55,19329.9,18919.85,1,22667.21,17943.26,1,1,1,1.0,HOLD
2023-01-22,22707.88,19589.74,18982.47,1,22783.55,18846.62,1,1,1,1.0,HOLD
2023-01-23,22916.45,19845.64,19047.49,1,22783.55,19930.01,1,1,1,1.0,HOLD
2023-01-24,22632.89,20060.05,19106.75,1,22916.45,20677.47,1,1,1,1.0,HOLD
2023-01-25,23060.94,20290.88,19172.11,1,22916.45,20677.47,1,1,1,1.0,HOLD
2023-01-26,23009.65,20500.02,19235.54,1,23060.94,20677.47,1,1,1,1.0,HOLD
2023-01-27,23074.16,20698.03,19298.99,1,23060.94,20677.47,1,1,1,1.0,HOLD
2023-01-28,23022.6,20876.84,19360.54,1,23074.16,20677.47,1,1,1,1.0,HOLD
2023-01-29,23742.3,21097.26,19432.96,1,23074.16,21071.59,1,1,1,1.0,HOLD
2023-01-30,22826.15,21230.25,19489.05,1,23742.3,22632.89,1,1,1,1.0,HOLD
2023-01-31,23125.13,21376.01,19549.15,1,23742.3,22632.89,1,1,1,1.0,HOLD
2023-02-01,23732.66,21557.29,19618.3,1,23742.3,22632.89,1,1,1,1.0,HOLD
2023-02-02,23488.94,21705.88,19682.28,1,23742.3,22632.89,1,1,1,1.0,HOLD
2023-02-03,23431.9,21838.65,19744.25,1,23742.3,22632.89,1,1,1,1.0,HOLD
2023-02-04,23326.84,21953.13,19803.47,1,23742.3,22826.15,1,1,1,1.0,HOLD
2023-02-05,22932.91,22028.5,19855.2,1,23742.3,22826.15,1,1,1,1.0,HOLD
2023-02-06,22762.52,22084.96,19903.25,1,23742.3,22826.15,1,1,0,0.666667,SELL 0.3333
2023-02-07,23240.46,22173.84,19958.41,1,23742.3,22762.52,1,1,0,0.666667,HOLD
2023-02-08,22963.0,22234.55,20008.07,1,23742.3,22762.52,1,1,0,0.666667,HOLD
2023-02-09,21796.35,22200.84,20037.63,1,23742.3,22762.52,1,1,-1,0.333333,SELL 0.3333
2023-02-10,21625.19,22156.56,20063.87,1,23742.3,21796.35,1,1,-1,0.333333,HOLD
2023-02-11,21862.55,22133.94,20093.6,1,23742.3,21625.19,1,1,-1,0.333333,HOLD
2023-02-12,21783.54,22106.99,20121.54,1,23742.3,21625.19,1,1,-1,0.333333,HOLD
2023-02-13,21773.97,22081.37,20148.85,1,23742.3,21625.19,1,1,-1,0.333333,HOLD
2023-02-14,22199.84,22090.49,20182.75,1,23742.3,21625.19,1,1,-1,0.333333,HOLD
2023-02-15,24324.05,22262.3,20251.2,1,23742.3,21625.19,1,1,1,1.0,BUY 0.6667
2023-02-16,23517.72,22358.87,20305.19,1,24324.05,21625.19,1,1,1,1.0,HOLD
2023-02-17,24569.97,22528.95,20375.69,1,24324.05,21625.19,1,1,1,1.0,HOLD
2023-02-18,24631.95,22690.72,20446.04,1,24569.97,21625.19,1,1,1,1.0,HOLD
2023-02-19,24271.76,22812.34,20509.27,1,24631.95,21625.19,1,1,1,1.0,HOLD
2023-02-20,24842.2,22968.48,20580.89,1,24631.95,21625.19,1,1,1,1.0,HOLD
2023-02-21,24452.16,23082.61,20644.88,1,24842.2,21773.97,1,1,1,1.0,HOLD
2023-02-22,24182.21,23167.2,20703.35,1,24842.2,21773.97,1,1,1,1.0,HOLD
2023-02-23,23940.2,23226.66,20756.85,1,24842.2,21773.97,1,1,1,1.0,HOLD
2023-02-24,23185.29,23223.48,20796.99,1,24842.2,22199.84,1,1,1,1.0,HOLD
2023-02-25,23157.07,23218.37,20836.0,1,24842.2,23185.29,1,1,0,0.666667,SELL 0.3333
2023-02-26,23554.85,23244.25,20880.94,1,24842.2,23157.07,1,1,0,0.666667,HOLD
2023-02-27,23492.09,23263.32,20924.1,1,24842.2,23157.07,1,1,0,0.666667,HOLD
2023-02-28,23141.57,23253.95,20960.75,1,24842.2,23157.07,1,1,0,0.666667,HOLD
2023-03-01,23628.97,23282.8,21004.85,1,24842.2,23141.57,1,1,0,0.666667,HOLD
2023-03-02,23465.32,23296.84,21045.52,1,24842.2,23141.57,1,1,0,0.666667,HOLD
2023-03-03,22354.34,23224.34,21067.15,-1,24842.2,23141.57,1,-1,0,0.0,SELL 0.6667
2023-03-04,22346.57,23156.82,21088.3,-1,24842.2,22354.34,1,-1,0,0.0,HOLD
2023-03-05,22430.24,23100.93,21110.48,-1,24842.2,22346.57,1,-1,0,0.0,HOLD
2023-03-06,22410.0,23047.78,21131.96,-1,24842.2,22346.57,1,-1,0,0.0,HOLD
2023-03-07,22197.96,22982.41,21149.58,-1,24842.2,22346.57,1,-1,-1,0.0,HOLD
2023-03-08,21705.44,22884.18,21158.77,-1,24842.2,22197.96,1,-1,-1,0.0,HOLD
2023-03-09,20362.22,22690.18,21145.6,-1,24842.2,21705.44,1,-1,-1,0.0,HOLD
2023-03-10,20150.69,22494.84,21129.16,-1,24842.2,20362.22,1,-1,-1,0.0,HOLD
2023-03-11,20455.73,22337.98,21118.03,-1,24842.2,20150.69,1,-1,-1,0.0,HOLD
2023-03-12,21997.11,22311.76,21132.56,-1,24842.2,20150.69,1,-1,-1,0.0,HOLD
2023-03-13,24113.48,22450.36,21181.83,1,24452.16,20150.69,1,1,0,0.666667,BUY 0.6667
2023-03-14,24670.41,22621.13,21239.49,1,24182.21,20150.69,1,1,1,1.0,BUY 0.3333
2023-03-15,24285.66,22749.17,21289.84,1,24670.41,20150.69,1,1,1,1.0,HOLD
2023-03-16,24998.78,22922.22,21351.15,1,24670.41,20150.69,1,1,1,1.0,HOLD
2023-03-17,27395.13,23266.29,21451.05,1,24998.78,20150.69,1,1,1,1.0,HOLD
2023-03-18,26907.49,23546.38,21541.24,1,27395.13,20150.69,1,1,1,1.0,HOLD
2023-03-19,27972.87,23886.88,21647.54,1,27395.13,20150.69,1,1,1,1.0,HOLD
2023-03-20,27717.01,24181.5,21747.87,1,27972.87,20150.69,1,1,1,1.0,HOLD
2023-03-21,28105.47,24483.35,21852.95,1,27972.87,20455.73,1,1,1,1.0,HOLD
2023-03-22,27250.97,24696.24,21942.17,1,28105.47,21997.11,1,1,1,1.0,HOLD
2023-03-23,28295.41,24973.1,22047.19,1,28105.47,24113.48,1,1,1,1.0,HOLD
2023-03-24,27454.47,25163.98,22136.56,1,28295.41,24285.66,1,1,1,1.0,HOLD
2023-03-25,27462.95,25340.82,22224.6,1,28295.41,24285.66,1,1,1,1.0,HOLD
2023-03-26,27968.05,25542.91,22319.54,1,28295.41,24998.78,1,1,1,1.0,HOLD
2023-03-27,27124.91,25664.61,22398.96,1,28295.41,26907.49,1,1,1,1.0,HOLD
2023-03-28,27261.07,25787.41,22479.33,1,28295.41,26907.49,1,1,1,1.0,HOLD
2023-03-29,28348.6,25984.43,22576.34,1,28295.41,27124.91,1,1,1,1.0,HOLD
2023-03-30,28028.53,26141.66,22666.46,1,28348.6,27124.91,1,1,1,1.0,HOLD
2023-03-31,28465.36,26320.41,22762.31,1,28348.6,27124.91,1,1,1,1.0,HOLD
2023-04-01,28452.73,26484.43,22856.37,1,28465.36,27124.91,1,1,1,1.0,HOLD
2023-04-02,28171.87,26614.24,22944.23,1,28465.36,27124.91,1,1,1,1.0,HOLD
2023-04-03,27800.0,26705.45,23024.49,1,28465.36,27124.91,1,1,1,1.0,HOLD
2023-04-04,28165.47,26817.76,23109.46,1,28465.36,27124.91,1,1,1,1.0,HOLD
2023-04-05,28170.01,26921.78,23193.11,1,28465.36,27124.91,1,1,1,1.0,HOLD
2023-04-06,28033.82,27007.32,23273.12,1,28465.36,27124.91,1,1,1,1.0,HOLD
2023-04-07,27906.33,27076.47,23349.7,1,28465.36,27261.07,1,1,1,1.0,HOLD
2023-04-08,27938.38,27142.78,23425.55,1,28465.36,27800.0,1,1,1,1.0,HOLD
2023-04-09,28323.76,27233.62,23506.51,1,28465.36,27800.0,1,1,1,1.0,HOLD
2023-04-10,29637.34,27418.52,23607.84,1,28465.36,27800.0,1,1,1,1.0,HOLD
2023-04-11,30200.42,27632.51,23716.81,1,29637.34,27800.0,1,1,1,1.0,HOLD
2023-04-12,29888.07,27806.02,23818.82,1,30200.42,27800.0,1,1,1,1.0,HOLD
2023-04-13,30373.84,28003.54,23927.16,1,30200.42,27800.0,1,1,1,1.0,HOLD
2023-04-14,30466.93,28193.03,24035.26,1,30373.84,27906.33,1,1,1,1.0,HOLD
2023-04-15,30295.09,28354.73,24138.73,1,30466.93,27906.33,1,1,1,1.0,HOLD
2023-04-16,30304.65,28504.72,24240.64,1,30466.93,27906.33,1,1,1,1.0,HOLD
2023-04-17,29430.27,28575.92,24326.42,1,30466.93,27906.33,1,1,1,1.0,HOLD
2023-04-18,30380.01,28714.7,24426.48,1,30466.93,27938.38,1,1,1,1.0,HOLD
2023-04-19,28797.1,28721.04,24498.72,1,30466.93,28323.76,1,1,1,1.0,HOLD
2023-04-20,28243.65,28684.31,24560.62,1,30466.93,28797.1,1,1,0,0.666667,SELL 0.3333
2023-04-21,27262.84,28574.97,24605.29,1,30466.93,28243.65,1,1,-1,0.333333,SELL 0.3333
2023-04-22,27816.85,28516.65,24658.37,1,30466.93,27262.84,1,1,-1,0.333333,HOLD
2023-04-23,27590.6,28445.42,24706.84,1,30466.93,27262.84,1,1,-1,0.333333,HOLD
2023-04-24,27510.93,28373.53,24753.19,1,30466.93,27262.84,1,1,-1,0.333333,HOLD
2023-04-25,28300.79,28367.94,24811.83,1,30466.93,27262.84,1,1,-1,0.333333,HOLD
2023-04-26,28415.29,28371.58,24871.39,1,30466.93,27262.84,1,1,-1,0.333333,HOLD
2023-04-27,29472.77,28456.29,24947.44,1,30466.93,27262.84,1,1,-1,0.333333,HOLD
2023-04-28,29311.7,28522.09,25019.58,1,30466.93,27262.84,1,1,-1,0.333333,HOLD
2023-04-29,29230.45,28576.58,25089.18,1,30466.93,27262.84,1,1,-1,0.333333,HOLD
2023-04-30,29233.21,28627.09,25157.68,1,30466.93,27262.84,1,1,-1,0.333333,HOLD
2023-05-01,28068.26,28584.1,25205.79,1,30466.93,27262.84,1,1,-1,0.333333,HOLD
2023-05-02,28669.86,28590.7,25263.04,1,30466.93,27510.93,1,1,-1,0.333333,HOLD
2023-05-03,29026.16,28624.2,25325.24,1,30466.93,27510.93,1,1,-1,0.333333,HOLD
2023-05-04,28838.16,28640.65,25383.31,1,30466.93,27510.93,1,1,-1,0.333333,HOLD
2023-05-05,29505.61,28707.19,25451.45,1,30380.01,28068.26,1,1,0,0.666667,BUY 0.3333
2023-05-06,28848.2,28718.04,25507.59,1,30380.01,28068.26,1,1,0,0.666667,HOLD
2023-05-07,28430.1,28695.89,25555.9,1,30380.01,28068.26,1,1,0,0.666667,HOLD
2023-05-08,27668.79,28616.88,25590.82,-1,30380.01,28068.26,1,-1,0,0.0,SELL 0.6667
2023-05-09,27628.27,28540.83,25624.5,-1,29505.61,27668.79,1,-1,0,0.0,HOLD
2023-05-10,27598.75,28468.36,25657.13,-1,29505.61,27628.27,1,-1,0,0.0,HOLD
2023-05-11,26968.62,28353.0,25678.81,-1,29505.61,27598.75,1,-1,-1,0.0,HOLD
2023-05-12,26795.01,28233.15,25697.26,-1,29505.61,26968.62,1,-1,-1,0.0,HOLD
2023-05-13,26775.28,28121.01,25715.07,-1,29505.61,26795.01,1,-1,-1,0.0,HOLD
2023-05-14,26917.62,28028.44,25734.95,-1,29505.61,26775.28,1,-1,-1,0.0,HOLD
2023-05-15,27162.14,27961.8,25758.54,-1,29505.61,26775.28,1,-1,-1,0.0,HOLD
2023-05-16,27033.84,27890.42,25779.62,-1,29505.61,26775.28,1,-1,-1,0.0,HOLD
2023-05-17,27405.61,27853.13,25806.5,-1,29505.61,26775.28,1,-1,-1,0.0,HOLD
2023-05-18,26821.28,27773.76,25823.27,-1,29505.61,26775.28,1,-1,-1,0.0,HOLD
2023-05-19,26880.26,27705.02,25840.74,-1,29505.61,26775.28,1,-1,-1,0.0,HOLD
2023-05-20,27102.43,27658.67,25861.6,-1,29505.61,26775.28,1,-1,-1,0.0,HOLD
2023-05-21,26747.78,27588.6,25876.24,-1,29505.61,26775.28,1,-1,-1,0.0,HOLD
2023-05-22,26849.27,27531.73,25892.33,-1,29505.61,26747.78,1,-1,-1,0.0,HOLD
2023-05-23,27219.61,27507.72,25914.26,-1,29505.61,26747.78,1,-1,-1,0.0,HOLD
2023-05-24,26329.01,27417.05,25921.12,-1,29505.61,26747.78,1,-1,-1,0.0,HOLD
2023-05-25,26473.79,27344.49,25930.25,-1,29505.61,26329.01,1,-1,-1,0.0,HOLD
2023-05-26,26705.92,27295.37,25943.08,-1,28848.2,26329.01,1,-1,-1,0.0,HOLD
2023-05-27,26854.27,27261.44,25958.14,-1,28430.1,26329.01,1,-1,-1,0.0,HOLD
2023-05-28,28065.0,27323.25,25992.96,-1,27668.79,26329.01,1,-1,1,0.333333,BUY 0.3333
2023-05-29,27736.4,27355.03,26021.78,-1,28065.0,26329.01,1,-1,1,0.333333,HOLD
2023-05-30,27694.4,27381.14,26049.42,-1,28065.0,26329.01,1,-1,1,0.333333,HOLD
2023-05-31,27210.35,27368.0,26068.61,-1,28065.0,26329.01,1,-1,1,0.333333,HOLD
2023-06-01,26817.93,27325.69,26081.0,-1,28065.0,26329.01,1,-1,1,0.333333,HOLD
2023-06-02,27242.59,27319.3,26100.2,-1,28065.0,26329.01,1,-1,1,0.333333,HOLD
2023-06-03,27069.22,27300.06,26116.22,-1,28065.0,26329.01,1,-1,1,0.333333,HOLD
2023-06-04,27115.21,27285.84,26132.73,-1,28065.0,26473.79,1,-1,1,0.333333,HOLD
2023-06-05,25728.2,27166.02,26126.04,-1,28065.0,26705.92,1,-1,-1,0.0,SELL 0.3333
2023-06-06,27230.08,27170.95,26144.29,-1,28065.0,25728.2,1,-1,-1,0.0,HOLD
2023-06-07,26339.34,27106.98,26147.51,-1,28065.0,25728.2,1,-1,-1,0.0,HOLD
2023-06-08,26498.61,27060.18,26153.32,-1,28065.0,25728.2,1,-1,-1,0.0,HOLD
2023-06-09,26477.81,27015.38,26158.68,-1,28065.0,25728.2,1,-1,-1,0.0,HOLD
2023-06-10,25841.21,26925.06,26153.43,-1,28065.0,25728.2,1,-1,-1,0.0,HOLD
2023-06-11,25925.55,26848.18,26149.67,-1,28065.0,25728.2,1,-1,-1,0.0,HOLD
2023-06-12,25905.19,26775.64,26145.63,-1,28065.0,25728.2,1,-1,-1,0.0,HOLD
2023-06-13,25934.25,26710.92,26142.13,-1,28065.0,25728.2,1,-1,-1,0.0,HOLD
2023-06-14,25128.6,26589.2,26125.38,-1,28065.0,25728.2,1,-1,-1,0.0,HOLD
2023-06-15,25598.49,26512.99,26116.67,-1,28065.0,25128.6,1,-1,-1,0.0,HOLD
2023-06-16,26345.0,26500.07,26120.44,-1,28065.0,25128.6,1,-1,-1,0.0,HOLD
2023-06-17,26516.99,26501.37,26127.0,-1,28065.0,25128.6,1,-1,0,0.0,HOLD
2023-06-18,26339.97,26488.96,26130.52,-1,27736.4,25128.6,1,-1,0,0.0,HOLD
2023-06-19,26844.35,26516.29,26142.32,-1,27694.4,25128.6,1,-1,0,0.0,HOLD
2023-06-20,28307.99,26654.12,26178.11,1,27242.59,25128.6,1,1,1,1.0,BUY 1.0
2023-06-21,29993.89,26911.02,26241.18,1,28307.99,25128.6,1,1,1,1.0,HOLD
2023-06-22,29884.92,27139.78,26301.41,1,29993.89,25128.6,1,1,1,1.0,HOLD
2023-06-23,30688.5,27412.76,26373.93,1,29993.89,25128.6,1,1,1,1.0,HOLD
2023-06-24,30527.43,27652.35,26442.58,1,30688.5,25128.6,1,1,1,1.0,HOLD
2023-06-25,30462.66,27868.53,26509.03,1,30688.5,25598.49,1,1,1,1.0,HOLD
2023-06-26,30267.99,28053.1,26571.16,1,30688.5,26339.97,1,1,1,1.0,HOLD
2023-06-27,30692.44,28256.13,26639.28,1,30688.5,26339.97,1,1,1,1.0,HOLD
2023-06-28,30077.41,28396.23,26696.11,1,30692.44,26339.97,1,1,1,1.0,HOLD
2023-06-29,30447.31,28554.0,26758.11,1,30692.44,26844.35,1,1,1,1.0,HOLD
2023-06-30,30472.0,28701.54,26819.5,1,30692.44,28307.99,1,1,1,1.0,HOLD
2023-07-01,30585.9,28846.49,26881.75,1,30692.44,29884.92,1,1,1,1.0,HOLD
2023-07-02,30617.03,28982.69,26943.49,1,30692.44,29884.92,1,1,1,1.0,HOLD
2023-07-03,31156.2,29149.88,27013.12,1,30692.44,30077.41,1,1,1,1.0,HOLD
2023-07-04,30766.51,29274.24,27075.16,1,31156.2,30077.41,1,1,1,1.0,HOLD
2023-07-05,30504.81,29368.9,27131.85,1,31156.2,30077.41,1,1,1,1.0,HOLD
2023-07-06,29895.43,29409.4,27177.53,1,31156.2,30077.41,1,1,0,0.666667,SELL 0.3333
2023-07-07,30344.7,29481.35,27229.88,1,31156.2,29895.43,1,1,0,0.666667,HOLD
2023-07-08,30284.63,29543.14,27280.37,1,31156.2,29895.43,1,1,0,0.666667,HOLD
2023-07-09,30160.71,29590.64,27327.98,1,31156.2,29895.43,1,1,0,0.666667,HOLD
2023-07-10,30411.57,29653.79,27378.95,1,31156.2,29895.43,1,1,0,0.666667,HOLD
2023-07-11,30622.1,29728.28,27432.55,1,31156.2,29895.43,1,1,0,0.666667,HOLD
2023-07-12,30380.0,29778.41,27481.27,1,31156.2,29895.43,1,1,0,0.666667,HOLD
2023-07-13,31454.23,29907.32,27546.94,1,31156.2,29895.43,1,1,1,1.0,BUY 0.3333
2023-07-14,30312.01,29938.45,27592.65,1,31454.23,29895.43,1,1,1,1.0,HOLD
2023-07-15,30289.52,29965.45,27637.22,1,31454.23,29895.43,1,1,1,1.0,HOLD
2023-07-16,30231.99,29985.96,27680.11,1,31454.23,29895.43,1,1,1,1.0,HOLD
2023-07-17,30138.0,29997.65,27720.74,1,31454.23,30160.71,1,1,0,0.666667,SELL 0.3333
2023-07-18,29859.13,29987.0,27756.08,1,31454.23,30138.0,1,1,-1,0.333333,SELL 0.3333
2023-07-19,29909.21,29981.01,27791.67,1,31454.23,29859.13,1,1,-1,0.333333,HOLD
2023-07-20,29800.0,29967.09,27824.87,1,31454.23,29859.13,1,1,-1,0.333333,HOLD
2023-07-21,29901.72,29962.06,27859.19,1,31454.23,29800.0,1,1,-1,0.333333,HOLD
2023-07-22,29794.0,29949.13,27891.17,1,31454.23,29800.0,1,1,-1,0.333333,HOLD
2023-07-23,30083.75,29959.49,27927.42,1,31454.23,29794.0,1,1,-1,0.333333,HOLD
2023-07-24,29176.5,29899.26,27948.06,1,31454.23,29794.0,1,1,-1,0.333333,HOLD
2023-07-25,29228.91,29847.69,27969.23,1,31454.23,29176.5,1,1,-1,0.333333,HOLD
2023-07-26,29351.96,29809.56,27992.09,1,31454.23,29176.5,1,1,-1,0.333333,HOLD
2023-07-27,29222.78,29764.42,28012.43,1,31454.23,29176.5,1,1,-1,0.333333,HOLD
2023-07-28,29314.14,29729.79,28033.95,1,31454.23,29176.5,1,1,-1,0.333333,HOLD
2023-07-29,29352.9,29700.79,28055.75,1,31454.23,29176.5,1,1,-1,0.333333,HOLD
2023-07-30,29281.09,29668.51,28076.0,1,31454.23,29176.5,1,1,-1,0.333333,HOLD
2023-07-31,29232.25,29634.95,28095.11,-1,31454.23,29176.5,1,-1,-1,0.0,SELL 0.3333
2023-08-01,29705.99,29640.42,28121.74,-1,31454.23,29176.5,1,-1,-1,0.0,HOLD
2023-08-02,29186.01,29605.46,28139.33,-1,31454.23,29176.5,1,-1,-1,0.0,HOLD
2023-08-03,29193.64,29573.78,28156.76,-1,30312.01,29176.5,1,-1,-1,0.0,HOLD
2023-08-04,29113.99,29538.41,28172.58,-1,30289.52,29186.01,1,-1,-1,0.0,HOLD
2023-08-05,29072.13,29502.55,28187.45,-1,30231.99,29113.99,1,-1,-1,0.0,HOLD
2023-08-06,29088.42,29470.69,28202.34,-1,30138.0,29072.13,1,-1,-1,0.0,HOLD
2023-08-07,29211.06,29450.72,28219.01,-1,30083.75,29072.13,1,-1,-1,0.0,HOLD
2023-08-08,29770.42,29475.31,28244.65,-1,30083.75,29072.13,1,-1,0,0.0,HOLD
2023-08-09,29581.99,29483.52,28266.76,-1,30083.75,29072.13,1,-1,0,0.0,HOLD
2023-08-10,29455.75,29481.38,28286.41,-1,30083.75,29072.13,1,-1,0,0.0,HOLD
2023-08-11,29426.03,29477.12,28305.25,-1,30083.75,29072.13,1,-1,0,0.0,HOLD
2023-08-12,29430.17,29473.51,28323.84,-1,30083.75,29072.13,1,-1,0,0.0,HOLD
2023-08-13,29303.84,29460.46,28340.04,-1,29770.42,29072.13,1,-1,0,0.0,HOLD
2023-08-14,29430.93,29458.19,28358.07,-1,29770.42,29072.13,1,-1,0,0.0,HOLD
2023-08-15,29200.0,29438.33,28371.99,-1,29770.42,29072.13,1,-1,0,0.0,HOLD
2023-08-16,28730.51,29383.88,28377.91,-1,29770.42,29088.42,1,-1,-1,0.0,HOLD
2023-08-17,26623.41,29171.54,28348.91,-1,29770.42,28730.51,1,-1,-1,0.0,HOLD
2023-08-18,26054.0,28931.73,28310.98,-1,29770.42,26623.41,1,-1,-1,0.0,HOLD
2023-08-19,26100.01,28713.9,28274.44,-1,29770.42,26054.0,1,-1,-1,0.0,HOLD
2023-08-20,26189.99,28519.75,28239.98,-1,29770.42,26054.0,1,-1,-1,0.0,HOLD
2023-08-21,26126.92,28335.69,28205.06,-1,29770.42,26054.0,1,-1,-1,0.0,HOLD
2023-08-22,26056.0,28160.33,28169.53,-1,29770.42,26054.0,0,-1,-1,0.0,HOLD
2023-08-23,26432.72,28027.44,28140.83,-1,29770.42,26054.0,0,-1,-1,0.0,HOLD
2023-08-24,26180.05,27885.33,28108.42,-1,29770.42,26054.0,0,-1,-1,0.0,HOLD
2023-08-25,26060.01,27744.92,28074.56,-1,29770.42,26054.0,0,-1,-1,0.0,HOLD
2023-08-26,26017.37,27612.03,28040.56,-1,29770.42,26054.0,0,-1,-1,0.0,HOLD
2023-08-27,26101.77,27495.86,28008.51,-1,29770.42,26017.37,0,-1,-1,0.0,HOLD
2023-08-28,26120.0,27390.02,27977.3,-1,29770.42,26017.37,0,-1,-1,0.0,HOLD
2023-08-29,27716.34,27415.12,27972.98,-1,29581.99,26017.37,0,-1,0,0.0,HOLD
2023-08-30,27299.99,27406.27,27961.86,-1,29455.75,26017.37,0,-1,0,0.0,HOLD
2023-08-31,25940.78,27293.54,27928.45,-1,29430.93,26017.37,0,-1,-1,0.0,HOLD
2023-09-01,25805.05,27179.04,27893.35,-1,29430.93,25940.78,0,-1,-1,0.0,HOLD
2023-09-02,25869.51,27078.31,27859.9,-1,29430.93,25805.05,0,-1,-1,0.0,HOLD
2023-09-03,25971.21,26993.14,27828.68,-1,29430.93,25805.05,0,-1,-1,0.0,HOLD
2023-09-04,25826.02,26903.37,27795.58,-1,29200.0,25805.05,0,-1,-1,0.0,HOLD
2023-09-05,25792.1,26817.88,27762.47,-1,28730.51,25805.05,0,-1,-1,0.0,HOLD
2023-09-06,25759.95,26736.5,27729.37,-1,27716.34,25792.1,0,-1,-1,0.0,HOLD
2023-09-07,26255.0,26699.47,27705.0,-1,27716.34,25759.95,0,-1,-1,0.0,HOLD
2023-09-08,25910.5,26638.78,27675.34,-1,27716.34,25759.95,0,-1,-1,0.0,HOLD
2023-09-09,25901.61,26582.07,27646.02,-1,27716.34,25759.95,0,-1,-1,0.0,HOLD
2023-09-10,25841.61,26525.11,27616.19,-1,27716.34,25759.95,0,-1,-1,0.0,HOLD
2023-09-11,25162.52,26420.3,27575.64,-1,27716.34,25759.95,0,-1,-1,0.0,HOLD
2023-09-12,25840.1,26375.67,27546.95,-1,27716.34,25162.52,0,-1,-1,0.0,HOLD
2023-09-13,26222.0,26363.85,27525.05,-1,27716.34,25162.52,0,-1,-1,0.0,HOLD
2023-09-14,26522.73,26376.07,27508.48,-1,27716.34,25162.52,0,-1,0,0.0,HOLD
2023-09-15,26600.0,26393.29,27493.47,-1,27716.34,25162.52,0,-1,0,0.0,HOLD
2023-09-16,26559.67,26406.09,27478.03,-1,27716.34,25162.52,0,-1,0,0.0,HOLD
2023-09-17,26527.51,26415.43,27462.32,-1,27716.34,25162.52,0,-1,0,0.0,HOLD
2023-09-18,26762.51,26442.13,27450.75,-1,27716.34,25162.52,0,-1,0,0.0,HOLD
2023-09-19,27210.26,26501.22,27446.78,-1,27299.99,25162.52,0,-1,0,0.0,HOLD
2023-09-20,27125.0,26549.2,27441.46,-1,27210.26,25162.52,0,-1,0,0.0,HOLD
2023-09-21,26568.08,26550.65,27427.02,-1,27210.26,25162.52,0,-1,0,0.0,HOLD
2023-09-22,26580.14,26552.92,27413.03,-1,27210.26,25840.1,0,-1,0,0.0,HOLD
2023-09-23,26575.96,26554.69,27399.19,-1,27210.26,26222.0,0,-1,0,0.0,HOLD
2023-09-24,26248.38,26531.13,27380.17,-1,27210.26,26522.73,0,-1,0,0.0,HOLD
2023-09-25,26304.81,26513.72,27362.39,-1,27210.26,26248.38,0,-1,0,0.0,HOLD
2023-09-26,26221.67,26491.26,27343.54,-1,27210.26,26248.38,0,-1,0,0.0,HOLD
2023-09-27,26372.99,26482.16,27327.5,1,27210.26,26221.67,0,1,0,0.333333,BUY 0.3333
2023-09-28,27021.39,26523.64,27322.44,1,27210.26,26221.67,0,1,0,0.333333,HOLD
2023-09-29,26906.96,26553.12,27315.57,1,27210.26,26221.67,0,1,0,0.333333,HOLD
2023-09-30,26962.56,26584.62,27309.74,1,27210.26,26221.67,0,1,0,0.333333,HOLD
2023-10-01,27992.57,26692.92,27321.02,1,27210.26,26221.67,0,1,1,0.666667,BUY 0.3333
2023-10-02,27494.51,26754.58,27323.89,1,27992.57,26221.67,0,1,1,0.666667,HOLD
2023-10-03,27426.46,26806.27,27325.58,1,27992.57,26221.67,0,1,1,0.666667,HOLD
2023-10-04,27778.57,26881.06,27333.07,1,27992.57,26221.67,0,1,1,0.666667,HOLD
2023-10-05,27410.39,26921.78,27334.35,1,27992.57,26221.67,0,1,1,0.666667,HOLD
2023-10-06,27931.09,26999.42,27344.21,1,27992.57,26221.67,0,1,1,0.666667,HOLD
2023-10-07,27956.67,27073.05,27354.34,1,27992.57,26372.99,0,1,1,0.666667,HOLD
2023-10-08,27917.05,27137.97,27363.64,1,27992.57,26906.96,0,1,1,0.666667,HOLD
2023-10-09,27590.12,27172.75,27367.38,1,27992.57,26906.96,0,1,1,0.666667,HOLD
2023-10-10,27390.12,27189.48,27367.76,1,27992.57,26962.56,0,1,1,0.666667,HOLD
2023-10-11,26875.52,27165.32,27359.62,1,27992.57,27390.12,0,1,0,0.333333,SELL 0.3333
2023-10-12,26759.63,27134.12,27349.7,1,27992.57,26875.52,0,1,0,0.333333,HOLD
2023-10-13,26862.0,27113.19,27341.64,1,27992.57,26759.63,0,1,0,0.333333,HOLD
2023-10-14,26852.48,27093.13,27333.56,1,27992.57,26759.63,0,1,0,0.333333,HOLD
2023-10-15,27154.15,27097.82,27330.59,1,27992.57,26759.63,0,1,0,0.333333,HOLD
2023-10-16,28500.78,27205.74,27349.93,1,27992.57,26759.63,0,1,1,0.666667,BUY 0.3333
2023-10-17,28395.91,27297.3,27367.22,1,28500.78,26759.63,0,1,1,0.666667,HOLD
2023-10-18,28320.0,27375.97,27382.97,1,28500.78,26759.63,0,1,1,0.666667,HOLD
2023-10-19,28713.71,27478.87,27404.97,1,28500.78,26759.63,1,1,1,1.0,BUY 0.3333
2023-10-20,29669.04,27647.34,27442.39,1,28713.71,26759.63,1,1,1,1.0,HOLD
2023-10-21,29909.8,27821.38,27483.17,1,29669.04,26759.63,1,1,1,1.0,HOLD
2023-10-22,29992.46,27988.38,27524.65,1,29909.8,26759.63,1,1,1,1.0,HOLD
2023-10-23,33069.99,28379.28,27616.31,1,29992.46,26852.48,1,1,1,1.0,HOLD
2023-10-24,33922.73,28805.7,27720.55,1,33069.99,26852.48,1,1,1,1.0,HOLD
2023-10-25,34496.05,29243.42,27832.54,1,33922.73,27154.15,1,1,1,1.0,HOLD
2023-10-26,34151.66,29620.97,27936.99,1,34496.05,28320.0,1,1,1,1.0,HOLD
2023-10-27,33892.02,29949.52,28035.42,1,34496.05,28320.0,1,1,1,1.0,HOLD
2023-10-28,34081.0,30267.32,28135.34,1,34496.05,28320.0,1,1,1,1.0,HOLD
2023-10-29,34525.89,30594.9,28240.97,1,34496.05,28713.71,1,1,1,1.0,HOLD
2023-10-30,34474.73,30893.35,28344.01,1,34525.89,29669.04,1,1,1,1.0,HOLD
2023-10-31,34639.77,31181.54,28448.07,1,34525.89,29909.8,1,1,1,1.0,HOLD
2023-11-01,35421.43,31507.68,28563.33,1,34639.77,29992.46,1,1,1,1.0,HOLD
2023-11-02,34941.59,31771.83,28668.76,1,35421.43,33069.99,1,1,1,1.0,HOLD
2023-11-03,34716.78,31998.37,28768.73,1,35421.43,33892.02,1,1,1,1.0,HOLD
2023-11-04,35062.07,32234.03,28872.75,1,35421.43,33892.02,1,1,1,1.0,HOLD
2023-11-05,35011.88,32447.72,28974.22,1,35421.43,33892.02,1,1,1,1.0,HOLD
2023-11-06,35046.09,32647.59,29074.58,1,35421.43,33892.02,1,1,1,1.0,HOLD
2023-11-07,35399.12,32859.25,29179.12,1,35421.43,34081.0,1,1,1,1.0,HOLD
2023-11-08,35624.72,33071.97,29285.66,1,35421.43,34474.73,1,1,1,1.0,HOLD
2023-11-09,36701.09,33351.14,29408.23,1,35624.72,34474.73,1,1,1,1.0,HOLD
2023-11-10,37301.63,33655.02,29538.7,1,36701.09,34639.77,1,1,1,1.0,HOLD
2023-11-11,37130.0,33922.33,29664.17,1,37301.63,34716.78,1,1,1,1.0,HOLD
2023-11-12,37064.13,34164.0,29786.49,1,37301.63,34716.78,1,1,1,1.0,HOLD
2023-11-13,36462.93,34340.85,29896.84,1,37301.63,34716.78,1,1,1,1.0,HOLD
2023-11-14,35551.19,34433.95,29990.3,1,37301.63,35011.88,1,1,1,1.0,HOLD
2023-11-15,37858.2,34697.35,30120.35,1,37301.63,35011.88,1,1,1,1.0,HOLD
2023-11-16,36163.51,34810.13,30220.24,1,37858.2,35046.09,1,1,1,1.0,HOLD
2023-11-17,36613.92,34948.89,30325.92,1,37858.2,35399.12,1,1,1,1.0,HOLD
2023-11-18,36568.1,35073.44,30429.1,1,37858.2,35551.19,1,1,1,1.0,HOLD
2023-11-19,37359.86,35249.32,30543.65,1,37858.2,35551.19,1,1,1,1.0,HOLD
2023-11-20,37448.78,35418.51,30657.79,1,37858.2,35551.19,1,1,1,1.0,HOLD
2023-11-21,35741.65,35443.37,30741.82,1,37858.2,35551.19,1,1,1,1.0,HOLD
2023-11-22,37408.34,35594.52,30852.01,1,37858.2,35551.19,1,1,1,1.0,HOLD
2023-11-23,37294.28,35725.27,30958.49,1,37858.2,35551.19,1,1,1,1.0,HOLD
2023-11-24,37713.57,35878.22,31070.15,1,37858.2,35551.19,1,1,1,1.0,HOLD
2023-11-25,37780.67,36024.56,31181.06,1,37858.2,35741.65,1,1,1,1.0,HOLD
2023-11-26,37447.43,36134.01,31284.64,1,37858.2,35741.65,1,1,1,1.0,HOLD
2023-11-27,37242.7,36219.29,31383.12,1,37858.2,35741.65,1,1,1,1.0,HOLD
2023-11-28,37818.87,36342.34,31489.5,1,37858.2,35741.65,1,1,1,1.0,HOLD
2023-11-29,37854.64,36458.67,31594.71,1,37858.2,35741.65,1,1,1,1.0,HOLD
2023-11-30,37723.96,36556.0,31696.02,1,37858.2,35741.65,1,1,1,1.0,HOLD
2023-12-01,38682.52,36719.58,31811.5,1,37858.2,35741.65,1,1,1,1.0,HOLD
2023-12-02,39450.35,36929.64,31937.76,1,38682.52,37242.7,1,1,1,1.0,HOLD
2023-12-03,39972.26,37163.68,32070.56,1,39450.35,37242.7,1,1,1,1.0,HOLD
2023-12-04,41991.1,37535.02,32234.54,1,39972.26,37242.7,1,1,1,1.0,HOLD
2023-12-05,44073.32,38037.97,32430.22,1,41991.1,37242.7,1,1,1,1.0,HOLD
2023-12-06,43762.69,38478.33,32617.53,1,44073.32,37242.7,1,1,1,1.0,HOLD
2023-12-07,43273.14,38847.16,32793.66,1,44073.32,37242.7,1,1,1,1.0,HOLD
2023-12-08,44170.99,39256.69,32981.71,1,44073.32,37723.96,1,1,1,1.0,HOLD
2023-12-09,43713.6,39599.53,33159.1,1,44170.99,37723.96,1,1,1,1.0,HOLD
2023-12-10,43789.51,39921.84,33334.81,1,44170.99,37723.96,1,1,1,1.0,HOLD
2023-12-11,41253.4,40024.26,33465.69,1,44170.99,38682.52,1,1,1,1.0,HOLD
2023-12-12,41492.39,40137.2,33598.37,1,44170.99,39450.35,1,1,1,1.0,HOLD
2023-12-13,42869.03,40347.34,33751.6,1,44170.99,39972.26,1,1,1,1.0,HOLD
2023-12-14,43022.26,40553.1,33904.83,1,44170.99,41253.4,1,1,1,1.0,HOLD
2023-12-15,41940.3,40659.81,34037.65,1,44170.99,41253.4,1,1,1,1.0,HOLD
2023-12-16,42278.03,40784.29,34173.86,1,44170.99,41253.4,1,1,1,1.0,HOLD
2023-12-17,41374.65,40829.7,34292.88,1,44170.99,41253.4,1,1,1,1.0,HOLD
2023-12-18,42657.8,40970.32,34431.14,1,44170.99,41253.4,1,1,1,1.0,HOLD
2023-12-19,42275.99,41070.76,34560.81,1,44170.99,41253.4,1,1,1,1.0,HOLD
2023-12-20,43668.93,41270.62,34711.36,1,44170.99,41253.4,1,1,1,1.0,HOLD
2023-12-21,43861.8,41469.94,34862.6,1,44170.99,41253.4,1,1,1,1.0,HOLD
2023-12-22,43969.04,41662.18,35013.12,1,44170.99,41374.65,1,1,1,1.0,HOLD
2023-12-23,43702.16,41819.1,35156.74,1,44170.99,41374.65,1,1,1,1.0,HOLD
2023-12-24,42991.5,41909.28,35286.24,1,44170.99,41374.65,1,1,1,1.0,HOLD
2023-12-25,43576.13,42037.5,35423.27,1,44170.99,41374.65,1,1,1,1.0,HOLD
2023-12-26,42508.93,42073.77,35540.38,1,44170.99,41374.65,1,1,1,1.0,HOLD
2023-12-27,43428.85,42178.0,35670.77,1,44170.99,41374.65,1,1,1,1.0,HOLD
2023-12-28,42563.76,42207.68,35784.71,1,44170.99,42275.99,1,1,1,1.0,HOLD
2023-12-29,42066.95,42196.85,35888.54,1,43969.04,42275.99,1,1,0,0.666667,SELL 0.3333
2023-12-30,42140.28,42192.5,35991.88,1,43969.04,42066.95,1,1,0,0.666667,HOLD
2023-12-31,42283.58,42199.51,36095.87,1,43969.04,42066.95,1,1,0,0.666667,HOLD
2024-01-01,44179.55,42351.82,36229.49,1,43969.04,42066.95,1,1,1,1.0,BUY 0.3333
2024-01-02,44946.91,42551.44,36373.58,1,44179.55,42066.95,1,1,1,1.0,HOLD
2024-01-03,42845.23,42574.04,36480.55,1,44946.91,42066.95,1,1,1,1.0,HOLD
2024-01-04,44151.1,42695.35,36607.33,1,44946.91,42066.95,1,1,1,1.0,HOLD
2024-01-05,44145.11,42806.87,36731.92,1,44946.91,42066.95,1,1,1,1.0,HOLD
2024-01-06,43968.32,42896.21,36851.53,1,44946.91,42066.95,1,1,1,1.0,HOLD
2024-01-07,43929.02,42975.66,36968.52,1,44946.91,42066.95,1,1,1,1.0,HOLD
2024-01-08,46951.04,43281.46,37133.52,1,44946.91,42066.95,1,1,1,1.0,HOLD
2024-01-09,46110.0,43499.04,37281.89,1,46951.04,42140.28,1,1,1,1.0,HOLD
2024-01-10,46653.99,43741.73,37436.8,1,46951.04,42283.58,1,1,1,1.0,HOLD
2024-01-11,46339.16,43941.53,37583.95,1,46951.04,42845.23,1,1,1,1.0,HOLD
2024-01-12,42782.73,43852.39,37669.88,1,46951.04,42845.23,1,1,0,0.666667,SELL 0.3333
2024-01-13,42847.99,43775.13,37755.47,1,46951.04,42782.73,1,1,0,0.666667,HOLD
2024-01-14,41732.35,43617.99,37821.2,-1,46951.04,42782.73,1,-1,-1,0.0,SELL 0.6667
2024-01-15,42511.1,43532.85,37898.72,-1,46951.04,41732.35,1,-1,-1,0.0,HOLD
2024-01-16,43137.95,43502.47,37985.32,-1,46951.04,41732.35,1,-1,-1,0.0,HOLD
2024-01-17,42776.1,43446.6,38064.5,-1,46951.04,41732.35,1,-1,-1,0.0,HOLD
2024-01-18,41327.5,43283.59,38118.44,-1,46951.04,41732.35,1,-1,-1,0.0,HOLD
2024-01-19,41659.03,43158.62,38176.96,-1,46951.04,41327.5,1,-1,-1,0.0,HOLD
2024-01-20,41696.04,43046.12,38235.13,1,46951.04,41327.5,1,1,-1,0.333333,BUY 0.3333
2024-01-21,41580.33,42933.36,38290.42,1,46951.04,41327.5,1,1,-1,0.333333,HOLD
2024-01-22,39568.02,42674.49,38311.54,-1,46951.04,41327.5,1,-1,-1,0.0,SELL 0.3333
2024-01-23,39897.6,42460.88,38337.75,-1,46951.04,39568.02,1,-1,-1,0.0,HOLD
2024-01-24,40084.88,42278.11,38366.63,-1,46951.04,39568.02,1,-1,-1,0.0,HOLD
2024-01-25,39961.09,42099.88,38392.99,-1,46951.04,39568.02,1,-1,-1,0.0,HOLD
2024-01-26,41823.51,42078.62,38449.69,1,46951.04,39568.02,1,1,-1,0.333333,BUY 0.3333
2024-01-27,42120.63,42081.85,38510.36,-1,46951.04,39568.02,1,-1,-1,0.0,SELL 0.3333
2024-01-28,42031.06,42077.95,38568.56,-1,46951.04,39568.02,1,-1,-1,0.0,HOLD
2024-01-29,43302.7,42172.16,38646.81,-1,46653.99,39568.02,1,-1,0,0.0,HOLD
2024-01-30,42941.1,42231.31,38717.79,-1,46653.99,39568.02,1,-1,0,0.0,HOLD
2024-01-31,42580.0,42258.13,38781.63,-1,46339.16,39568.02,1,-1,0,0.0,HOLD
2024-02-01,43082.94,42321.58,38852.72,-1,43302.7,39568.02,1,-1,0,0.0,HOLD
2024-02-02,43200.0,42389.15,38924.58,1,43302.7,39897.6,1,1,0,0.666667,BUY 0.6667
2024-02-03,43011.09,42436.99,38992.12,-1,43302.7,39961.09,1,-1,0,0.0,SELL 0.6667
2024-02-04,42582.88,42448.21,39051.48,1,43302.7,39961.09,1,1,0,0.666667,BUY 0.6667
2024-02-05,42708.7,42468.25,39111.93,-1,43302.7,41823.51,1,-1,0,0.0,SELL 0.6667
2024-02-06,43098.95,42516.77,39177.83,1,43302.7,42031.06,1,1,0,0.666667,BUY 0.6667
2024-02-07,44349.6,42657.75,39263.31,1,43302.7,42031.06,1,1,1,1.0,BUY 0.3333
2024-02-08,45288.65,42860.13,39362.9,1,44349.6,42580.0,1,1,1,1.0,HOLD
2024-02-09,47132.77,43188.79,39491.33,1,45288.65,42580.0,1,1,1,1.0,HOLD
2024-02-10,47751.09,43539.74,39627.86,1,47132.77,42580.0,1,1,1,1.0,HOLD
2024-02-11,48299.99,43905.91,39771.2,1,47751.09,42582.88,1,1,1,1.0,HOLD
2024-02-12,49917.27,44368.32,39938.9,1,48299.99,42582.88,1,1,1,1.0,HOLD
2024-02-13,49699.59,44778.42,40100.23,1,49917.27,42582.88,1,1,1,1.0,HOLD
2024-02-14,51795.17,45318.17,40293.54,1,49917.27,42582.88,1,1,1,1.0,HOLD
2024-02-15,51880.0,45822.93,40485.05,1,51795.17,42708.7,1,1,1,1.0,HOLD
2024-02-16,52124.11,46307.63,40677.43,1,51880.0,43098.95,1,1,1,1.0,HOLD
2024-02-17,51642.64,46718.02,40858.67,1,52124.11,44349.6,1,1,1,1.0,HOLD
2024-02-18,52137.67,47134.92,41045.1,1,52124.11,45288.65,1,1,1,1.0,HOLD
2024-02-19,51774.73,47491.82,41222.45,1,52137.67,47132.77,1,1,1,1.0,HOLD
2024-02-20,52258.82,47858.52,41404.87,1,52137.67,47751.09,1,1,1,1.0,HOLD
2024-02-21,51849.39,48165.51,41577.51,1,52258.82,48299.99,1,1,1,1.0,HOLD
2024-02-22,51288.42,48405.73,41738.02,1,52258.82,49699.59,1,1,1,1.0,HOLD
2024-02-23,50744.15,48585.61,41886.88,1,52258.82,49699.59,1,1,1,1.0,HOLD
2024-02-24,51568.22,48815.04,42046.9,1,52258.82,50744.15,1,1,1,1.0,HOLD
2024-02-25,51728.85,49039.18,42206.94,1,52258.82,50744.15,1,1,1,1.0,HOLD
2024-02-26,54476.47,49457.43,42409.74,1,52258.82,50744.15,1,1,1,1.0,HOLD
2024-02-27,57037.34,50040.5,42651.52,1,54476.47,50744.15,1,1,1,1.0,HOLD
2024-02-28,62432.1,50993.7,42978.47,1,57037.34,50744.15,1,1,1,1.0,HOLD
2024-02-29,61130.98,51773.49,43278.51,1,62432.1,50744.15,1,1,1,1.0,HOLD
2024-03-01,62387.9,52589.99,43594.37,1,62432.1,50744.15,1,1,1,1.0,HOLD
2024-03-02,61987.28,53312.85,43898.38,1,62432.1,50744.15,1,1,1,1.0,HOLD
2024-03-03,63113.97,54066.79,44216.0,1,62432.1,50744.15,1,1,1,1.0,HOLD
2024-03-04,68245.71,55157.47,44613.18,1,63113.97,50744.15,1,1,1,1.0,HOLD
2024-03-05,63724.01,55816.44,44929.06,1,68245.71,51568.22,1,1,1,1.0,HOLD
2024-03-06,66074.04,56605.48,45278.57,1,68245.71,51728.85,1,1,1,1.0,HOLD
2024-03-07,66823.17,57391.46,45634.68,1,68245.71,54476.47,1,1,1,1.0,HOLD
2024-03-08,68124.19,58217.05,46006.4,1,68245.71,57037.34,1,1,1,1.0,HOLD
2024-03-09,68313.27,58993.69,46375.11,1,68245.71,61130.98,1,1,1,1.0,HOLD
2024-03-10,68955.88,59760.01,46748.35,1,68313.27,61130.98,1,1,1,1.0,HOLD
2024-03-11,72078.1,60707.55,47167.02,1,68955.88,61987.28,1,1,1,1.0,HOLD
2024-03-12,71452.01,61534.05,47568.43,1,72078.1,61987.28,1,1,1,1.0,HOLD
2024-03-13,73072.41,62421.62,47989.98,1,72078.1,63113.97,1,1,1,1.0,HOLD
2024-03-14,71388.94,63111.41,48376.74,1,73072.41,63724.01,1,1,1,1.0,HOLD
2024-03-15,69499.85,63602.83,48725.88,1,73072.41,63724.01,1,1,1,1.0,HOLD
2024-03-16,65300.63,63733.43,48999.84,1,73072.41,66074.04,1,1,0,0.666667,SELL 0.3333
2024-03-17,68393.48,64091.89,49320.4,1,73072.41,65300.63,1,1,0,0.666667,HOLD
2024-03-18,67609.99,64362.52,49622.71,1,73072.41,65300.63,1,1,0,0.666667,HOLD
2024-03-19,61937.4,64175.97,49826.26,1,73072.41,65300.63,1,1,0,0.666667,HOLD
2024-03-20,67840.51,64457.86,50124.01,1,73072.41,61937.4,1,1,0,0.666667,HOLD
2024-03-21,65501.27,64538.12,50378.18,1,73072.41,61937.4,1,1,0,0.666667,HOLD
2024-03-22,63796.64,64481.08,50599.97,1,73072.41,61937.4,1,1,0,0.666667,HOLD
2024-03-23,63990.01,64443.31,50821.3,1,73072.41,61937.4,1,1,0,0.666667,HOLD
2024-03-24,67209.99,64656.13,51092.19,1,73072.41,61937.4,1,1,0,0.666667,HOLD
2024-03-25,69880.01,65057.97,51402.73,1,73072.41,61937.4,1,1,0,0.666667,HOLD
2024-03-26,69988.0,65437.2,51709.92,1,73072.41,61937.4,1,1,0,0.666667,HOLD
2024-03-27,69469.99,65747.41,52003.48,1,73072.41,61937.4,1,1,0,0.666667,HOLD
2024-03-28,70780.6,66134.58,52313.84,1,73072.41,61937.4,1,1,0,0.666667,HOLD
2024-03-29,69850.54,66420.43,52603.71,1,73072.41,61937.4,1,1,0,0.666667,HOLD
2024-03-30,69582.18,66663.64,52884.34,1,73072.41,63796.64,1,1,0,0.666667,HOLD
2024-03-31,71280.01,67018.74,53188.4,1,73072.41,63796.64,1,1,0,0.666667,HOLD
2024-04-01,69649.8,67221.13,53460.49,1,73072.41,63796.64,1,1,0,0.666667,HOLD
2024-04-02,65463.99,67085.97,53658.9,1,73072.41,63990.01,1,1,0,0.666667,HOLD
2024-04-03,65963.28,66999.61,53862.27,1,71388.94,65463.99,1,1,0,0.666667,HOLD
2024-04-04,68487.79,67114.08,54104.02,1,71280.01,65463.99,1,1,0,0.666667,HOLD
2024-04-05,67820.62,67168.43,54330.74,1,71280.01,65463.99,1,1,0,0.666667,HOLD
2024-04-06,68896.0,67301.32,54571.49,1,71280.01,65463.99,1,1,0,0.666667,HOLD
2024-04-07,69360.39,67459.71,54815.93,1,71280.01,65463.99,1,1,0,0.666667,HOLD
2024-04-08,71620.0,67779.73,55093.69,1,71280.01,65463.99,1,1,1,1.0,BUY 0.3333
2024-04-09,69146.0,67884.83,55325.95,1,71620.0,65463.99,1,1,1,1.0,HOLD
2024-04-10,70631.08,68096.08,55578.93,1,71620.0,65463.99,1,1,1,1.0,HOLD
2024-04-11,70006.23,68243.02,55817.4,1,71620.0,65463.99,1,1,1,1.0,HOLD
2024-04-12,67116.52,68156.36,56004.16,1,71620.0,65463.99,1,1,1,1.0,HOLD
2024-04-13,63924.51,67830.83,56135.08,-1,71620.0,65963.28,1,-1,-1,0.0,SELL 1.0
2024-04-14,65661.84,67663.99,56292.54,1,71620.0,63924.51,1,1,-1,0.333333,BUY 0.3333
2024-04-15,63419.99,67337.53,56410.35,-1,71620.0,63924.51,1,-1,-1,0.0,SELL 0.3333
2024-04-16,63793.39,67064.9,56532.39,-1,71620.0,63419.99,1,-1,-1,0.0,HOLD
2024-04-17,61277.37,66619.71,56610.82,-1,71620.0,63419.99,1,-1,-1,0.0,HOLD
2024-04-18,63470.08,66377.43,56724.19,-1,71620.0,61277.37,1,-1,-1,0.0,HOLD
2024-04-19,63818.01,66180.55,56841.45,-1,71620.0,61277.37,1,-1,-1,0.0,HOLD
2024-04-20,64940.59,66085.17,56975.32,-1,71620.0,61277.37,1,-1,-1,0.0,HOLD
2024-04-21,64941.15,65997.17,57106.98,-1,71620.0,61277.37,1,-1,-1,0.0,HOLD
2024-04-22,66819.32,66060.41,57267.52,-1,71620.0,61277.37,1,-1,-1,0.0,HOLD
2024-04-23,66414.0,66087.61,57418.7,-1,71620.0,61277.37,1,-1,-1,0.0,HOLD
2024-04-24,64289.59,65949.3,57532.27,-1,71620.0,61277.37,1,-1,-1,0.0,HOLD
2024-04-25,64498.34,65837.69,57647.41,-1,71620.0,61277.37,1,-1,-1,0.0,HOLD
2024-04-26,63770.01,65678.64,57748.61,-1,71620.0,61277.37,1,-1,-1,0.0,HOLD
2024-04-27,63461.98,65508.12,57843.04,-1,71620.0,61277.37,1,-1,-1,0.0,HOLD
2024-04-28,63118.62,65324.32,57930.24,1,71620.0,63461.98,1,1,-1,0.333333,BUY 0.3333
2024-04-29,63866.0,65212.14,58028.36,-1,70631.08,63118.62,1,-1,-1,0.0,SELL 0.3333
2024-04-30,60672.0,64862.9,58072.05,-1,70631.08,63118.62,1,-1,-1,0.0,HOLD
2024-05-01,58364.97,64363.06,58076.89,-1,70006.23,60672.0,1,-1,-1,0.0,HOLD
2024-05-02,59060.61,63955.17,58093.15,-1,67116.52,58364.97,1,-1,-1,0.0,HOLD
2024-05-03,62882.01,63872.62,58172.31,-1,66819.32,58364.97,1,-1,-1,0.0,HOLD
2024-05-04,63892.04,63874.12,58266.85,-1,66819.32,58364.97,1,-1,-1,0.0,HOLD
2024-05-05,64012.0,63884.72,58361.81,-1,66819.32,58364.97,1,-1,-1,0.0,HOLD
2024-05-06,63165.19,63829.37,58441.21,-1,66819.32,58364.97,1,-1,-1,0.0,HOLD
2024-05-07,62312.08,63712.66,58505.19,-1,66819.32,58364.97,1,-1,-1,0.0,HOLD
2024-05-08,61193.03,63518.84,58549.61,-1,66819.32,58364.97,1,-1,-1,0.0,HOLD
2024-05-09,63074.01,63484.62,58624.4,-1,66819.32,58364.97,1,-1,-1,0.0,HOLD
2024-05-10,60799.99,63278.11,58660.36,-1,66819.32,58364.97,1,-1,-1,0.0,HOLD
2024-05-11,60825.99,63089.49,58696.15,-1,66819.32,58364.97,1,-1,-1,0.0,HOLD
2024-05-12,61483.99,62965.99,58742.23,-1,66819.32,59060.61,1,-1,-1,0.0,HOLD
2024-05-13,62940.08,62964.0,58811.62,-1,66414.0,60799.99,1,-1,-1,0.0,HOLD
2024-05-14,61577.49,62857.34,58857.34,-1,64498.34,60799.99,1,-1,-1,0.0,HOLD
2024-05-15,66206.5,63114.97,58978.81,-1,64498.34,60799.99,1,-1,1,0.333333,BUY 0.3333
2024-05-16,65235.21,63278.06,59082.22,-1,66206.5,60799.99,1,-1,1,0.333333,HOLD
2024-05-17,67024.0,63566.21,59213.49,-1,66206.5,60799.99,1,-1,1,0.333333,HOLD
2024-05-18,66915.2,63823.83,59340.79,-1,67024.0,60799.99,1,-1,1,0.333333,HOLD
2024-05-19,66274.01,64012.3,59455.39,-1,67024.0,60799.99,1,-1,1,0.333333,HOLD
2024-05-20,71446.62,64584.17,59653.59,1,67024.0,60799.99,1,1,1,1.0,BUY 0.6667
2024-05-21,70148.34,65012.19,59827.06,1,71446.62,60825.99,1,1,1,1.0,HOLD
2024-05-22,69166.62,65331.76,59981.43,1,71446.62,61483.99,1,1,1,1.0,HOLD
2024-05-23,67969.65,65534.67,60113.47,1,71446.62,61577.49,1,1,1,1.0,HOLD
2024-05-24,68549.99,65766.62,60252.92,1,71446.62,61577.49,1,1,1,1.0,HOLD
2024-05-25,69290.57,66037.69,60402.3,1,71446.62,65235.21,1,1,1,1.0,HOLD
2024-05-26,68507.67,66227.69,60536.27,1,71446.62,65235.21,1,1,1,1.0,HOLD
2024-05-27,69436.43,66474.52,60683.38,1,71446.62,66274.01,1,1,1,1.0,HOLD
2024-05-28,68398.39,66622.51,60810.9,1,71446.62,66274.01,1,1,1,1.0,HOLD
2024-05-29,67652.42,66701.73,60923.98,1,71446.62,66274.01,1,1,1,1.0,HOLD
2024-05-30,68352.17,66828.69,61046.76,1,71446.62,67652.42,1,1,1,1.0,HOLD
2024-05-31,67540.01,66883.41,61154.09,1,71446.62,67652.42,1,1,0,0.666667,SELL 0.3333
2024-06-01,67766.85,66951.36,61263.39,1,71446.62,67540.01,1,1,0,0.666667,HOLD
2024-06-02,67765.63,67014.0,61370.87,1,71446.62,67540.01,1,1,0,0.666667,HOLD
2024-06-03,68809.9,67152.15,61493.83,1,71446.62,67540.01,1,1,0,0.666667,HOLD
2024-06-04,70537.84,67412.58,61643.32,1,71446.62,67540.01,1,1,0,0.666667,HOLD
2024-06-05,71108.0,67696.85,61799.76,1,71446.62,67540.01,1,1,0,0.666667,HOLD
2024-06-06,70799.06,67935.48,61948.5,1,71446.62,67540.01,1,1,0,0.666667,HOLD
2024-06-07,69355.6,68044.72,62070.94,1,71446.62,67540.01,1,1,0,0.666667,HOLD
2024-06-08,69310.46,68142.08,62190.6,1,71446.62,67540.01,1,1,0,0.666667,HOLD
2024-06-09,69648.14,68257.93,62313.86,1,71446.62,67540.01,1,1,0,0.666667,HOLD
2024-06-10,69540.0,68356.55,62433.3,1,71108.0,67540.01,1,1,0,0.666667,HOLD
2024-06-11,67314.24,68276.38,62513.98,1,71108.0,67765.63,1,1,-1,0.333333,SELL 0.3333
2024-06-12,68263.99,68275.42,62609.02,1,71108.0,67314.24,1,1,-1,0.333333,HOLD
2024-06-13,66773.01,68159.85,62677.85,1,71108.0,67314.24,1,1,-1,0.333333,HOLD
2024-06-14,66043.99,67997.09,62733.49,1,71108.0,66773.01,1,1,-1,0.333333,HOLD
2024-06-15,66228.25,67861.03,62791.25,1,71108.0,66043.99,1,1,-1,0.333333,HOLD
2024-06-16,66676.87,67769.94,62855.48,1,71108.0,66043.99,1,1,-1,0.333333,HOLD
2024-06-17,66504.33,67672.59,62915.79,1,71108.0,66043.99,1,1,-1,0.333333,HOLD
2024-06-18,65175.32,67480.49,62953.14,1,71108.0,66043.99,1,1,-1,0.333333,HOLD
2024-06-19,64974.37,67287.71,62986.54,1,71108.0,65175.32,1,1,-1,0.333333,HOLD
2024-06-20,64869.99,67101.73,63017.68,1,71108.0,64974.37,1,1,-1,0.333333,HOLD
2024-06-21,64143.56,66874.18,63036.29,1,71108.0,64869.99,1,1,-1,0.333333,HOLD
2024-06-22,64262.01,66673.24,63056.55,1,71108.0,64143.56,1,1,-1,0.333333,HOLD
2024-06-23,63210.01,66406.84,63059.08,1,71108.0,64143.56,1,1,-1,0.333333,HOLD
2024-06-24,60293.3,65936.57,63013.37,-1,71108.0,63210.01,1,-1,-1,0.0,SELL 0.3333
2024-06-25,61806.01,65618.83,62993.41,-1,71108.0,60293.3,1,-1,-1,0.0,HOLD
2024-06-26,60864.99,65253.15,62958.23,-1,70799.06,60293.3,1,-1,-1,0.0,HOLD
2024-06-27,61706.47,64980.33,62937.54,-1,69648.14,60293.3,1,-1,-1,0.0,HOLD
2024-06-28,60427.84,64630.14,62896.06,-1,69648.14,60293.3,1,-1,-1,0.0,HOLD
2024-06-29,60986.68,64349.87,62864.5,-1,69648.14,60293.3,1,-1,-1,0.0,HOLD
2024-06-30,62772.01,64228.5,62862.97,-1,69540.0,60293.3,1,-1,-1,0.0,HOLD
2024-07-01,62899.99,64126.31,62863.58,-1,68263.99,60293.3,1,-1,-1,0.0,HOLD
2024-07-02,62135.47,63973.17,62851.55,-1,68263.99,60293.3,1,-1,-1,0.0,HOLD
2024-07-03,60208.58,63683.58,62807.86,-1,66773.01,60293.3,1,-1,-1,0.0,HOLD
2024-07-04,57050.01,63173.31,62712.69,-1,66676.87,60208.58,1,-1,-1,0.0,HOLD
2024-07-05,56628.79,62669.88,62612.13,-1,66676.87,57050.01,1,-1,-1,0.0,HOLD
2024-07-06,58230.13,62328.36,62539.7,-1,66676.87,56628.79,0,-1,-1,0.0,HOLD
2024-07-07,55857.81,61830.63,62429.25,-1,66504.33,56628.79,0,-1,-1,0.0,HOLD
2024-07-08,56714.62,61437.09,62334.8,-1,65175.32,55857.81,0,-1,-1,0.0,HOLD
2024-07-09,58050.0,61176.54,62263.97,-1,64974.37,55857.81,0,-1,-1,0.0,HOLD
2024-07-10,57725.85,60911.11,62188.96,-1,64869.99,55857.81,0,-1,-1,0.0,HOLD
2024-07-11,57339.89,60636.4,62108.81,-1,64262.01,55857.81,0,-1,-1,0.0,HOLD
2024-07-12,57889.1,60425.07,62039.07,-1,64262.01,55857.81,0,-1,-1,0.0,HOLD
2024-07-13,59204.02,60331.14,61992.21,-1,63210.01,55857.81,0,-1,-1,0.0,HOLD
2024-07-14,60797.91,60367.05,61972.47,-1,62899.99,55857.81,0,-1,0,0.0,HOLD
2024-07-15,64724.14,60702.21,62017.95,-1,62899.99,55857.81,0,-1,1,0.0,HOLD
2024-07-16,65043.99,61036.19,62067.97,-1,64724.14,55857.81,0,-1,1,0.0,HOLD
2024-07-17,64087.99,61270.94,62101.35,-1,65043.99,55857.81,0,-1,1,0.0,HOLD
2024-07-18,63987.92,61479.94,62132.54,-1,65043.99,56714.62,0,-1,1,0.0,HOLD
2024-07-19,66660.0,61878.41,62207.37,-1,65043.99,57339.89,0,-1,1,0.0,HOLD
2024-07-20,67139.96,62283.14,62288.9,-1,66660.0,57339.89,0,-1,1,0.0,HOLD
2024-07-21,68165.34,62735.62,62386.03,1,67139.96,57339.89,1,1,1,1.0,BUY 1.0
2024-07-22,67532.01,63104.57,62471.09,-1,68165.34,57889.1,1,-1,1,0.333333,SELL 0.6667
2024-07-23,65936.01,63322.38,62528.36,-1,68165.34,59204.02,1,-1,1,0.333333,HOLD
2024-07-24,65376.0,63480.35,62575.43,-1,68165.34,60797.91,1,-1,1,0.333333,HOLD
2024-07-25,65799.95,63658.78,62628.73,-1,68165.34,63987.92,1,-1,1,0.333333,HOLD
2024-07-26,67907.99,63985.64,62715.99,1,68165.34,63987.92,1,1,1,1.0,BUY 0.6667
2024-07-27,67896.5,64286.48,62801.62,1,68165.34,63987.92,1,1,1,1.0,HOLD
2024-07-28,68249.88,64591.35,62891.67,1,68165.34,63987.92,1,1,1,1.0,HOLD
2024-07-29,66784.69,64760.07,62956.02,1,68249.88,65376.0,1,1,1,1.0,HOLD
2024-07-30,66188.0,64869.91,63009.44,1,68249.88,65376.0,1,1,1,1.0,HOLD
2024-07-31,64628.0,64851.3,63036.19,1,68249.88,65376.0,1,1,0,0.666667,SELL 0.3333
2024-08-01,65354.02,64889.97,63074.5,1,68249.88,64628.0,1,1,0,0.666667,HOLD
2024-08-02,61498.33,64629.08,63048.45,-1,68249.88,64628.0,1,-1,0,0.0,SELL 0.6667
2024-08-03,60697.99,64326.69,63009.6,1,68249.88,61498.33,1,1,-1,0.333333,BUY 0.3333
2024-08-04,58161.0,63852.4,62929.46,-1,68249.88,60697.99,1,-1,-1,0.0,SELL 0.3333
2024-08-05,54018.81,63095.97,62782.17,-1,68249.88,58161.0,1,-1,-1,0.0,HOLD
2024-08-06,56022.01,62551.82,62670.44,-1,68249.88,54018.81,0,-1,-1,0.0,HOLD
2024-08-07,55134.16,61981.23,62545.87,-1,68249.88,54018.81,0,-1,-1,0.0,HOLD
2024-08-08,61685.99,61958.52,62531.66,1,68249.88,54018.81,0,1,-1,0.0,HOLD
2024-08-09,60837.99,61872.33,62503.66,-1,68249.88,54018.81,0,-1,-1,0.0,HOLD
2024-08-10,60923.51,61799.34,62477.54,-1,68249.88,54018.81,0,-1,-1,0.0,HOLD
2024-08-11,58712.59,61561.9,62415.31,-1,68249.88,54018.81,0,-1,-1,0.0,HOLD
2024-08-12,59346.64,61391.49,62364.59,-1,68249.88,54018.81,0,-1,-1,0.0,HOLD
2024-08-13,60587.15,61329.62,62335.21,1,68249.88,54018.81,0,1,-1,0.0,HOLD
2024-08-14,58683.39,61126.07,62274.85,1,68249.88,54018.81,0,1,-1,0.0,HOLD
2024-08-15,57541.06,60850.3,62196.61,-1,68249.88,54018.81,0,-1,-1,0.0,HOLD
2024-08-16,58874.6,60698.32,62141.7,1,68249.88,55134.16,0,1,-1,0.0,HOLD
2024-08-17,59491.99,60605.52,62097.9,1,68249.88,55134.16,0,1,-1,0.0,HOLD
2024-08-18,58427.35,60437.97,62037.23,1,66784.69,57541.06,0,1,-1,0.0,HOLD
2024-08-19,59438.5,60361.09,61994.28,1,66188.0,57541.06,0,1,-1,0.0,HOLD
2024-08-20,59013.8,60257.45,61945.01,1,65354.02,57541.06,0,1,-1,0.0,HOLD
2024-08-21,61156.03,60326.57,61931.97,1,65354.02,57541.06,0,1,0,0.333333,BUY 0.3333
2024-08-22,60375.84,60330.36,61906.25,1,61685.99,57541.06,0,1,0,0.333333,HOLD
2024-08-23,64037.24,60615.51,61941.47,1,61685.99,57541.06,0,1,1,0.666667,BUY 0.3333
2024-08-24,64157.01,60887.93,61978.09,-1,64037.24,57541.06,0,-1,1,0.0,SELL 0.6667
2024-08-25,64220.0,61144.24,62015.15,-1,64157.01,57541.06,0,-1,1,0.0,HOLD
2024-08-26,62834.0,61274.23,62028.69,-1,64220.0,58427.35,0,-1,1,0.0,HOLD
2024-08-27,59415.0,61131.21,61985.48,-1,64220.0,58427.35,0,-1,1,0.0,HOLD
2024-08-28,59034.9,60969.95,61936.71,-1,64220.0,58427.35,0,-1,1,0.0,HOLD
2024-08-29,59359.01,60846.03,61894.11,-1,64220.0,59013.8,0,-1,1,0.0,HOLD
2024-08-30,59123.99,60713.57,61848.32,-1,64220.0,59013.8,0,-1,1,0.0,HOLD
2024-08-31,58973.99,60579.76,61800.81,-1,64220.0,59034.9,0,-1,0,0.0,HOLD
2024-09-01,57301.86,60327.61,61726.45,-1,64220.0,58973.99,0,-1,-1,0.0,HOLD
2024-09-02,59132.13,60235.65,61683.57,-1,64220.0,57301.86,0,-1,-1,0.0,HOLD
2024-09-03,57487.73,60024.27,61614.21,-1,64220.0,57301.86,0,-1,-1,0.0,HOLD
2024-09-04,57970.9,59866.32,61553.99,-1,64220.0,57301.86,0,-1,-1,0.0,HOLD
2024-09-05,56180.0,59582.76,61465.17,-1,64220.0,57301.86,0,-1,-1,0.0,HOLD
2024-09-06,53962.97,59150.47,61341.16,-1,64220.0,56180.0,0,-1,-1,0.0,HOLD
2024-09-07,54160.86,58766.65,61222.48,-1,64220.0,53962.97,0,-1,-1,0.0,HOLD
2024-09-08,54869.95,58466.9,61117.48,-1,64220.0,53962.97,0,-1,-1,0.0,HOLD
2024-09-09,57042.0,58357.3,61050.12,-1,64220.0,53962.97,0,-1,-1,0.0,HOLD
2024-09-10,57635.99,58301.81,60993.69,-1,64220.0,53962.97,0,-1,-1,0.0,HOLD
2024-09-11,57338.0,58227.67,60933.26,-1,64220.0,53962.97,0,-1,-1,0.0,HOLD
2024-09-12,58132.32,58220.34,60886.96,-1,64220.0,53962.97,0,-1,-1,0.0,HOLD
2024-09-13,60498.0,58395.54,60880.54,1,64220.0,53962.97,0,1,0,0.333333,BUY 0.3333
2024-09-14,59993.03,58518.43,60865.87,1,64220.0,53962.97,0,1,0,0.333333,HOLD
2024-09-15,59132.0,58565.62,60837.21,1,62834.0,53962.97,0,1,0,0.333333,HOLD
2024-09-16,58213.99,58538.57,60793.85,1,60498.0,53962.97,0,1,0,0.333333,HOLD
2024-09-17,60313.99,58675.14,60785.92,-1,60498.0,54160.86,0,-1,0,0.0,SELL 0.3333
2024-09-18,61759.99,58912.44,60802.02,1,60498.0,54869.95,0,1,1,0.666667,BUY 0.6667
2024-09-19,62947.99,59222.87,60837.49,1,61759.99,57042.0,0,1,1,0.666667,HOLD
2024-09-20,63201.05,59528.88,60876.55,1,62947.99,57338.0,0,1,1,0.666667,HOLD
2024-09-21,63348.96,59822.73,60917.42,1,63201.05,57338.0,0,1,1,0.666667,HOLD
2024-09-22,63578.76,60111.66,60961.41,1,63348.96,58132.32,0,1,1,0.666667,HOLD
2024-09-23,63339.99,60359.99,61000.73,1,63578.76,58213.99,0,1,1,0.666667,HOLD
2024-09-24,64262.7,60660.2,61054.64,1,63578.76,58213.99,0,1,1,0.666667,HOLD
2024-09-25,63152.01,60851.88,61089.31,1,64262.7,58213.99,0,1,1,0.666667,HOLD
2024-09-26,65173.99,61184.35,61156.82,1,64262.7,58213.99,1,1,1,1.0,BUY 0.3333
2024-09-27,65769.95,61537.09,61233.07,1,65173.99,60313.99,1,1,1,1.0,HOLD
2024-09-28,65858.0,61869.46,61309.52,1,65769.95,61759.99,1,1,1,1.0,HOLD
2024-09-29,65602.01,62156.58,61380.47,1,65858.0,62947.99,1,1,1,1.0,HOLD
2024-09-30,63327.59,62246.66,61412.65,1,65858.0,63152.01,1,1,1,1.0,HOLD
2024-10-01,60805.78,62135.82,61402.62,1,65858.0,63152.01,1,1,0,0.666667,SELL 0.3333
2024-10-02,60649.28,62021.47,61390.17,-1,65858.0,60805.78,1,-1,0,0.0,SELL 0.6667
2024-10-03,60752.71,61923.88,61379.63,-1,65858.0,60649.28,1,-1,0,0.0,HOLD
2024-10-04,62086.0,61936.35,61391.31,-1,65858.0,60649.28,1,-1,0,0.0,HOLD
2024-10-05,62058.0,61945.71,61402.33,-1,65858.0,60649.28,1,-1,0,0.0,HOLD
2024-10-06,62819.91,62012.95,61425.76,1,65858.0,60649.28,1,1,0,0.666667,BUY 0.6667
2024-10-07,62224.0,62029.19,61438.95,1,65858.0,60649.28,1,1,0,0.666667,HOLD
2024-10-08,62160.49,62039.29,61450.88,1,65858.0,60649.28,1,1,0,0.666667,HOLD
2024-10-09,60636.02,61931.34,61437.41,1,65858.0,60649.28,1,1,-1,0.333333,SELL 0.3333
2024-10-10,60326.39,61807.89,61419.05,1,65858.0,60636.02,1,1,-1,0.333333,HOLD
2024-10-11,62540.0,61864.2,61437.58,1,65858.0,60326.39,1,1,-1,0.333333,HOLD
2024-10-12,63206.22,61967.43,61466.81,1,65858.0,60326.39,1,1,0,0.666667,BUY 0.3333
2024-10-13,62870.02,62036.86,61490.0,1,65858.0,60326.39,1,1,0,0.666667,HOLD
2024-10-14,66083.99,62348.18,61565.94,1,65858.0,60326.39,1,1,1,1.0,BUY 0.3333
2024-10-15,67074.14,62711.72,61656.98,1,66083.99,60326.39,1,1,1,1.0,HOLD
2024-10-16,67620.01,63089.28,61755.54,1,67074.14,60326.39,1,1,1,1.0,HOLD
2024-10-17,67421.78,63422.55,61849.2,1,67620.01,60326.39,1,1,1,1.0,HOLD
2024-10-18,68428.0,63807.58,61957.94,1,67620.01,60326.39,1,1,1,1.0,HOLD
2024-10-19,68378.0,64159.15,62064.06,1,68428.0,60326.39,1,1,1,1.0,HOLD
2024-10-20,69031.99,64533.99,62179.23,1,68428.0,60326.39,1,1,1,1.0,HOLD
2024-10-21,67377.5,64752.72,62265.15,1,69031.99,62540.0,1,1,1,1.0,HOLD
2024-10-22,67426.0,64958.36,62350.46,1,69031.99,62870.02,1,1,1,1.0,HOLD
2024-10-23,66668.65,65089.92,62421.83,1,69031.99,62870.02,1,1,1,1.0,HOLD
2024-10-24,68198.28,65329.02,62517.31,1,69031.99,66083.99,1,1,1,1.0,HOLD
2024-10-25,66698.33,65434.35,62586.42,1,69031.99,66668.65,1,1,1,1.0,HOLD
2024-10-26,67092.76,65561.92,62660.9,1,69031.99,66668.65,1,1,1,1.0,HOLD
2024-10-27,68021.7,65751.14,62749.51,1,69031.99,66668.65,1,1,1,1.0,HOLD
2024-10-28,69962.21,66075.06,62868.73,1,69031.99,66668.65,1,1,1,1.0,HOLD
2024-10-29,72736.42,66587.48,63031.83,1,69962.21,66668.65,1,1,1,1.0,HOLD
2024-10-30,72344.74,67030.34,63185.76,1,72736.42,66668.65,1,1,1,1.0,HOLD
2024-10-31,70292.01,67281.24,63303.22,1,72736.42,66668.65,1,1,1,1.0,HOLD
2024-11-01,69496.01,67451.61,63405.58,1,72736.42,66668.65,1,1,1,1.0,HOLD
2024-11-02,69374.74,67599.54,63504.25,1,72736.42,66668.65,1,1,1,1.0,HOLD
2024-11-03,68775.99,67690.04,63591.38,1,72736.42,66698.33,1,1,1,1.0,HOLD
2024-11-04,67850.01,67702.34,63661.77,1,72736.42,66698.33,1,1,1,1.0,HOLD
2024-11-05,69372.01,67830.78,63756.16,1,72736.42,67092.76,1,1,1,1.0,HOLD
2024-11-06,75571.99,68426.26,63951.46,1,72736.42,67850.01,1,1,1,1.0,HOLD
2024-11-07,75857.89,68997.92,64148.26,1,75571.99,67850.01,1,1,1,1.0,HOLD
2024-11-08,76509.78,69575.76,64352.58,1,75857.89,67850.01,1,1,1,1.0,HOLD
2024-11-09,76677.46,70122.04,64556.3,1,76509.78,67850.01,1,1,1,1.0,HOLD
2024-11-10,80370.01,70910.35,64817.68,1,76677.46,67850.01,1,1,1,1.0,HOLD
2024-11-11,88647.99,72274.78,65211.57,1,80370.01,67850.01,1,1,1,1.0,HOLD
2024-11-12,87952.01,73480.72,65587.45,1,88647.99,67850.01,1,1,1,1.0,HOLD
2024-11-13,90375.2,74780.3,65997.16,1,88647.99,67850.01,1,1,1,1.0,HOLD
2024-11-14,87325.59,75745.32,66349.7,1,90375.2,67850.01,1,1,1,1.0,HOLD
2024-11-15,91032.07,76921.22,66757.67,1,90375.2,69372.01,1,1,1,1.0,HOLD
2024-11-16,90586.92,77972.43,67151.54,1,91032.07,75571.99,1,1,1,1.0,HOLD
2024-11-17,89855.99,78886.55,67526.82,1,91032.07,75857.89,1,1,1,1.0,HOLD
2024-11-18,90464.08,79777.13,67905.95,1,91032.07,76509.78,1,1,1,1.0,HOLD
2024-11-19,92310.79,80741.26,68309.34,1,91032.07,76677.46,1,1,1,1.0,HOLD
2024-11-20,94286.56,81783.2,68738.71,1,92310.79,80370.01,1,1,1,1.0,HOLD
2024-11-21,98317.12,83055.04,69227.61,1,94286.56,87325.59,1,1,1,1.0,HOLD
2024-11-22,98892.0,84273.27,69717.93,1,98317.12,87325.59,1,1,1,1.0,HOLD
2024-11-23,97672.4,85303.97,70179.99,1,98892.0,87325.59,1,1,1,1.0,HOLD
2024-11-24,97900.04,86272.9,70638.17,1,98892.0,87325.59,1,1,1,1.0,HOLD
2024-11-25,93010.01,86791.14,71007.96,1,98892.0,89855.99,1,1,1,1.0,HOLD
2024-11-26,91965.16,87189.14,71354.36,1,98892.0,89855.99,1,1,1,1.0,HOLD
2024-11-27,95863.11,87856.37,71759.46,1,98892.0,89855.99,1,1,1,1.0,HOLD
2024-11-28,95643.98,88455.42,72154.24,1,98892.0,90464.08,1,1,1,1.0,HOLD
2024-11-29,97460.0,89148.08,72572.52,1,98892.0,91965.16,1,1,1,1.0,HOLD
2024-11-30,96407.99,89706.53,72966.5,1,98892.0,91965.16,1,1,1,1.0,HOLD
2024-12-01,97185.18,90281.81,73366.8,1,98892.0,91965.16,1,1,1,1.0,HOLD
2024-12-02,95840.62,90709.41,73738.27,1,98892.0,91965.16,1,1,1,1.0,HOLD
2024-12-03,95849.69,91104.82,74103.75,1,98892.0,91965.16,1,1,1,1.0,HOLD
2024-12-04,98587.32,91680.4,74508.44,1,98892.0,91965.16,1,1,1,1.0,HOLD
2024-12-05,96945.63,92085.41,74879.3,1,98892.0,91965.16,1,1,1,1.0,HOLD
2024-12-06,99740.84,92674.29,75290.24,1,98892.0,91965.16,1,1,1,1.0,HOLD
2024-12-07,99831.99,93224.89,75695.88,1,99740.84,95643.98,1,1,1,1.0,HOLD
2024-12-08,101109.59,93831.4,76115.95,1,99831.99,95643.98,1,1,1,1.0,HOLD
2024-12-09,97276.47,94096.41,76465.71,1,101109.59,95840.62,1,1,1,1.0,HOLD
2024-12-10,96593.0,94288.45,76798.39,1,101109.59,95840.62,1,1,1,1.0,HOLD
2024-12-11,101125.0,94814.34,77200.48,1,101109.59,95840.62,1,1,1,1.0,HOLD
2024-12-12,100004.29,95213.57,77577.4,1,101125.0,95840.62,1,1,1,1.0,HOLD
2024-12-13,101424.25,95691.31,77971.57,1,101125.0,95849.69,1,1,1,1.0,HOLD
2024-12-14,101420.0,96131.98,78359.14,1,101424.25,96593.0,1,1,1,1.0,HOLD
2024-12-15,104463.99,96772.9,78790.63,1,101424.25,96593.0,1,1,1,1.0,HOLD
2024-12-16,106058.66,97487.19,79241.34,1,104463.99,96593.0,1,1,1,1.0,HOLD
2024-12-17,106133.74,98152.31,79685.84,1,106058.66,96593.0,1,1,1,1.0,HOLD
2024-12-18,100204.01,98310.13,80024.99,1,106133.74,96593.0,1,1,1,1.0,HOLD
2024-12-19,97461.86,98244.88,80313.2,1,106133.74,96593.0,1,1,1,1.0,HOLD
2024-12-20,97805.44,98211.08,80602.33,1,106133.74,96593.0,1,1,1,1.0,HOLD
2024-12-21,97291.99,98140.38,80878.19,1,106133.74,97461.86,1,1,0,0.666667,SELL 0.3333
2024-12-22,95186.27,97913.14,81114.69,1,106133.74,97291.99,1,1,-1,0.333333,SELL 0.3333
2024-12-23,94881.47,97679.94,81342.24,1,106133.74,95186.27,1,1,-1,0.333333,HOLD
2024-12-24,98663.58,97755.6,81628.54,1,106133.74,94881.47,1,1,-1,0.333333,HOLD
2024-12-25,99429.6,97884.37,81922.77,1,106133.74,94881.47,1,1,-1,0.333333,HOLD
2024-12-26,95791.6,97723.39,82152.01,1,106133.74,94881.47,1,1,-1,0.333333,HOLD
2024-12-27,94299.03,97459.98,82352.79,1,106133.74,94881.47,1,1,-1,0.333333,HOLD
2024-12-28,95300.0,97293.82,82566.79,1,106133.74,94299.03,1,1,-1,0.333333,HOLD
2024-12-29,93738.2,97020.31,82751.44,1,106133.74,94299.03,1,1,-1,0.333333,HOLD
2024-12-30,92792.05,96695.06,82917.4,-1,106133.74,93738.2,1,-1,-1,0.0,SELL 0.3333
2024-12-31,93576.0,96455.13,83093.58,-1,106133.74,92792.05,1,-1,-1,0.0,HOLD
2025-01-01,94591.79,96311.8,83283.63,-1,106133.74,92792.05,1,-1,-1,0.0,HOLD
2025-01-02,96984.79,96363.57,83510.1,-1,106133.74,92792.05,1,-1,-1,0.0,HOLD
2025-01-03,98174.18,96502.85,83752.48,1,106133.74,92792.05,1,1,-1,0.333333,BUY 0.3333
2025-01-04,98220.5,96634.97,83991.62,1,106133.74,92792.05,1,1,-1,0.333333,HOLD
2025-01-05,98363.61,96767.95,84229.17,1,106133.74,92792.05,1,1,0,0.666667,BUY 0.3333
2025-01-06,102235.6,97188.53,84526.8,1,106133.74,92792.05,1,1,0,0.666667,HOLD
2025-01-07,96954.61,97170.54,84732.22,1,102235.6,92792.05,1,1,0,0.666667,HOLD
2025-01-08,95060.61,97008.24,84902.93,-1,102235.6,92792.05,1,-1,0,0.0,SELL 0.6667
2025-01-09,92552.49,96665.49,85029.37,-1,102235.6,92792.05,1,-1,-1,0.0,HOLD
2025-01-10,94726.11,96516.31,85189.65,-1,102235.6,92552.49,1,-1,-1,0.0,HOLD
2025-01-11,94599.99,96368.9,85345.19,-1,102235.6,92552.49,1,-1,-1,0.0,HOLD
2025-01-12,94545.06,96228.6,85497.26,-1,102235.6,92552.49,1,-1,-1,0.0,HOLD
2025-01-13,94536.1,96098.41,85646.66,-1,102235.6,92552.49,1,-1,-1,0.0,HOLD
2025-01-14,96560.86,96133.98,85827.06,-1,102235.6,92552.49,1,-1,-1,0.0,HOLD
2025-01-15,100497.35,96469.63,86069.54,1,102235.6,92552.49,1,1,-1,0.333333,BUY 0.3333
2025-01-16,99987.3,96740.22,86299.59,1,102235.6,92552.49,1,1,-1,0.333333,HOLD
2025-01-17,104077.48,97304.62,86593.44,1,102235.6,92552.49,1,1,1,1.0,BUY 0.6667
2025-01-18,104556.23,97862.44,86890.34,1,104077.48,92552.49,1,1,1,1.0,HOLD
2025-01-19,101331.57,98129.29,87129.04,1,104556.23,92552.49,1,1,1,1.0,HOLD
2025-01-20,102260.01,98447.04,87379.14,1,104556.23,94536.1,1,1,1,1.0,HOLD
2025-01-21,106143.82,99039.1,87689.3,1,104556.23,94536.1,1,1,1,1.0,HOLD
2025-01-22,103706.66,99398.14,87954.05,1,106143.82,94536.1,1,1,1,1.0,HOLD
2025-01-23,103910.34,99745.24,88217.79,1,106143.82,94536.1,1,1,1,1.0,HOLD
2025-01-24,104870.5,100139.49,88493.04,1,106143.82,96560.86,1,1,1,1.0,HOLD
2025-01-25,104746.85,100493.9,88761.7,-1,106143.82,99987.3,1,-1,1,0.333333,SELL 0.6667
2025-01-26,102620.0,100657.45,88990.76,-1,106143.82,99987.3,1,-1,1,0.333333,HOLD
2025-01-27,102082.83,100767.09,89207.16,1,106143.82,101331.57,1,1,1,1.0,BUY 0.6667
2025-01-28,101335.52,100810.82,89407.63,1,106143.82,101331.57,1,1,1,1.0,HOLD
2025-01-29,103733.24,101035.62,89644.42,1,106143.82,101331.57,1,1,1,1.0,HOLD
2025-01-30,104722.94,101319.26,89893.65,1,106143.82,101335.52,1,1,1,1.0,HOLD
2025-01-31,102429.56,101404.67,90100.85,1,106143.82,101335.52,1,1,1,1.0,HOLD
2025-02-01,100635.65,101345.51,90274.98,1,106143.82,101335.52,1,1,0,0.666667,SELL 0.3333
2025-02-02,97700.59,101065.13,90397.72,-1,106143.82,100635.65,1,-1,0,0.0,SELL 0.6667
2025-02-03,101328.52,101085.39,90578.39,1,106143.82,97700.59,1,1,0,0.666667,BUY 0.6667
2025-02-04,97763.13,100829.83,90697.15,1,106143.82,97700.59,1,1,0,0.666667,HOLD
2025-02-05,96612.43,100505.42,90794.92,1,106143.82,97700.59,1,1,-1,0.333333,SELL 0.3333
2025-02-06,96554.35,100201.49,90890.12,1,106143.82,96612.43,1,1,-1,0.333333,HOLD
2025-02-07,96506.8,99917.28,90982.96,1,106143.82,96554.35,1,1,-1,0.333333,HOLD
2025-02-08,96444.74,99650.16,91073.23,1,106143.82,96506.8,1,1,-1,0.333333,HOLD
2025-02-09,96462.75,99404.98,91162.32,1,106143.82,96444.74,1,1,-1,0.333333,HOLD
2025-02-10,97430.82,99253.12,91265.93,1,106143.82,96444.74,1,1,-1,0.333333,HOLD
2025-02-11,95778.2,98985.82,91340.51,-1,104870.5,96444.74,1,-1,-1,0.0,SELL 0.3333
2025-02-12,97869.99,98899.99,91448.44,-1,104870.5,95778.2,1,-1,-1,0.0,HOLD
2025-02-13,96608.14,98723.69,91533.72,-1,104870.5,95778.2,1,-1,-1,0.0,HOLD
2025-02-14,97500.48,98629.6,91632.35,-1,104746.85,95778.2,1,-1,-1,0.0,HOLD
2025-02-15,97569.66,98548.06,91730.48,-1,104722.94,95778.2,1,-1,-1,0.0,HOLD
2025-02-16,96118.12,98361.14,91803.01,-1,104722.94,95778.2,1,-1,-1,0.0,HOLD
2025-02-17,95780.0,98162.6,91868.74,1,104722.94,95778.2,1,1,-1,0.333333,BUY 0.3333
2025-02-18,95671.74,97970.99,91931.6,1,104722.94,95778.2,1,1,-1,0.333333,HOLD
2025-02-19,96644.37,97868.94,92009.5,1,104722.94,95671.74,1,1,-1,0.333333,HOLD
2025-02-20,98305.0,97902.49,92113.56,1,102429.56,95671.74,1,1,0,0.666667,BUY 0.3333
2025-02-21,96181.98,97770.14,92180.8,1,101328.52,95671.74,1,1,0,0.666667,HOLD
2025-02-22,96551.01,97676.36,92253.04,1,101328.52,95671.74,1,1,0,0.666667,HOLD
2025-02-23,96258.0,97567.26,92319.24,-1,101328.52,95671.74,1,-1,0,0.0,SELL 0.6667
2025-02-24,91552.88,97104.61,92306.57,-1,98305.0,95671.74,1,-1,-1,0.0,HOLD
2025-02-25,88680.4,96456.59,92246.63,-1,98305.0,91552.88,1,-1,-1,0.0,HOLD
2025-02-26,84250.09,95517.63,92114.46,-1,98305.0,88680.4,1,-1,-1,0.0,HOLD
2025-02-27,84708.58,94686.17,91992.05,-1,98305.0,84250.09,1,-1,-1,0.0,HOLD
2025-02-28,84349.94,93891.07,91865.73,-1,98305.0,84250.09,1,-1,-1,0.0,HOLD
2025-03-01,86064.53,93289.03,91769.84,-1,98305.0,84250.09,1,-1,-1,0.0,HOLD
2025-03-02,94270.0,93364.49,91811.17,-1,98305.0,84250.09,1,-1,-1,0.0,HOLD
2025-03-03,86220.61,92814.96,91718.76,-1,98305.0,84250.09,1,-1,-1,0.0,HOLD
2025-03-04,87281.98,92389.35,91645.43,-1,98305.0,84250.09,1,-1,-1,0.0,HOLD
2025-03-05,90606.01,92252.17,91628.25,-1,98305.0,84250.09,1,-1,-1,0.0,HOLD
2025-03-06,89931.89,92073.68,91600.21,-1,98305.0,84250.09,1,-1,-1,0.0,HOLD
2025-03-07,86801.75,91668.15,91520.89,-1,98305.0,84250.09,1,-1,-1,0.0,HOLD
2025-03-08,86222.45,91249.25,91433.32,-1,98305.0,84250.09,0,-1,-1,0.0,HOLD
2025-03-09,80734.37,90440.41,91256.47,-1,98305.0,84349.94,0,-1,-1,0.0,HOLD
2025-03-10,78595.86,89529.29,91047.21,-1,98305.0,80734.37,0,-1,-1,0.0,HOLD
2025-03-11,82932.99,89021.89,90913.09,-1,98305.0,78595.86,0,-1,-1,0.0,HOLD
2025-03-12,83680.12,88610.98,90793.54,-1,98305.0,78595.86,0,-1,-1,0.0,HOLD
2025-03-13,81115.78,88034.43,90633.57,-1,96551.01,78595.86,0,-1,-1,0.0,HOLD
2025-03-14,83983.2,87722.79,90523.65,-1,96551.01,78595.86,0,-1,-1,0.0,HOLD
2025-03-15,84338.44,87462.46,90421.41,-1,96258.0,78595.86,0,-1,-1,0.0,HOLD
2025-03-16,82574.53,87086.46,90291.71,-1,94270.0,78595.86,0,-1,-1,0.0,HOLD
2025-03-17,84010.03,86849.82,90187.88,-1,94270.0,78595.86,0,-1,-1,0.0,HOLD
2025-03-18,82715.03,86531.76,90064.37,-1,94270.0,78595.86,0,-1,-1,0.0,HOLD
2025-03-19,86845.94,86555.92,90011.17,-1,94270.0,78595.86,0,-1,0,0.0,HOLD
2025-03-20,84223.39,86376.5,89915.5,-1,94270.0,78595.86,0,-1,0,0.0,HOLD
2025-03-21,84088.79,86200.52,89819.19,-1,94270.0,81115.78,0,-1,0,0.0,HOLD
2025-03-22,83840.59,86018.99,89720.37,-1,94270.0,81115.78,0,-1,0,0.0,HOLD
2025-03-23,86082.5,86023.87,89660.24,-1,90606.01,81115.78,0,-1,0,0.0,HOLD
2025-03-24,87498.16,86137.28,89624.51,-1,90606.01,82574.53,0,-1,0,0.0,HOLD
2025-03-25,87392.87,86233.86,89587.62,-1,90606.01,82574.53,0,-1,0,0.0,HOLD
2025-03-26,86909.17,86285.81,89543.35,-1,89931.89,82574.53,0,-1,0,0.0,HOLD
2025-03-27,87232.01,86358.59,89505.14,-1,87498.16,82715.03,0,-1,0,0.0,HOLD
2025-03-28,84424.38,86209.81,89421.16,-1,87498.16,82715.03,0,-1,0,0.0,HOLD
2025-03-29,82648.54,85935.87,89309.22,-1,87498.16,83840.59,0,-1,0,0.0,HOLD
2025-03-30,82389.99,85663.11,89194.85,-1,87498.16,82648.54,0,-1,0,0.0,HOLD
2025-03-31,82550.01,85423.64,89085.02,-1,87498.16,82389.99,0,-1,0,0.0,HOLD
2025-04-01,85158.34,85403.23,89020.12,-1,87498.16,82389.99,0,-1,0,0.0,HOLD
2025-04-02,82516.29,85181.16,88912.62,-1,87498.16,82389.99,0,-1,0,0.0,HOLD
2025-04-03,83213.09,85029.77,88818.41,-1,87498.16,82389.99,0,-1,0,0.0,HOLD
2025-04-04,83889.87,84942.08,88736.95,-1,87498.16,82389.99,0,-1,0,0.0,HOLD
2025-04-05,83537.99,84834.08,88651.01,-1,87498.16,82389.99,0,-1,0,0.0,HOLD
2025-04-06,78430.0,84341.45,88482.07,-1,87498.16,82389.99,0,-1,-1,0.0,HOLD
2025-04-07,79163.24,83943.13,88328.04,-1,87498.16,78430.0,0,-1,-1,0.0,HOLD
2025-04-08,76322.42,83356.92,88129.6,-1,87498.16,78430.0,0,-1,-1,0.0,HOLD
2025-04-09,82615.22,83299.87,88038.45,-1,87498.16,76322.42,0,-1,-1,0.0,HOLD
2025-04-10,79607.3,83015.82,87899.09,-1,87498.16,76322.42,0,-1,-1,0.0,HOLD
2025-04-11,83423.84,83047.21,87825.12,-1,87498.16,76322.42,0,-1,-1,0.0,HOLD
2025-04-12,85276.9,83218.72,87783.0,-1,87498.16,76322.42,0,-1,0,0.0,HOLD
2025-04-13,83760.0,83260.36,87716.51,-1,87498.16,76322.42,0,-1,0,0.0,HOLD
2025-04-14,84591.58,83362.76,87664.86,-1,87392.87,76322.42,0,-1,0,0.0,HOLD
2025-04-15,83643.99,83384.4,87598.4,-1,87232.01,76322.42,0,-1,0,0.0,HOLD
2025-04-16,84030.38,83434.09,87539.42,-1,87232.01,76322.42,0,-1,0,0.0,HOLD
2025-04-17,84947.91,83550.53,87496.59,-1,85276.9,76322.42,0,-1,0,0.0,HOLD
2025-04-18,84474.69,83621.62,87446.64,1,85276.9,76322.42,0,1,0,0.333333,BUY 0.3333
2025-04-19,85077.01,83733.58,87407.47,1,85276.9,79607.3,0,1,0,0.333333,HOLD
2025-04-20,85179.24,83844.78,87370.64,1,85276.9,79607.3,0,1,0,0.333333,HOLD
2025-04-21,87516.23,84127.2,87373.05,1,85276.9,83423.84,0,1,1,0.666667,BUY 0.3333
2025-04-22,93442.99,84843.8,87473.38,1,87516.23,83643.99,0,1,1,0.666667,HOLD
2025-04-23,93691.08,85524.36,87576.15,1,93442.99,83643.99,0,1,1,0.666667,HOLD
2025-04-24,93980.47,86174.83,87682.0,1,93691.08,83643.99,0,1,1,0.666667,HOLD
2025-04-25,94638.68,86825.89,87796.99,1,93980.47,83643.99,0,1,1,0.666667,HOLD
2025-04-26,94628.0,87426.06,87909.9,1,94638.68,84030.38,0,1,1,0.666667,HOLD
2025-04-27,93749.3,87912.46,88006.42,1,94638.68,84474.69,0,1,1,0.666667,HOLD
2025-04-28,95011.18,88458.52,88122.2,1,94638.68,84474.69,1,1,1,1.0,BUY 0.3333
2025-04-29,94256.82,88904.54,88223.6,1,95011.18,85077.01,1,1,1,1.0,HOLD
2025-04-30,94172.0,89309.73,88321.92,1,95011.18,85179.24,1,1,1,1.0,HOLD
2025-05-01,96489.91,89862.05,88456.93,1,95011.18,87516.23,1,1,1,1.0,HOLD
2025-05-02,96887.14,90402.44,88596.27,1,96489.91,93442.99,1,1,1,1.0,HOLD
2025-05-03,95856.42,90821.98,88716.27,1,96887.14,93691.08,1,1,1,1.0,HOLD
2025-05-04,94277.62,91087.8,88808.2,1,96887.14,93749.3,1,1,1,1.0,HOLD
2025-05-05,94733.68,91368.25,88906.14,1,96887.14,93749.3,1,1,1,1.0,HOLD
2025-05-06,96834.02,91788.69,89037.18,1,96887.14,93749.3,1,1,1,1.0,HOLD
2025-05-07,97030.5,92191.91,89169.3,1,96887.14,93749.3,1,1,1,1.0,HOLD
2025-05-08,103261.6,93043.42,89402.23,1,97030.5,94172.0,1,1,1,1.0,HOLD
2025-05-09,102971.99,93807.16,89626.52,1,103261.6,94172.0,1,1,1,1.0,HOLD
2025-05-10,104809.53,94653.5,89877.48,1,103261.6,94172.0,1,1,1,1.0,HOLD
2025-05-11,104118.0,95381.53,90112.86,1,104809.53,94277.62,1,1,1,1.0,HOLD
2025-05-12,102791.32,95951.52,90322.42,1,104809.53,94277.62,1,1,1,1.0,HOLD
2025-05-13,104103.72,96578.61,90550.21,1,104809.53,94277.62,1,1,1,1.0,HOLD
2025-05-14,103507.82,97111.63,90764.39,1,104809.53,94277.62,1,1,1,1.0,HOLD
2025-05-15,103763.71,97623.33,90979.25,1,104809.53,94733.68,1,1,1,1.0,HOLD
2025-05-16,103463.9,98072.6,91185.61,1,104809.53,96834.02,1,1,1,1.0,HOLD
2025-05-17,103126.65,98461.37,91382.98,1,104809.53,97030.5,1,1,1,1.0,HOLD
2025-05-18,106454.26,99076.21,91632.1,1,104809.53,102791.32,1,1,1,1.0,HOLD
2025-05-19,105573.74,99576.02,91862.54,1,106454.26,102791.32,1,1,1,1.0,HOLD
2025-05-20,106849.99,100135.56,92110.26,1,106454.26,102791.32,1,1,1,1.0,HOLD
2025-05-21,109643.99,100866.97,92400.08,1,106849.99,102791.32,1,1,1,1.0,HOLD
2025-05-22,111696.21,101699.99,92719.02,1,109643.99,102791.32,1,1,1,1.0,HOLD
2025-05-23,107318.3,102132.17,92960.33,1,111696.21,103126.65,1,1,1,1.0,HOLD
2025-05-24,107761.91,102565.23,93204.98,1,111696.21,103126.65,1,1,1,1.0,HOLD
2025-05-25,109004.19,103060.53,93466.13,1,111696.21,103126.65,1,1,1,1.0,HOLD
2025-05-26,109434.79,103550.86,93730.07,1,111696.21,103126.65,1,1,1,1.0,HOLD
2025-05-27,108938.17,103965.27,93981.45,1,111696.21,103126.65,1,1,1,1.0,HOLD
2025-05-28,107781.78,104258.85,94209.55,1,111696.21,105573.74,1,1,1,1.0,HOLD
2025-05-29,105589.75,104361.22,94397.65,1,111696.21,105573.74,1,1,1,1.0,HOLD
2025-05-30,103985.48,104332.32,94556.13,1,111696.21,105589.75,1,1,0,0.666667,SELL 0.3333
2025-05-31,104591.88,104352.29,94722.01,1,111696.21,103985.48,1,1,0,0.666667,HOLD
2025-06-01,105642.93,104451.57,94902.52,1,111696.21,103985.48,1,1,0,0.666667,HOLD
2025-06-02,105857.99,104559.75,95083.6,1,111696.21,103985.48,1,1,0,0.666667,HOLD
2025-06-03,105376.89,104622.61,95253.74,1,111696.21,103985.48,1,1,0,0.666667,HOLD
2025-06-04,104696.86,104628.32,95409.83,1,111696.21,103985.48,1,1,0,0.666667,HOLD
2025-06-05,101508.68,104388.35,95510.63,1,111696.21,103985.48,1,1,-1,0.333333,SELL 0.3333
2025-06-06,104288.44,104380.66,95655.72,1,111696.21,101508.68,1,1,-1,0.333333,HOLD
2025-06-07,105552.15,104470.78,95819.3,1,111696.21,101508.68,1,1,-1,0.333333,HOLD
2025-06-08,105734.0,104567.95,95983.18,1,111696.21,101508.68,1,1,-1,0.333333,HOLD
2025-06-09,110263.02,105006.03,96219.21,1,111696.21,101508.68,1,1,0,0.666667,BUY 0.3333
2025-06-10,110274.39,105411.29,96451.52,1,111696.21,101508.68,1,1,0,0.666667,HOLD
2025-06-11,108645.12,105660.05,96653.07,1,111696.21,101508.68,1,1,0,0.666667,HOLD
2025-06-12,105671.73,105660.94,96802.14,1,110274.39,101508.68,1,1,0,0.666667,HOLD
2025-06-13,106066.59,105692.15,96955.27,1,110274.39,101508.68,1,1,0,0.666667,HOLD
2025-06-14,105414.64,105670.8,97095.1,1,110274.39,101508.68,1,1,0,0.666667,HOLD
2025-06-15,105594.01,105664.89,97235.57,1,110274.39,101508.68,1,1,0,0.666667,HOLD
2025-06-16,106794.53,105751.79,97393.57,1,110274.39,104288.44,1,1,0,0.666667,HOLD
2025-06-17,104551.17,105659.43,97511.88,1,110274.39,105414.64,1,1,0,0.666667,HOLD
2025-06-18,104886.78,105600.0,97633.78,1,110274.39,104551.17,1,1,0,0.666667,HOLD
2025-06-19,104658.59,105527.58,97749.89,-1,110274.39,104551.17,1,-1,0,0.0,SELL 0.6667
2025-06-20,103297.99,105356.08,97841.6,-1,110274.39,104551.17,1,-1,0,0.0,HOLD
2025-06-21,102120.01,105107.15,97912.31,-1,110274.39,103297.99,1,-1,0,0.0,HOLD
2025-06-22,100963.87,104788.43,97962.75,-1,110274.39,102120.01,1,-1,-1,0.0,HOLD
2025-06-23,105333.93,104830.4,98084.59,1,110274.39,100963.87,1,1,-1,0.333333,BUY 0.3333
2025-06-24,106083.0,104926.75,98216.8,1,110274.39,100963.87,1,1,-1,0.333333,HOLD
2025-06-25,107340.58,105112.43,98367.6,1,110274.39,100963.87,1,1,0,0.666667,BUY 0.3333
2025-06-26,106947.06,105253.55,98509.41,1,110274.39,100963.87,1,1,0,0.666667,HOLD
2025-06-27,107047.59,105391.56,98650.54,1,110274.39,100963.87,1,1,0,0.666667,HOLD
2025-06-28,107296.79,105538.11,98793.45,1,110274.39,100963.87,1,1,0,0.666667,HOLD
2025-06-29,108356.93,105754.95,98951.53,1,110274.39,100963.87,1,1,0,0.666667,HOLD
2025-06-30,107146.5,105861.99,99086.98,-1,110274.39,100963.87,1,-1,0,0.0,SELL 0.6667
2025-07-01,105681.14,105848.08,99195.97,-1,108645.12,100963.87,1,-1,0,0.0,HOLD
2025-07-02,108849.6,106078.96,99355.54,1,108356.93,100963.87,1,1,1,1.0,BUY 1.0
2025-07-03,109584.78,106348.64,99524.62,1,108849.6,105333.93,1,1,1,1.0,HOLD
2025-07-04,107984.24,106474.46,99664.45,-1,109584.78,105681.14,1,-1,1,0.333333,SELL 0.6667
2025-07-05,108198.12,106607.05,99805.5,-1,109584.78,105681.14,1,-1,1,0.333333,HOLD
2025-07-06,109203.84,106806.8,99960.84,1,109584.78,105681.14,1,1,1,1.0,BUY 0.6667
2025-07-07,108262.94,106918.81,100098.07,1,109584.78,105681.14,1,1,1,1.0,HOLD
2025-07-08,108922.98,107072.98,100243.93,1,109584.78,105681.14,1,1,1,1.0,HOLD
2025-07-09,111233.99,107393.06,100425.59,1,109584.78,105681.14,1,1,1,1.0,HOLD
2025-07-10,116010.0,108055.9,100683.18,1,111233.99,105681.14,1,1,1,1.0,HOLD
2025-07-11,117527.66,108784.49,100961.6,1,116010.0,105681.14,1,1,1,1.0,HOLD
2025-07-12,117420.0,109448.76,101233.64,1,117527.66,107984.24,1,1,1,1.0,HOLD
2025-07-13,119086.64,110190.14,101528.73,1,117527.66,107984.24,1,1,1,1.0,HOLD
2025-07-14,119841.18,110932.53,101831.42,1,119086.64,107984.24,1,1,1,1.0,HOLD
2025-07-15,117758.09,111457.57,102094.67,1,119841.18,108198.12,1,1,1,1.0,HOLD
2025-07-16,118630.43,112009.33,102367.99,1,119841.18,108262.94,1,1,1,1.0,HOLD
2025-07-17,119177.56,112560.73,102645.83,1,119841.18,108262.94,1,1,1,1.0,HOLD
2025-07-18,117924.84,112973.35,102898.38,1,119841.18,108922.98,1,1,1,1.0,HOLD
2025-07-19,117840.0,113347.71,103145.35,1,119841.18,111233.99,1,1,1,1.0,HOLD
2025-07-20,117265.12,113649.05,103378.73,1,119841.18,116010.0,1,1,1,1.0,HOLD
2025-07-21,117380.36,113936.07,103610.16,1,119841.18,117265.12,1,1,1,1.0,HOLD
2025-07-22,119954.42,114399.02,103880.31,1,119841.18,117265.12,1,1,1,1.0,HOLD
2025-07-23,118755.99,114734.18,104126.19,1,119954.42,117265.12,1,1,1,1.0,HOLD
2025-07-24,118340.99,115011.62,104361.15,1,119954.42,117265.12,1,1,1,1.0,HOLD
2025-07-25,117614.31,115211.83,104580.21,1,119954.42,117265.12,1,1,1,1.0,HOLD
2025-07-26,117919.99,115420.15,104800.7,1,119954.42,117265.12,1,1,1,1.0,HOLD
2025-07-27,119415.55,115727.49,105042.27,1,119954.42,117265.12,1,1,1,1.0,HOLD
2025-07-28,118062.32,115907.09,105257.48,1,119954.42,117265.12,1,1,1,1.0,HOLD
2025-07-29,117950.76,116064.3,105467.28,1,119954.42,117265.12,1,1,1,1.0,HOLD
2025-07-30,117840.3,116200.91,105671.8,1,119954.42,117265.12,1,1,1,1.0,HOLD
2025-07-31,115764.08,116167.31,105838.61,1,119954.42,117380.36,1,1,-1,0.333333,SELL 0.6667
2025-08-01,113297.93,115946.59,105961.91,1,119954.42,115764.08,1,1,-1,0.333333,HOLD
2025-08-02,112546.35,115685.03,106070.74,1,119954.42,113297.93,1,1,-1,0.333333,HOLD
2025-08-03,114208.8,115571.47,106205.25,1,119954.42,112546.35,1,1,-1,0.333333,HOLD
2025-08-04,115055.03,115531.75,106351.53,1,119954.42,112546.35,1,1,-1,0.333333,HOLD
2025-08-05,114129.75,115423.9,106480.1,1,119954.42,112546.35,1,1,-1,0.333333,HOLD
2025-08-06,114992.27,115390.7,106620.79,1,119954.42,112546.35,1,1,-1,0.333333,HOLD
2025-08-07,117472.01,115550.8,106800.15,1,119954.42,112546.35,1,1,-1,0.333333,HOLD
2025-08-08,116674.74,115637.26,106963.37,1,119954.42,112546.35,1,1,-1,0.333333,HOLD
2025-08-09,116462.25,115700.72,107120.37,1,119954.42,112546.35,1,1,-1,0.333333,HOLD
2025-08-10,119294.01,115977.13,107321.59,1,119954.42,112546.35,1,1,0,0.666667,BUY 0.3333
2025-08-11,118686.0,116185.5,107509.43,1,119954.42,112546.35,1,1,0,0.666667,HOLD
2025-08-12,120134.08,116489.24,107718.1,1,119415.55,112546.35,1,1,1,1.0,BUY 0.3333
2025-08-13,123306.43,117013.64,107975.76,1,120134.08,114129.75,1,1,1,1.0,HOLD
2025-08-14,118295.09,117112.21,108146.33,1,123306.43,114129.75,1,1,1,1.0,HOLD
2025-08-15,117342.05,117129.89,108298.33,1,123306.43,114129.75,1,1,1,1.0,HOLD
2025-08-16,117380.66,117149.18,108448.45,1,123306.43,114992.27,1,1,1,1.0,HOLD
2025-08-17,117405.01,117168.86,108596.49,1,123306.43,116462.25,1,1,1,1.0,HOLD
2025-08-18,116227.05,117096.41,108722.61,1,123306.43,116462.25,1,1,0,0.666667,SELL 0.3333
2025-08-19,112872.94,116771.53,108791.21,-1,123306.43,116227.05,1,-1,0,0.0,SELL 0.6667
2025-08-20,114271.24,116579.2,108881.79,-1,123306.43,112872.94,1,-1,0,0.0,HOLD
2025-08-21,112500.0,116265.42,108941.6,-1,123306.43,112872.94,1,-1,-1,0.0,HOLD
2025-08-22,116935.99,116317.0,109073.74,-1,123306.43,112500.0,1,-1,-1,0.0,HOLD
2025-08-23,115438.05,116249.39,109178.93,-1,123306.43,112500.0,1,-1,-1,0.0,HOLD
2025-08-24,113493.59,116037.4,109250.25,-1,123306.43,112500.0,1,-1,-1,0.0,HOLD
2025-08-25,110111.98,115581.6,109264.49,-1,123306.43,112500.0,1,-1,-1,0.0,HOLD
2025-08-26,111763.22,115287.88,109305.79,-1,123306.43,110111.98,1,-1,-1,0.0,HOLD
2025-08-27,111262.01,114978.2,109338.13,-1,123306.43,110111.98,1,-1,-1,0.0,HOLD
2025-08-28,112566.9,114792.71,109391.5,-1,123306.43,110111.98,1,-1,-1,0.0,HOLD
2025-08-29,108377.4,114299.23,109374.73,-1,123306.43,110111.98,1,-1,-1,0.0,HOLD
2025-08-30,108816.33,113877.47,109365.5,-1,123306.43,108377.4,1,-1,-1,0.0,HOLD
2025-08-31,108246.35,113444.3,109347.01,-1,123306.43,108377.4,1,-1,-1,0.0,HOLD
2025-09-01,109237.42,113120.7,109345.19,-1,123306.43,108246.35,1,-1,-1,0.0,HOLD
2025-09-02,111240.01,112976.03,109376.51,-1,123306.43,108246.35,1,-1,-1,0.0,HOLD
2025-09-03,111705.71,112878.31,109415.01,-1,118295.09,108246.35,1,-1,-1,0.0,HOLD
2025-09-04,110730.87,112713.12,109436.76,-1,117405.01,108246.35,1,-1,-1,0.0,HOLD
2025-09-05,110659.99,112555.19,109456.98,-1,117405.01,108246.35,1,-1,-1,0.0,HOLD
2025-09-06,110187.97,112373.1,109469.06,-1,117405.01,108246.35,1,-1,-1,0.0,HOLD
2025-09-07,111137.34,112278.04,109496.64,-1,116935.99,108246.35,1,-1,-1,0.0,HOLD
2025-09-08,112065.23,112261.67,109539.09,-1,116935.99,108246.35,1,-1,0,0.0,HOLD
2025-09-09,111546.39,112206.65,109572.27,-1,116935.99,108246.35,1,-1,0,0.0,HOLD
2025-09-10,113960.0,112341.52,109644.8,1,116935.99,108246.35,1,1,0,0.666667,BUY 0.6667
2025-09-11,115482.69,112583.15,109741.29,1,116935.99,109237.42,1,1,0,0.666667,HOLD
2025-09-12,116029.42,112848.25,109845.23,1,115482.69,110187.97,1,1,1,1.0,BUY 0.3333
2025-09-13,115918.29,113084.4,109945.61,1,116029.42,110187.97,1,1,1,1.0,HOLD
2025-09-14,115268.01,113252.37,110033.58,1,116029.42,110187.97,1,1,1,1.0,HOLD
2025-09-15,115349.71,113413.71,110121.45,1,116029.42,110187.97,1,1,1,1.0,HOLD
2025-09-16,116788.96,113673.34,110231.66,-1,116029.42,110187.97,1,-1,1,0.333333,SELL 0.6667
2025-09-17,116447.59,113886.75,110334.4,-1,116788.96,111137.34,1,-1,1,0.333333,HOLD
2025-09-18,117073.53,114131.88,110445.79,1,116788.96,111546.39,1,1,1,1.0,BUY 0.6667
2025-09-19,115632.38,114247.31,110531.52,-1,117073.53,111546.39,1,-1,1,0.333333,SELL 0.6667
2025-09-20,115685.63,114357.95,110616.71,-1,117073.53,113960.0,1,-1,1,0.333333,HOLD
2025-09-21,115232.29,114425.2,110693.0,-1,117073.53,115268.01,1,-1,0,0.0,SELL 0.3333
2025-09-22,112650.99,114288.73,110725.37,-1,117073.53,115232.29,1,-1,0,0.0,HOLD
2025-09-23,111998.8,114112.58,110746.42,-1,117073.53,112650.99,1,-1,0,0.0,HOLD
2025-09-24,113307.0,114050.61,110788.74,-1,117073.53,111998.8,1,-1,0,0.0,HOLD
2025-09-25,108994.49,113661.68,110759.08,-1,117073.53,111998.8,1,-1,-1,0.0,HOLD
2025-09-26,109643.46,113352.58,110740.64,-1,117073.53,108994.49,1,-1,-1,0.0,HOLD
2025-09-27,109635.85,113066.68,110722.38,-1,117073.53,108994.49,1,-1,-1,0.0,HOLD
2025-09-28,112163.95,112997.24,110746.21,-1,117073.53,108994.49,1,-1,-1,0.0,HOLD
2025-09-29,114311.96,113098.37,110805.15,1,117073.53,108994.49,1,1,-1,0.333333,BUY 0.3333
2025-09-30,114048.93,113171.49,110858.76,1,117073.53,108994.49,1,1,-1,0.333333,HOLD
2025-10-01,118594.99,113588.68,110986.63,1,117073.53,108994.49,1,1,1,1.0,BUY 0.6667
2025-10-02,120529.35,114122.58,111144.37,1,118594.99,108994.49,1,1,1,1.0,HOLD
2025-10-03,122232.0,114746.38,111327.63,1,120529.35,108994.49,1,1,1,1.0,HOLD
2025-10-04,122391.0,115334.43,111510.5,1,122232.0,108994.49,1,1,1,1.0,HOLD
2025-10-05,123482.31,115961.19,111708.38,1,122391.0,108994.49,1,1,1,1.0,HOLD
2025-10-06,124658.54,116630.22,111922.43,1,123482.31,109635.85,1,1,1,1.0,HOLD
2025-10-07,121332.95,116991.97,112077.98,1,124658.54,109635.85,1,1,1,1.0,HOLD
2025-10-08,123306.0,117477.66,112263.56,1,124658.54,112163.95,1,1,1,1.0,HOLD
2025-10-09,121662.4,117799.56,112418.92,1,124658.54,114048.93,1,1,1,1.0,HOLD
2025-10-10,112774.5,117413.02,112424.79,1,124658.54,114048.93,1,1,0,0.666667,SELL 0.3333
2025-10-11,110644.4,116892.36,112395.37,1,124658.54,112774.5,1,1,0,0.666667,HOLD
2025-10-12,114958.8,116743.62,112437.74,1,124658.54,110644.4,1,1,0,0.666667,HOLD
2025-10-13,115166.0,116622.27,112482.83,1,124658.54,110644.4,1,1,0,0.666667,HOLD
2025-10-14,113028.14,116345.8,112491.85,1,124658.54,110644.4,1,1,0,0.666667,HOLD
2025-10-15,110763.28,115916.37,112463.27,1,124658.54,110644.4,1,1,0,0.666667,HOLD
2025-10-16,108194.28,115322.36,112392.71,-1,124658.54,110644.4,1,-1,-1,0.0,SELL 0.6667
2025-10-17,106431.68,114638.47,112294.18,-1,124658.54,108194.28,1,-1,-1,0.0,HOLD
2025-10-18,107185.01,114065.12,112209.73,-1,124658.54,106431.68,1,-1,-1,0.0,HOLD
2025-10-19,108642.78,113648.02,112150.78,-1,124658.54,106431.68,1,-1,-1,0.0,HOLD
2025-10-20,110532.09,113408.33,112124.02,-1,124658.54,106431.68,1,-1,-1,0.0,HOLD
2025-10-21,108297.67,113015.2,112060.78,-1,124658.54,106431.68,1,-1,-1,0.0,HOLD
2025-10-22,107567.44,112596.15,111986.51,-1,124658.54,106431.68,1,-1,-1,0.0,HOLD
2025-10-23,110078.18,112402.46,111954.96,-1,124658.54,106431.68,1,-1,-1,0.0,HOLD
2025-10-24,111004.89,112294.95,111939.26,-1,124658.54,106431.68,1,-1,-1,0.0,HOLD
2025-10-25,111646.27,112245.05,111934.42,-1,124658.54,106431.68,1,-1,0,0.0,HOLD
2025-10-26,114559.4,112423.08,111977.8,-1,124658.54,106431.68,1,-1,0,0.0,HOLD
2025-10-27,114107.65,112552.66,112013.01,-1,123306.0,106431.68,1,-1,0,0.0,HOLD
2025-10-28,112898.45,112579.26,112027.64,-1,123306.0,107185.01,1,-1,0,0.0,HOLD
2025-10-29,110021.29,112382.49,111994.48,-1,121662.4,107567.44,1,-1,0,0.0,HOLD
2025-10-30,108322.88,112070.22,111933.79,-1,115166.0,107567.44,1,-1,0,0.0,HOLD
2025-10-31,109608.01,111880.82,111895.35,-1,115166.0,107567.44,0,-1,0,0.0,HOLD
2025-11-01,110098.1,111743.68,111865.64,-1,115166.0,107567.44,0,-1,0,0.0,HOLD
2025-11-02,110540.68,111651.14,111843.74,-1,115166.0,108322.88,0,-1,0,0.0,HOLD
2025-11-03,106583.04,111261.29,111756.79,-1,114559.4,108322.88,0,-1,0,0.0,HOLD
2025-11-04,101497.22,110510.21,111587.21,-1,114559.4,106583.04,0,-1,-1,0.0,HOLD
2025-11-05,103885.16,110000.59,111459.9,-1,114559.4,101497.22,0,-1,-1,0.0,HOLD
2025-11-06,101346.04,109334.85,111292.73,-1,114559.4,101497.22,0,-1,-1,0.0,HOLD
2025-11-07,103339.08,108873.64,111161.27,-1,114559.4,101346.04,0,-1,-1,0.0,HOLD
2025-11-08,102312.94,108368.97,111015.01,-1,114559.4,101346.04,0,-1,-1,0.0,HOLD
2025-11-09,104722.96,108088.51,110911.01,-1,114559.4,101346.04,0,-1,-1,0.0,HOLD
2025-11-10,106011.13,107928.71,110830.02,-1,114559.4,101346.04,0,-1,-1,0.0,HOLD
2025-11-11,103058.99,107554.12,110701.58,-1,114559.4,101346.04,0,-1,-1,0.0,HOLD
2025-11-12,101654.37,107100.29,110552.04,-1,114559.4,101346.04,0,-1,-1,0.0,HOLD
2025-11-13,99692.02,106530.42,110372.53,-1,114559.4,101346.04,0,-1,-1,0.0,HOLD
2025-11-14,94594.0,105612.24,110111.73,-1,114559.4,99692.02,0,-1,-1,0.0,HOLD
2025-11-15,95596.24,104841.78,109871.8,-1,114559.4,94594.0,0,-1,-1,0.0,HOLD
2025-11-16,94261.44,104027.9,109613.78,-1,114107.65,94594.0,0,-1,-1,0.0,HOLD
2025-11-17,92215.14,103119.23,109326.2,-1,112898.45,94261.44,0,-1,-1,0.0,HOLD
2025-11-18,92960.83,102337.81,109055.7,-1,110540.68,92215.14,0,-1,-1,0.0,HOLD
2025-11-19,91554.96,101508.36,108766.43,-1,110540.68,92215.14,0,-1,-1,0.0,HOLD
2025-11-20,86637.23,100364.43,108400.66,-1,110540.68,91554.96,0,-1,-1,0.0,HOLD
2025-11-21,85129.43,99192.51,108016.01,-1,110540.68,86637.23,0,-1,-1,0.0,HOLD
2025-11-22,84739.74,98080.76,107631.28,-1,110540.68,85129.43,0,-1,-1,0.0,HOLD
2025-11-23,86830.0,97215.31,107287.45,-1,106583.04,84739.74,0,-1,-1,0.0,HOLD
2025-11-24,88300.01,96529.52,106973.61,-1,106011.13,84739.74,0,-1,-1,0.0,HOLD
2025-11-25,87369.96,95824.94,106649.59,-1,106011.13,84739.74,0,-1,-1,0.0,HOLD
2025-11-26,90484.02,95414.1,106382.39,-1,106011.13,84739.74,0,-1,-1,0.0,HOLD
2025-11-27,91333.95,95100.24,106133.65,-1,106011.13,84739.74,0,-1,-1,0.0,HOLD
2025-11-28,90890.7,94776.43,105881.7,-1,106011.13,84739.74,0,-1,-1,0.0,HOLD
2025-11-29,90802.44,94470.74,105632.46,-1,106011.13,84739.74,0,-1,-1,0.0,HOLD
2025-11-30,90360.0,94154.53,105380.02,-1,106011.13,84739.74,0,-1,-1,0.0,HOLD
2025-12-01,86286.01,93549.26,105064.42,-1,103058.99,84739.74,0,-1,-1,0.0,HOLD
2025-12-02,91277.88,93374.54,104836.54,-1,101654.37,84739.74,0,-1,-1,0.0,HOLD
2025-12-03,93429.95,93378.8,104648.0,-1,99692.02,86286.01,0,-1,0,0.0,HOLD
2025-12-04,92078.06,93278.74,104440.23,-1,95596.24,86286.01,0,-1,0,0.0,HOLD
2025-12-05,89330.04,92975.0,104190.48,-1,95596.24,86286.01,0,-1,0,0.0,HOLD
2025-12-06,89236.79,92687.44,103943.31,-1,94261.44,86286.01,0,-1,0,0.0,HOLD
2025-12-07,90395.31,92511.12,103719.38,-1,93429.95,86286.01,0,-1,0,0.0,HOLD
2025-12-08,90634.34,92366.76,103503.1,-1,93429.95,86286.01,0,-1,0,0.0,HOLD
2025-12-09,92678.8,92390.76,103324.18,-1,93429.95,86286.01,0,-1,0,0.0,HOLD
2025-12-10,92015.37,92361.88,103137.26,-1,93429.95,86286.01,0,-1,0,0.0,HOLD
2025-12-11,92513.38,92373.54,102961.66,-1,93429.95,86286.01,0,-1,0,0.0,HOLD
2025-12-12,90268.42,92211.6,102751.85,-1,93429.95,89236.79,0,-1,0,0.0,HOLD
2025-12-13,90240.01,92059.94,102545.04,-1,93429.95,89236.79,0,-1,0,0.0,HOLD
2025-12-14,88172.17,91760.88,102307.48,-1,93429.95,89236.79,0,-1,0,0.0,HOLD
2025-12-15,86432.08,91350.98,102045.07,-1,93429.95,88172.17,0,-1,0,0.0,HOLD
2025-12-16,87863.42,91082.7,101810.67,-1,93429.95,86432.08,0,-1,0,0.0,HOLD
2025-12-17,86243.22,90710.43,101553.35,-1,93429.95,86432.08,0,-1,-1,0.0,HOLD
2025-12-18,85516.41,90310.89,101288.28,-1,93429.95,86243.22,0,-1,-1,0.0,HOLD
2025-12-19,88136.94,90143.67,101070.9,-1,93429.95,85516.41,0,-1,-1,0.0,HOLD
2025-12-20,88360.9,90006.53,100860.82,-1,93429.95,85516.41,0,-1,-1,0.0,HOLD
2025-12-21,88658.86,89902.86,100659.13,-1,93429.95,85516.41,0,-1,-1,0.0,HOLD
2025-12-22,88620.79,89804.24,100460.15,-1,93429.95,85516.41,0,-1,-1,0.0,HOLD
2025-12-23,87486.0,89625.92,100245.7,-1,93429.95,85516.41,0,-1,-1,0.0,HOLD
2025-12-24,87669.45,89475.42,100037.83,-1,92678.8,85516.41,0,-1,-1,0.0,HOLD
2025-12-25,87225.27,89302.33,99826.05,-1,92678.8,85516.41,0,-1,-1,0.0,HOLD
2025-12-26,87369.56,89153.66,99620.16,-1,92678.8,85516.41,0,-1,-1,0.0,HOLD
2025-12-27,87877.01,89055.45,99426.06,-1,92678.8,85516.41,0,-1,-1,0.0,HOLD
2025-12-28,87952.71,88970.63,99236.42,-1,92678.8,85516.41,0,-1,-1,0.0,HOLD
2025-12-29,87237.13,88837.28,99038.08,-1,92678.8,87225.27,0,-1,-1,0.0,HOLD
2025-12-30,88485.49,88810.22,98863.66,1,92513.38,87225.27,0,1,-1,0.0,HOLD
2025-12-31,87648.22,88720.83,98678.28,1,92513.38,87225.27,0,1,-1,0.0,HOLD
2026-01-01,88839.04,88729.93,98515.65,1,90268.42,87225.27,0,1,0,0.333333,BUY 0.3333
2026-01-02,89995.13,88827.25,98374.81,1,90240.01,87225.27,0,1,0,0.333333,HOLD
2026-01-03,90628.01,88965.77,98246.77,1,89995.13,87225.27,0,1,1,0.666667,BUY 0.3333
2026-01-04,91529.73,89163.0,98135.74,1,90628.01,87225.27,0,1,1,0.666667,HOLD
2026-01-05,93859.71,89524.28,98065.06,1,91529.73,87237.13,0,1,1,0.666667,HOLD
2026-01-06,93747.97,89849.18,97993.71,1,93859.71,87237.13,0,1,1,0.666667,HOLD
2026-01-07,91364.16,89965.72,97884.13,1,93859.71,87237.13,0,1,1,0.666667,HOLD
2026-01-08,91099.99,90052.97,97771.99,1,93859.71,87237.13,0,1,1,0.666667,HOLD
2026-01-09,90641.28,90098.23,97654.13,1,93859.71,87648.22,0,1,1,0.666667,HOLD
2026-01-10,90504.7,90129.49,97535.96,1,93859.71,87648.22,0,1,1,0.666667,HOLD
2026-01-11,91013.65,90197.51,97428.15,-1,93859.71,88839.04,0,-1,1,0.0,SELL 0.6667
2026-01-12,91296.2,90282.02,97326.8,-1,93859.71,89995.13,0,-1,1,0.0,HOLD
2026-01-13,95414.0,90676.79,97295.18,1,93859.71,90504.7,0,1,1,0.666667,BUY 0.6667
2026-01-14,96951.78,91159.48,97289.5,1,95414.0,90504.7,0,1,1,0.666667,HOLD
2026-01-15,95604.8,91501.43,97261.66,1,96951.78,90504.7,0,1,1,0.666667,HOLD
2026-01-16,95550.94,91812.93,97233.38,1,96951.78,90504.7,0,1,1,0.666667,HOLD
2026-01-17,95147.77,92069.45,97198.91,1,96951.78,90504.7,0,1,1,0.666667,HOLD
2026-01-18,93673.14,92192.81,97140.63,1,96951.78,90504.7,0,1,1,0.666667,HOLD
2026-01-19,92631.0,92226.52,97066.09,1,96951.78,90504.7,0,1,1,0.666667,HOLD
2026-01-20,88427.66,91934.3,96923.31,-1,96951.78,90504.7,0,-1,0,0.0,SELL 0.6667
2026-01-21,89454.73,91743.57,96799.86,-1,96951.78,88427.66,0,-1,0,0.0,HOLD
2026-01-22,89559.67,91575.57,96680.19,-1,96951.78,88427.66,0,-1,0,0.0,HOLD
2026-01-23,89600.26,91423.63,96563.16,1,96951.78,88427.66,0,1,0,0.333333,BUY 0.3333
2026-01-24,89225.34,91254.53,96441.88,1,96951.78,88427.66,0,1,0,0.333333,HOLD
2026-01-25,86670.36,90901.9,96280.36,-1,96951.78,88427.66,0,-1,-1,0.0,SELL 0.3333
2026-01-26,88347.08,90705.37,96149.24,1,96951.78,86670.36,0,1,-1,0.0,HOLD
2026-01-27,89250.0,90593.42,96035.2,1,96951.78,86670.36,0,1,-1,0.0,HOLD
2026-01-28,89299.99,90493.93,95923.87,1,96951.78,86670.36,0,1,-1,0.0,HOLD
2026-01-29,84650.16,90044.41,95737.53,-1,96951.78,86670.36,0,-1,-1,0.0,HOLD
2026-01-30,84260.49,89599.49,95547.83,-1,96951.78,84650.16,0,-1,-1,0.0,HOLD
2026-01-31,78741.09,88764.23,95270.03,-1,96951.78,84260.49,0,-1,-1,0.0,HOLD
2026-02-01,76968.21,87856.84,94967.52,-1,96951.78,78741.09,0,-1,-1,0.0,HOLD
2026-02-02,78738.61,87155.44,94699.27,-1,96951.78,76968.21,0,-1,-1,0.0,HOLD
2026-02-03,75770.21,86279.65,94386.4,-1,96951.78,76968.21,0,-1,-1,0.0,HOLD
2026-02-04,73165.83,85270.9,94035.64,-1,95604.8,75770.21,0,-1,-1,0.0,HOLD
2026-02-05,62909.86,83550.82,93521.17,-1,95550.94,73165.83,0,-1,-1,0.0,HOLD
2026-02-06,70580.26,82553.08,93141.98,-1,95147.77,62909.86,0,-1,-1,0.0,HOLD
2026-02-07,69289.38,81532.8,92747.72,-1,93673.14,62909.86,0,-1,-1,0.0,HOLD
2026-02-08,70330.38,80671.07,92377.19,-1,92631.0,62909.86,0,-1,-1,0.0,HOLD
2026-02-09,70138.0,79860.84,92009.6,-1,89600.26,62909.86,0,-1,-1,0.0,HOLD
2026-02-10,68841.29,79013.18,91626.65,-1,89600.26,62909.86,0,-1,-1,0.0,HOLD
2026-02-11,67082.52,78095.44,91220.96,-1,89600.26,62909.86,0,-1,-1,0.0,HOLD
2026-02-12,66272.17,77185.95,90808.59,-1,89600.26,62909.86,0,-1,-1,0.0,HOLD
2026-02-13,68853.96,76545.03,90445.7,-1,89299.99,62909.86,0,-1,-1,0.0,HOLD
2026-02-14,69822.95,76027.95,90104.83,-1,89299.99,62909.86,0,-1,-1,0.0,HOLD
2026-02-15,68832.58,75474.46,89753.22,-1,89299.99,62909.86,0,-1,-1,0.0,HOLD
2026-02-16,68892.43,74968.15,89408.41,-1,89299.99,66272.17,0,-1,-1,0.0,HOLD
2026-02-17,67503.52,74393.95,89046.35,-1,89299.99,66272.17,0,-1,-1,0.0,HOLD
2026-02-18,66461.0,73783.72,88673.04,-1,84650.16,66272.17,0,-1,-1,0.0,HOLD
2026-02-19,67003.73,73262.18,88314.87,-1,84260.49,66272.17,0,-1,-1,0.0,HOLD
2026-02-20,68020.01,72858.94,87979.41,-1,78741.09,66272.17,0,-1,-1,0.0,HOLD
2026-02-21,67975.93,72483.32,87648.78,-1,78738.61,66272.17,0,-1,-1,0.0,HOLD
2026-02-22,67643.4,72111.02,87318.11,-1,78738.61,66272.17,0,-1,-1,0.0,HOLD
2026-02-23,64656.02,71537.56,86943.53,-1,75770.21,66461.0,0,-1,-1,0.0,HOLD
2026-02-24,64058.15,70962.22,86565.26,-1,73165.83,64656.02,0,-1,-1,0.0,HOLD
2026-02-25,67988.04,70733.44,86258.2,-1,70580.26,64058.15,0,-1,-1,0.0,HOLD
2026-02-26,67485.18,70483.57,85947.9,-1,70580.26,64058.15,0,-1,-1,0.0,HOLD
2026-02-27,65872.1,70128.84,85616.07,-1,70330.38,64058.15,0,-1,-1,0.0,HOLD
2026-02-28,66973.26,69886.11,85307.92,-1,70330.38,64058.15,0,-1,-1,0.0,HOLD
2026-03-01,65776.47,69569.98,84985.09,-1,70138.0,64058.15,0,-1,-1,0.0,HOLD
2026-03-02,68830.06,69513.06,84718.06,-1,69822.95,64058.15,0,-1,0,0.0,HOLD
2026-03-03,68338.0,69422.67,84447.32,-1,69822.95,64058.15,0,-1,0,0.0,HOLD
2026-03-04,72666.77,69672.22,84252.6,-1,69822.95,64058.15,0,-1,1,0.0,HOLD
2026-03-05,70890.72,69765.95,84031.74,-1,72666.77,64058.15,0,-1,1,0.0,HOLD
2026-03-06,68114.02,69638.88,83768.64,-1,72666.77,64058.15,0,-1,1,0.0,HOLD
2026-03-07,67262.91,69456.11,83495.82,-1,72666.77,65776.47,0,-1,1,0.0,HOLD
2026-03-08,65971.2,69188.04,83206.15,-1,72666.77,65776.47,0,-1,1,0.0,HOLD
2026-03-09,68432.16,69129.9,82961.96,-1,72666.77,65776.47,0,-1,1,0.0,HOLD
2026-03-10,69948.63,69192.88,82746.86,-1,72666.77,65776.47,0,-1,1,0.0,HOLD
2026-03-11,70191.86,69269.72,82539.34,-1,72666.77,65776.47,0,-1,1,0.0,HOLD
2026-03-12,70541.34,69367.54,82341.03,-1,72666.77,65971.2,0,-1,1,0.0,HOLD
2026-03-13,70930.0,69487.73,82152.41,-1,72666.77,65971.2,0,-1,1,0.0,HOLD
2026-03-14,71211.95,69620.36,81971.58,-1,72666.77,65971.2,0,-1,1,0.0,HOLD
2026-03-15,72815.24,69866.12,81820.23,-1,72666.77,65971.2,0,-1,1,0.0,HOLD
2026-03-16,74884.67,70252.16,81705.6,1,72815.24,65971.2,0,1,1,0.666667,BUY 0.6667
2026-03-17,73909.36,70533.49,81576.73,1,74884.67,65971.2,0,1,1,0.666667,HOLD
2026-03-18,71246.54,70588.34,81405.99,1,74884.67,65971.2,0,1,1,0.666667,HOLD
2026-03-19,69930.0,70537.69,81216.3,1,74884.67,68432.16,0,1,1,0.666667,HOLD
2026-03-20,70510.73,70535.62,81039.35,1,74884.67,69930.0,0,1,1,0.666667,HOLD
2026-03-21,68918.12,70411.2,80839.0,-1,74884.67,69930.0,0,-1,0,0.0,SELL 0.6667
2026-03-22,67859.0,70214.87,80624.45,-1,74884.67,68918.12,0,-1,0,0.0,HOLD
2026-03-23,70906.45,70268.07,80463.83,1,74884.67,67859.0,0,1,0,0.333333,BUY 0.3333
2026-03-24,70556.74,70290.28,80300.07,1,74884.67,67859.0,0,1,0,0.333333,HOLD
2026-03-25,71336.53,70370.76,80151.91,1,74884.67,67859.0,0,1,0,0.333333,HOLD
2026-03-26,68820.31,70251.49,79964.61,-1,74884.67,67859.0,0,-1,0,0.0,SELL 0.3333
2026-03-27,66407.28,69955.78,79740.53,-1,74884.67,67859.0,0,-1,0,0.0,HOLD
2026-03-28,66377.03,69680.5,79519.64,-1,74884.67,66407.28,0,-1,0,0.0,HOLD
2026-03-29,66010.93,69398.22,79296.36,-1,74884.67,66377.03,0,-1,-1,0.0,HOLD
2026-03-30,66797.37,69198.16,79089.76,1,74884.67,66010.93,0,1,-1,0.0,HOLD
2026-03-31,68284.48,69127.87,78911.16,1,74884.67,66010.93,0,1,-1,0.0,HOLD
2026-04-01,68113.92,69049.88,78732.7,1,74884.67,66010.93,0,1,-1,0.0,HOLD
2026-04-02,66901.99,68884.65,78537.15,-1,74884.67,66010.93,0,-1,-1,0.0,HOLD
2026-04-03,66964.3,68736.94,78345.86,-1,74884.67,66010.93,0,-1,-1,0.0,HOLD
2026-04-04,67300.42,68626.43,78163.29,1,74884.67,66010.93,0,1,-1,0.0,HOLD
2026-04-05,69034.18,68657.8,78012.4,1,74884.67,66010.93,0,1,0,0.333333,BUY 0.3333
2026-04-06,68853.66,68672.87,77861.01,1,73909.36,66010.93,0,1,0,0.333333,HOLD
2026-04-07,71924.22,68922.97,77762.88,1,71336.53,66010.93,0,1,1,0.666667,BUY 0.3333
2026-04-08,71069.93,69088.12,77652.26,1,71924.22,66010.93,0,1,1,0.666667,HOLD
2026-04-09,71787.97,69295.8,77555.33,1,71924.22,66797.37,0,1,1,0.666667,HOLD
2026-04-10,72962.7,69577.87,77479.42,1,71924.22,66901.99,0,1,1,0.666667,HOLD
2026-04-11,73043.16,69844.43,77406.09,1,72962.7,66901.99,0,1,1,0.666667,HOLD
2026-04-12,70740.98,69913.4,77295.92,1,73043.16,66901.99,0,1,1,0.666667,HOLD
2026-04-13,74417.99,70259.9,77248.35,1,73043.16,66964.3,0,1,1,0.666667,HOLD
2026-04-14,74131.55,70557.72,77196.84,1,74417.99,67300.42,0,1,1,0.666667,HOLD
2026-04-15,74809.99,70884.82,77157.38,1,74417.99,68853.66,0,1,1,0.666667,HOLD
2026-04-16,75154.29,71213.24,77124.27,1,74809.99,68853.66,0,1,1,0.666667,HOLD
2026-04-17,77072.0,71663.91,77123.41,1,75154.29,70740.98,0,1,1,0.666667,HOLD
2026-04-18,75691.76,71973.75,77099.75,1,77072.0,70740.98,0,1,1,0.666667,HOLD
2026-04-19,73801.79,72114.37,77045.23,1,77072.0,70740.98,0,1,1,0.666667,HOLD
2026-04-20,75840.97,72401.03,77025.33,1,77072.0,70740.98,0,1,1,0.666667,HOLD
2026-04-21,76336.15,72703.73,77013.94,1,77072.0,70740.98,0,1,1,0.666667,HOLD
2026-04-22,78178.23,73124.85,77033.18,1,77072.0,70740.98,0,1,1,0.666667,HOLD
2026-04-23,78257.48,73519.66,77053.42,1,78178.23,73801.79,0,1,1,0.666667,HOLD
2026-04-24,77437.13,73821.01,77059.76,1,78257.48,73801.79,0,1,1,0.666667,HOLD
2026-04-25,77625.0,74113.62,77069.1,1,78257.48,73801.79,0,1,1,0.666667,HOLD
2026-04-26,78657.55,74463.16,77095.36,1,78257.48,73801.79,0,1,1,0.666667,HOLD
2026-04-27,77371.32,74686.86,77099.92,1,78657.55,73801.79,0,1,1,0.666667,HOLD
2026-04-28,76342.77,74814.24,77087.41,1,78657.55,73801.79,0,1,1,0.666667,HOLD
2026-04-29,75780.0,74888.53,77065.8,1,78657.55,73801.79,0,1,1,0.666667,HOLD
2026-04-30,76346.57,75000.68,77053.91,1,78657.55,75780.0,0,1,1,0.666667,HOLD
2026-05-01,78231.13,75249.18,77073.37,1,78657.55,75780.0,0,1,1,0.666667,HOLD
2026-05-02,78686.85,75513.62,77100.04,1,78657.55,75780.0,0,1,1,0.666667,HOLD
2026-05-03,78568.57,75748.61,77124.31,1,78686.85,75780.0,0,1,1,0.666667,HOLD
2026-05-04,79861.01,76064.95,77169.54,1,78686.85,75780.0,0,1,1,0.666667,HOLD
2026-05-05,80905.52,76437.3,77231.3,1,79861.01,75780.0,0,1,1,0.666667,HOLD
2026-05-06,81447.01,76822.66,77300.98,1,80905.52,75780.0,0,1,1,0.666667,HOLD
2026-05-07,80006.0,77067.54,77345.69,1,81447.01,75780.0,0,1,1,0.666667,HOLD
2026-05-08,80193.17,77307.97,77392.75,1,81447.01,75780.0,0,1,1,0.666667,HOLD
2026-05-09,80678.4,77567.23,77447.06,1,81447.01,75780.0,1,1,1,1.0,BUY 0.3333
2026-05-10,82210.07,77924.38,77525.79,1,81447.01,76346.57,1,1,1,1.0,HOLD
2026-05-11,81745.65,78218.32,77595.54,1,82210.07,78231.13,1,1,1,1.0,HOLD
2026-05-12,80504.47,78394.18,77643.62,1,82210.07,78568.57,1,1,1,1.0,HOLD
2026-05-13,79313.61,78464.9,77671.22,1,82210.07,78568.57,1,1,1,1.0,HOLD
2026-05-14,81089.99,78666.83,77727.73,1,82210.07,79313.61,1,1,1,1.0,HOLD
2026-05-15,79113.21,78701.17,77750.63,1,82210.07,79313.61,1,1,0,0.666667,SELL 0.3333
2026-05-16,78148.05,78658.62,77757.2,1,82210.07,79113.21,1,1,0,0.666667,HOLD
2026-05-17,77457.67,78566.24,77752.25,1,82210.07,78148.05,1,1,0,0.666667,HOLD
2026-05-18,77001.87,78445.9,77739.85,1,82210.07,77457.67,1,1,0,0.666667,HOLD
2026-05-19,76834.36,78321.94,77724.88,1,82210.07,77001.87,1,1,0,0.666667,HOLD
2026-05-20,77552.23,78262.73,77722.03,1,82210.07,76834.36,1,1,0,0.666667,HOLD
2026-05-21,77615.52,78212.95,77720.27,1,82210.07,76834.36,1,1,0,0.666667,HOLD
2026-05-22,75539.5,78007.3,77684.22,1,82210.07,76834.36,1,1,-1,0.333333,SELL 0.3333
2026-05-23,76752.01,77910.74,77668.81,1,82210.07,75539.5,1,1,-1,0.333333,HOLD
2026-05-24,77064.96,77845.68,77658.83,1,82210.07,75539.5,1,1,-1,0.333333,HOLD
2026-05-25,77322.01,77805.39,77653.26,1,82210.07,75539.5,1,1,-1,0.333333,HOLD
2026-05-26,75930.01,77661.13,77624.78,1,82210.07,75539.5,1,1,-1,0.333333,HOLD
2026-05-27,74449.3,77414.07,77572.29,-1,82210.07,75539.5,0,-1,-1,0.0,SELL 0.3333
2026-05-28,73617.51,77122.03,77506.92,-1,82210.07,74449.3,0,-1,-1,0.0,HOLD
2026-05-29,73460.78,76840.39,77440.05,-1,82210.07,73617.51,0,-1,-1,0.0,HOLD
2026-05-30,73884.38,76613.01,77381.27,-1,82210.07,73460.78,0,-1,-1,0.0,HOLD
2026-05-31,73674.39,76386.96,77320.0,-1,81745.65,73460.78,0,-1,-1,0.0,HOLD
2026-06-01,71408.9,76004.03,77222.3,-1,81089.99,73460.78,0,-1,-1,0.0,HOLD
2026-06-02,66760.83,75293.02,77049.38,-1,81089.99,71408.9,0,-1,-1,0.0,HOLD
2026-06-03,64142.75,74435.3,76836.05,-1,81089.99,66760.83,0,-1,-1,0.0,HOLD
2026-06-04,63885.99,73623.82,76622.0,-1,79113.21,64142.75,0,-1,-1,0.0,HOLD
2026-06-05,61056.47,72657.1,76364.72,-1,78148.05,63885.99,0,-1,-1,0.0,HOLD
2026-06-06,60884.62,71751.52,76108.85,-1,77615.52,61056.47,0,-1,-1,0.0,HOLD
2026-06-07,63332.01,71103.87,75897.66,-1,77615.52,60884.62,0,-1,-1,0.0,HOLD
2026-06-08,63085.99,70487.11,75685.9,-1,77615.52,60884.62,0,-1,-1,0.0,HOLD
2026-06-09,61730.0,69813.48,75455.22,-1,77615.52,60884.62,0,-1,-1,0.0,HOLD
2026-06-10,61510.99,69174.83,75224.74,-1,77615.52,60884.62,0,-1,-1,0.0,HOLD
2026-06-11,63625.99,68748.0,75033.02,-1,77322.01,60884.62,0,-1,-1,0.0,HOLD
2026-06-12,63580.01,68350.46,74843.72,-1,77322.01,60884.62,0,-1,-1,0.0,HOLD
2026-06-13,64458.01,68051.04,74672.05,-1,77322.01,60884.62,0,-1,0,0.0,HOLD
2026-06-14,65746.45,67873.76,74524.52,-1,77322.01,60884.62,0,-1,0,0.0,HOLD
2026-06-15,66328.74,67754.92,74389.06,-1,75930.01,60884.62,0,-1,0,0.0,HOLD
2026-06-16,65675.01,67594.92,74245.02,-1,74449.3,60884.62,0,-1,0,0.0,HOLD
2026-06-17,64509.4,67357.58,74084.1,-1,73884.38,61510.99,0,-1,0,0.0,HOLD
2026-06-18,62958.01,67019.15,73900.2,-1,73884.38,61510.99,0,-1,0,0.0,HOLD
2026-06-19,63543.91,66751.82,73729.02,-1,73884.38,61510.99,0,-1,0,0.0,HOLD
2026-06-20,64298.01,66563.07,73573.14,-1,73674.39,61510.99,0,-1,0,0.0,HOLD
2026-06-21,63311.99,66312.98,73403.53,-1,71408.9,62958.01,0,-1,0,0.0,HOLD
2026-06-22,64020.01,66136.6,73248.43,-1,66760.83,62958.01,0,-1,0,0.0,HOLD
2026-06-23,62734.57,65874.91,73074.65,-1,66328.74,62958.01,0,-1,0,0.0,HOLD
2026-06-24,61077.99,65505.91,72876.36,-1,66328.74,62734.57,0,-1,0,0.0,HOLD
2026-06-25,59794.0,65066.54,72660.12,-1,66328.74,61077.99,0,-1,-1,0.0,HOLD
2026-06-26,60097.27,64684.28,72452.47,-1,66328.74,59794.0,0,-1,-1,0.0,HOLD
2026-06-27,60029.0,64326.19,72247.12,-1,66328.74,59794.0,0,-1,-1,0.0,HOLD
2026-06-28,59577.01,63960.86,72037.7,-1,66328.74,59794.0,0,-1,-1,0.0,HOLD
2026-06-29,60260.21,63676.2,71843.03,-1,66328.74,59577.01,0,-1,-1,0.0,HOLD
2026-06-30,58624.71,63287.62,71624.55,-1,66328.74,59577.01,0,-1,-1,0.0,HOLD
