date,symbol,f_mean,fema3,fema30,pema200,close,atr14,bias,position_after_today,stop_level,action
2019-09-25,BTC,0.0001,0.0001,0.0001,9937.040988,8430.05,464.014443,0,0,,flat
2019-09-26,BTC,0.0001,0.0001,0.0001,9817.811475,8063.73,482.012697,0,0,,flat
2019-09-27,BTC,0.0001,0.0001,0.0001,9718.75651,8177.91,477.0725044,0,0,,flat
2019-09-28,BTC,0.0001,0.0001,0.0001,9631.356742,8198.81,465.4180398,0,0,,flat
2019-09-29,BTC,0.0001,0.0001,0.0001,9544.21418,8043.82,456.3974655,0,0,,flat
2019-09-30,BTC,0.0001,0.0001,0.0001,9478.294549,8289.34,468.6019323,0,0,,flat
2019-10-01,BTC,0.0001,0.0001,0.0001,9418.544761,8292.44,458.4839371,0,0,,flat
2019-10-02,BTC,-0.0001081933333,-4.096679076e-06,8.287428397e-05,9367.279431,8359.94,441.641513,0,0,,flat
2019-10-03,BTC,-9.698666667e-05,-5.054167564e-05,6.83370809e-05,9313.963057,8223.96,433.881405,0,0,,flat
2019-10-04,BTC,-3.733333333e-07,-2.545750374e-05,6.287270004e-05,9261.025728,8137.13,419.1334475,0,0,,flat
2019-10-05,BTC,-0.0001652466667,-9.535208624e-05,4.499920184e-05,9211.70538,8126.19,401.3689155,0,0,,flat
2019-10-06,BTC,-3.995333333e-05,-6.765270958e-05,3.843387575e-05,9154.62275,7854.25,399.0475644,0,0,,flat
2019-10-07,BTC,-0.0001664266667,-0.0001170396883,2.280135204e-05,9115.324501,8190.09,408.9670241,0,0,,flat
2019-10-08,BTC,0.0001,-8.519843952e-06,2.862358037e-05,9077.895806,8168.39,396.6300938,0,0,,flat
2019-10-09,BTC,0.0001,4.574007807e-05,3.394864594e-05,9058.041817,8560.74,407.9422299,-1,0,,flat
2019-10-10,BTC,0.0001,7.287003905e-05,3.882721179e-05,9039.376839,8558.03,395.1949278,-1,-1,9582.005575,enter_short
2019-10-11,BTC,0.0001,8.643501953e-05,4.3303618e-05,9011.004239,8258.5,407.4760044,-1,-1,9582.005575,hold
2019-10-12,BTC,0.0001,9.321750976e-05,4.741683508e-05,8985.837676,8300.09,389.0848612,-1,-1,9582.005575,hold
2019-10-13,BTC,0.0001,9.660875488e-05,5.120124946e-05,8961.298694,8275.01,382.1052283,-1,-1,9582.005575,hold
2019-10-14,BTC,0.0001,9.830437744e-05,5.46873143e-05,8940.641071,8348.2,368.0869977,-1,-1,9582.005575,hold
2019-10-15,BTC,0.0001,9.915218872e-05,5.790209216e-05,8914.924978,8159.29,364.1522121,-1,-1,9582.005575,hold
2019-10-16,BTC,0.0001,9.957609436e-05,6.08697097e-05,8885.222823,7991.74,357.0099113,-1,-1,9582.005575,hold
2019-10-17,BTC,0.0001,9.978804718e-05,6.361174089e-05,8859.582666,8070.58,345.5013462,-1,-1,9582.005575,hold
2019-10-18,BTC,0.0001,9.989402359e-05,6.614753134e-05,8831.465445,7947.01,342.1791072,-1,-1,9582.005575,hold
2019-10-19,BTC,0.0001,9.99470118e-05,6.849447418e-05,8804.80158,7948.01,334.2505995,-1,-1,9582.005575,hold
2019-10-20,BTC,0.0001,9.99735059e-05,7.066824573e-05,8787.600589,8223.35,340.8755567,-1,-1,9582.005575,hold
2019-10-21,BTC,0.0001,9.998675295e-05,7.26830077e-05,8770.473188,8197.27,330.1680169,-1,-1,9582.005575,hold
2019-10-22,BTC,0.0001,9.999337647e-05,7.455158128e-05,8749.106837,8020,327.8695871,-1,-1,9582.005575,hold
2019-10-23,BTC,0.0001,9.999668824e-05,7.62855977e-05,8713.257725,7466.62,357.8496166,-1,-1,9582.005575,hold
2019-10-24,BTC,5.201666667e-05,7.600667745e-05,7.463791824e-05,8677.538413,7412.41,344.1239297,-1,-1,9582.005575,hold
2019-10-25,BTC,1.763666667e-05,4.682167206e-05,7.07809809e-05,8676.930731,8655.02,422.2579348,0,-1,9582.005575,hold
2019-10-26,BTC,0.0001819433333,0.0001143825027,7.827907574e-05,8691.605862,9230,527.7837966,0,0,,exit
2019-10-27,BTC,0.0001285366667,0.0001214595847,8.165911553e-05,8713.487069,9529.93,541.5592397,0,0,,flat
2019-10-28,BTC,0.00054853,0.0003349947923,0.0001129724548,8726.115801,9205.14,555.8835797,0,0,,flat
2019-10-29,BTC,0.0003904333333,0.0003627140628,0.0001315345221,8743.349908,9407.62,550.3204668,0,0,,flat
2019-10-30,BTC,0.0003554533333,0.0003590836981,0.0001464790156,8753.595623,9154.72,540.2140049,0,0,,flat
2019-10-31,BTC,0.00030943,0.000334256849,0.0001573303356,8763.098578,9140.85,536.7701474,0,0,,flat
2019-11-01,BTC,0.00024867,0.0002914634245,0.0001634002722,8774.430207,9231.61,516.2151369,0,0,,flat
2019-11-02,BTC,0.0001,0.0001957317123,0.0001591951867,8786.713533,9289.52,492.7376271,0,0,,flat
2019-11-03,BTC,0.0001,0.0001478658561,0.0001552761006,8796.309655,9194.71,478.7156538,1,0,,flat
2019-11-04,BTC,0.00010024,0.0001240529281,0.0001516385192,8810.164106,9393.35,472.9388213,1,1,7999.670866,enter_long
2019-11-05,BTC,0.0001,0.000112026464,0.0001482308775,8821.580487,9308.66,459.0996198,1,1,7999.670866,hold
2019-11-06,BTC,0.0001129233333,0.0001124748987,0.0001459043516,8833.279873,9339.05,439.9425041,1,1,7999.670866,hold
2019-11-07,BTC,0.0002151966667,0.0001638357827,0.000150463963,8841.829033,9216.2,428.0894681,0,1,7999.670866,hold
2019-11-08,BTC,0.0001083333333,0.000136084558,0.0001476952217,8840.327225,8773.73,437.8687918,0,0,,exit
2019-11-09,BTC,0.0001,0.000118042279,0.0001445645492,8839.653552,8809.41,417.6724495,0,0,,flat
2019-11-10,BTC,0.0001,0.0001090211395,0.0001416426525,8843.956522,9039.47,416.2094174,1,0,,flat
2019-11-11,BTC,0.0001,0.0001045105698,0.0001389151936,8841.600227,8733.27,418.8830305,0,1,7999.636456,enter_long
2019-11-12,BTC,0.0001,0.0001022552849,0.0001363688714,8841.186392,8821.94,411.8485283,0,0,,exit
2019-11-13,BTC,-6.963333333e-06,4.764597577e-05,0.0001269988602,8839.852639,8777.12,392.6443477,0,0,,flat
2019-11-14,BTC,0.0001,7.382298789e-05,0.0001252353827,8835.874351,8646.68,380.1268943,0,0,,flat
2019-11-15,BTC,0.0001,8.691149394e-05,0.0001235884084,8828.453976,8471.73,380.8321161,0,0,,flat
2019-11-16,BTC,0.0001,9.345574697e-05,0.0001220500743,8821.648852,8491.02,363.8441078,0,0,,flat
2019-11-17,BTC,0.0001,9.672787349e-05,0.0001206130689,8815.275588,8502.4,358.1638144,0,0,,flat
2019-11-18,BTC,0.0001,9.836393674e-05,0.0001192705912,8802.860832,8187.17,364.2606848,0,0,,flat
2019-11-19,BTC,0.0001,9.918196837e-05,0.0001180163126,8789.761983,8133.64,353.6442073,0,0,,flat
2019-11-20,BTC,0.0001,9.959098419e-05,0.000116844342,8776.351179,8098.01,344.5189068,0,0,,flat
2019-11-21,BTC,0.0001,9.979549209e-05,0.0001157491939,8754.291536,7627.74,365.2482706,0,0,,flat
2019-11-22,BTC,-3.063e-05,3.458274605e-05,0.0001062369889,8726.012722,7268.23,407.730537,0,0,,flat
2019-11-23,BTC,-0.0002000266667,-8.272196031e-05,8.634425532e-05,8699.338942,7311.57,397.4976415,0,0,,flat
2019-11-24,BTC,3.261333333e-05,-2.505431349e-05,8.285579633e-05,8665.767635,6903.28,402.63281,0,0,,flat
2019-11-25,BTC,-1.378333333e-05,-1.941882341e-05,7.658410068e-05,8636.931798,7109.57,435.4940378,0,0,,flat
2019-11-26,BTC,-0.0003049933333,-0.0001622060784,5.182990653e-05,8609.726611,7156.14,427.4244637,0,0,,flat
2019-11-27,BTC,-7.947333333e-05,-0.0001208397059,4.33148712e-05,8589.664146,7508.52,455.1084306,0,0,,flat
2019-11-28,BTC,0.0001,-1.041985293e-05,4.698968305e-05,8568.520015,7419.49,442.8149712,0,0,,flat
2019-11-29,BTC,0.0001,4.479007354e-05,5.042518922e-05,8553.664139,7739.68,446.0210447,0,0,,flat
2019-11-30,BTC,6.024666667e-05,5.25183701e-05,5.106151615e-05,8535.67286,7541.89,440.5195415,-1,0,,flat
2019-12-01,BTC,0.0001,7.625918505e-05,5.423134168e-05,8515.474617,7390.89,432.7602886,-1,-1,8641.928854,enter_short
2019-12-02,BTC,7.240333333e-05,7.433125919e-05,5.54080706e-05,8494.092687,7294.28,421.0959822,-1,-1,8641.928854,hold
2019-12-03,BTC,3.098333333e-05,5.265729626e-05,5.382682244e-05,8473.215452,7292.71,402.3498406,0,-1,8641.928854,hold
2019-12-04,BTC,-7.633333333e-06,2.251198146e-05,4.984880448e-05,8451.155077,7194.32,422.3962806,0,0,,exit
2019-12-05,BTC,-1.804e-05,2.235990732e-06,4.545560953e-05,8432.966142,7389,416.1536891,0,0,,flat
2019-12-06,BTC,6.715333333e-05,3.469466203e-05,4.685943008e-05,8417.570377,7527.47,406.7877113,0,0,,flat
2019-12-07,BTC,7.936333333e-05,5.702899768e-05,4.896201495e-05,8401.879515,7488.21,388.4071605,-1,0,,flat
2019-12-08,BTC,0.0001,7.851449884e-05,5.226295221e-05,8386.926989,7510.11,374.1737919,-1,-1,8458.327901,enter_short
2019-12-09,BTC,0.0001,8.925724942e-05,5.534990397e-05,8369.469104,7338.64,374.3756639,-1,-1,8458.327901,hold
2019-12-10,BTC,0.0001,9.462862471e-05,5.823680376e-05,8350.521952,7224.13,365.5274022,-1,-1,8458.327901,hold
2019-12-11,BTC,2.79e-05,6.126431236e-05,5.627561967e-05,8331.77806,7210,350.1211592,-1,-1,8458.327901,hold
2019-12-12,BTC,-1.893333333e-05,2.116548951e-05,5.141422097e-05,8313.26635,7198.08,340.4482193,0,-1,8458.327901,hold
2019-12-13,BTC,-9.443333333e-05,-3.663392191e-05,4.198799864e-05,8296.152317,7258.48,324.579775,0,0,,exit
2019-12-14,BTC,2.298e-05,-6.826960956e-06,4.075964e-05,8276.285971,7064.05,319.9505054,0,0,,flat
2019-12-15,BTC,2.806333333e-05,1.061818619e-05,3.993925128e-05,8257.733883,7118.59,310.8076121,0,0,,flat
2019-12-16,BTC,-9.299666667e-05,-4.118924024e-05,3.135028099e-05,8235.975675,6891.72,311.0356398,0,0,,flat
2019-12-17,BTC,-6.547e-05,-5.332962012e-05,2.509532299e-05,8210.449454,6623.82,316.1195227,0,0,,flat
2019-12-18,BTC,-0.00017045,-0.0001118898101,1.246345964e-05,8195.769105,7277.83,365.3252711,0,0,,flat
2019-12-19,BTC,0.0001,-5.94490503e-06,1.811769329e-05,8179.407139,7150.3,363.6370374,0,0,,flat
2019-12-20,BTC,2.202333333e-05,8.039214152e-06,1.836995031e-05,8163.976558,7187.83,347.6986776,0,0,,flat
2019-12-21,BTC,6.587666667e-05,3.695794041e-05,2.143808846e-05,8148.018513,7132.75,328.9759149,-1,0,,flat
2019-12-22,BTC,7.19e-05,5.44289702e-05,2.469686398e-05,8138.0678,7501.44,333.7683496,-1,-1,7954.029787,enter_short
2019-12-23,BTC,0.0001,7.72144851e-05,2.955955353e-05,8125.501473,7317.09,340.6091818,-1,-1,7954.029787,hold
2019-12-24,BTC,0.0001,8.860724255e-05,3.410796844e-05,8112.259822,7255.77,336.2542402,-1,-1,7954.029787,hold
2019-12-25,BTC,8.702333333e-05,8.781528794e-05,3.75245824e-05,8098.513677,7204.63,322.4439373,-1,-1,7954.029787,hold
2019-12-26,BTC,5.715333333e-05,7.248431064e-05,3.879189706e-05,8085.006057,7202,319.2607989,-1,-1,7954.029787,hold
2019-12-27,BTC,-3.951e-05,1.648715532e-05,3.373664049e-05,8072.560258,7254.74,310.7021705,0,-1,7954.029787,hold
2019-12-28,BTC,-3.264e-05,-8.076422341e-06,2.94514843e-05,8061.278278,7316.14,297.533444,0,0,,exit
2019-12-29,BTC,-7.325666667e-05,-4.06665445e-05,2.282111025e-05,8051.289528,7388.24,293.4560551,0,0,,flat
2019-12-30,BTC,-9.859333333e-05,-6.962993892e-05,1.49834509e-05,8039.396171,7246,285.9406226,0,0,,flat
2019-12-31,BTC,-3.839e-05,-5.400996946e-05,1.153816453e-05,8026.988433,7195.23,278.0155782,0,0,,flat
2020-01-01,BTC,-0.0001146866667,-8.434831806e-05,3.390561027e-06,8014.903052,7200.85,263.860894,0,0,,flat
2020-01-02,BTC,4.588666667e-05,-1.92308257e-05,6.133525808e-06,7999.626132,6965.71,265.567973,0,0,,flat
2020-01-03,BTC,2.261e-05,1.689587151e-06,7.196988587e-06,7990.137522,7344.96,284.7388321,0,0,,flat
2020-01-04,BTC,5.823666667e-05,2.996312691e-05,1.049121691e-05,7980.960752,7354.11,273.8139155,-1,0,,flat
2020-01-05,BTC,0.0001,6.498156345e-05,1.626818503e-05,7972.023355,7358.75,266.8986358,-1,-1,8038.724789,enter_short
2020-01-06,BTC,0.0001,8.249078173e-05,2.167216973e-05,7968.962646,7758,279.8758761,-1,-1,8038.724789,hold
2020-01-07,BTC,0.0001,9.124539086e-05,2.672726891e-05,7971.473206,8145.28,294.4540278,0,0,,exit
2020-01-08,BTC,0.00010838,9.981269543e-05,3.199683584e-05,7972.671349,8055.98,315.2073115,0,0,,flat
2020-01-09,BTC,0.0001,9.990634772e-05,3.638542132e-05,7970.484252,7817.76,314.5482179,-1,0,,flat
2020-01-10,BTC,0.0001,9.995317386e-05,4.049071179e-05,7973.669293,8197.02,329.7233452,0,-1,8604.110545,enter_short
2020-01-11,BTC,0.0001261533333,0.0001130532536,4.601874857e-05,7974.318167,8020.01,326.3988205,0,0,,exit
2020-01-12,BTC,0.0001,0.0001065266268,4.95022447e-05,7977.255998,8184.98,320.0131905,0,0,,flat
2020-01-13,BTC,0.0001,0.0001032633134,5.276089488e-05,7979.104565,8110.34,307.1629626,0,0,,flat
2020-01-14,BTC,0.000153,0.0001281316567,5.922929038e-05,7990.600735,8810.01,340.5413224,0,0,,flat
2020-01-15,BTC,0.0002629633333,0.000195547495,7.237600126e-05,8002.051084,8821.41,341.3940851,0,0,,flat
2020-01-16,BTC,0.0002755233333,0.0002355354142,8.548468645e-05,8011.908339,8720.01,336.5666504,0,0,,flat
2020-01-17,BTC,0.0002725866667,0.0002540610404,9.755785467e-05,8024.237174,8913.28,338.8983183,0,0,,flat
2020-01-18,BTC,0.0002375433333,0.0002458021869,0.0001065906266,8036.388738,8915.96,327.7270098,0,0,,flat
2020-01-19,BTC,0.0005061233333,0.0003759627601,0.0001323708035,8045.421764,8701.7,356.673652,0,0,,flat
2020-01-20,BTC,0.00016828,0.0002721213801,0.0001346878515,8053.497056,8642.35,347.3191054,0,0,,flat
2020-01-21,BTC,0.0001440733333,0.0002080973567,0.0001352934461,8062.697497,8736.03,344.0105979,0,0,,flat
2020-01-22,BTC,0.0001379733333,0.000173035345,0.0001354663633,8071.021076,8682.36,335.7241266,0,0,,flat
2020-01-23,BTC,0.0002410133333,0.0002070243392,0.0001422766289,8075.485235,8404.52,339.2738318,0,0,,flat
2020-01-24,BTC,0.0003826366667,0.0002948305029,0.0001577853974,8080.33452,8439,335.755701,0,0,,flat
2020-01-25,BTC,0.0001,0.0001974152515,0.0001540569318,8083.794465,8340.58,325.7988652,0,0,,flat
2020-01-26,BTC,0.0001,0.0001487076257,0.0001505690593,8090.833263,8615,325.7039463,1,0,,flat
2020-01-27,BTC,0.0001,0.0001243538129,0.0001473062518,8101.619923,8907.57,335.6536644,1,1,7800.130134,enter_long
2020-01-28,BTC,0.00044361,0.0002839819064,0.0001664241987,8118.37249,9374.21,350.0784026,0,1,7800.130134,hold
2020-01-29,BTC,0.00074737,0.0005156759532,0.0002039074636,8133.897855,9301.53,341.7328025,0,0,,exit
2020-01-30,BTC,0.0002777633333,0.0003967196433,0.0002086727022,8151.939933,9513.21,344.0061737,0,0,,flat
2020-01-31,BTC,0.0005685433333,0.0004826314883,0.0002318917293,8167.599928,9352.89,342.306447,0,0,,flat
2020-02-01,BTC,0.0006323666667,0.0005574990775,0.0002577304533,8183.420463,9384.61,330.9652722,0,0,,flat
2020-02-02,BTC,0.00042901,0.0004932545387,0.0002687813993,8198.299695,9331.51,332.8270385,0,0,,flat
2020-02-03,BTC,0.00035513,0.0004241922694,0.0002743525846,8212.434611,9292.24,336.5386786,0,0,,flat
2020-02-04,BTC,0.0006397466667,0.000531969468,0.0002979276149,8225.118857,9197.02,330.8566301,0,0,,flat
2020-02-05,BTC,0.0002421033333,0.0003870364007,0.0002943258742,8242.934083,9612.04,347.7404423,0,0,,flat
2020-02-06,BTC,0.0009932933333,0.000690164867,0.0003394225888,8262.518485,9772,346.9175535,0,0,,flat
2020-02-07,BTC,0.0002998666667,0.0004950157668,0.0003368704858,8282.329912,9813.73,333.2091569,0,0,,flat
2020-02-08,BTC,0.0006736266667,0.0005843212168,0.000358597551,8302.868954,9895.05,328.9006456,0,0,,flat
2020-02-09,BTC,0.0007942366667,0.0006892789417,0.0003867043412,8326.350255,10151.75,325.7827424,0,0,,flat
2020-02-10,BTC,0.00109891,0.0008940944709,0.0004326546852,8345.671136,9851.83,333.3696894,0,0,,flat
2020-02-11,BTC,0.0005296866667,0.0007118905688,0.0004389150159,8369.38497,10223.08,354.0997115,0,0,,flat
2020-02-12,BTC,0.001706463333,0.001209176951,0.0005206948059,8394.038983,10326.46,345.0154464,0,0,,flat
2020-02-13,BTC,0.0008279,0.001018538476,0.0005405150579,8417.101567,10229.63,350.371486,0,0,,flat
2020-02-14,BTC,0.00064575,0.0008321442378,0.0005473045892,8441.252743,10344.36,344.644237,0,0,,flat
2020-02-15,BTC,0.00081114,0.0008216421189,0.000564326651,8459.54477,9904.72,361.0267915,0,0,,flat
2020-02-16,BTC,0.00049674,0.0006591910594,0.0005599661207,8477.718704,9917.27,364.6591635,0,0,,flat
2020-02-17,BTC,0.0006507166667,0.0006549538631,0.0005658211218,8492.993637,9706,375.1470804,0,0,,flat
2020-02-18,BTC,0.00023527,0.0004451119315,0.0005444948096,8513.731589,10164.71,396.4930032,1,0,,flat
2020-02-19,BTC,0.0004188,0.0004319559658,0.000536385313,8527.097103,9593.79,432.4577887,1,1,9173.547492,enter_long
2020-02-20,BTC,0.0001,0.0002659779829,0.0005082309212,8540.297761,9596.42,422.9250895,1,1,9173.547492,hold
2020-02-21,BTC,0.0001,0.0001829889914,0.0004818930043,8554.297302,9677.05,407.3804403,1,1,9173.547492,hold
2020-02-22,BTC,0.0001074766667,0.0001452328291,0.0004577367357,8567.770029,9650.86,388.9354088,1,1,9173.547492,hold
2020-02-23,BTC,0.0004466033333,0.0002959180812,0.0004570184412,8584.546272,9936.4,385.7971653,1,1,9173.547492,hold
2020-02-24,BTC,0.0002445366667,0.0002702273739,0.0004433097529,8597.651175,9656.13,395.1287964,1,1,9173.547492,hold
2020-02-25,BTC,0.00035567,0.000312948687,0.0004376555033,8606.414273,9315.84,397.2624538,1,1,9173.547492,hold
2020-02-26,BTC,0.0004182,0.0003655743435,0.0004364002946,8608.591464,8785.25,422.0158499,1,0,,exit
2020-02-27,BTC,0.0001245433333,0.0002450588384,0.0004162802663,8611.198486,8823.21,423.3554321,1,1,7730.960375,enter_long
2020-02-28,BTC,0.0001508766667,0.0001979677525,0.0003991572749,8612.188879,8692.91,425.6157584,1,1,7730.960375,hold
2020-02-29,BTC,0.00061349,0.0004057288763,0.0004129853275,8611.117575,8523.61,414.2467756,0,1,7730.960375,hold
2020-03-01,BTC,0.0003609433333,0.0003833361048,0.0004096277489,8610.161297,8531.88,408.8720059,0,0,,exit
2020-03-02,BTC,0.0001290666667,0.0002562013857,0.0003915268793,8613.835352,8915.24,413.0775769,1,0,,flat
2020-03-03,BTC,0.0001,0.0001781006929,0.0003727185433,8615.592774,8760.07,402.7613215,1,1,7878.486058,enter_long
2020-03-04,BTC,0.00014776,0.0001629303464,0.0003582049805,8617.215157,8750.87,387.4419413,1,1,7878.486058,hold
2020-03-05,BTC,0.0001766733333,0.0001698018399,0.0003464931795,8622.450989,9054.68,389.2589455,1,1,7878.486058,hold
2020-03-06,BTC,0.00025946,0.0002146309199,0.0003408780989,8628.535849,9131.88,374.6333066,1,1,7878.486058,hold
2020-03-07,BTC,0.0003475866667,0.0002811087933,0.0003413109124,8631.612869,8886.66,373.0880704,1,1,7878.486058,hold
2020-03-08,BTC,0.0004911766667,0.00038614273,0.000350979726,8624.494707,8033.31,409.7789225,-1,1,7878.486058,hold
2020-03-09,BTC,0.0001,0.000243071365,0.000334787399,8616.246639,7929.87,419.6018566,0,-1,9059.207306,enter_short
2020-03-10,BTC,0.0001,0.0001715356825,0.000319639749,8607.69369,7894.56,419.7010097,0,0,,exit
2020-03-11,BTC,0.0001429933333,0.0001572645079,0.0003082431527,8599.730821,7934.52,417.579509,0,0,,flat
2020-03-12,BTC,1.807666667e-05,8.767058729e-05,0.0002895226522,8554.868665,4800,641.7645441,0,0,,flat
2020-03-13,BTC,-0.001271503333,-0.000591916373,0.0001888108854,8519.793965,5578.6,751.1292195,0,0,,flat
2020-03-14,BTC,-0.0004389733333,-0.0005154448532,0.0001483085224,8480.413869,5172.06,739.2907038,0,0,,flat
2020-03-15,BTC,-0.00050297,-0.0005092074266,0.0001062904024,8443.789478,5361.3,746.9770821,0,0,,flat
2020-03-16,BTC,-0.0005183766667,-0.0005137920466,6.598916595e-05,8403.764646,5028.97,759.5715763,0,0,,flat
2020-03-17,BTC,-0.0001269466667,-0.0003203693566,5.354165379e-05,8367.597856,5312.64,748.427178,0,0,,flat
2020-03-18,BTC,-0.0002786933333,-0.000299531345,3.210707554e-05,8332.855718,5393.04,725.4538081,0,0,,flat
2020-03-19,BTC,-0.0002137833333,-0.0002566573392,1.62431346e-05,8307.548723,6162.37,755.5978218,0,0,,flat
2020-03-20,BTC,-2.213333333e-05,-0.0001393953362,1.376722708e-05,8283.114788,6208.36,789.4836917,0,0,,flat
2020-03-21,BTC,-1.381666667e-05,-7.660600146e-05,1.198761675e-05,8258.757551,6186.98,775.7319994,0,0,,flat
2020-03-22,BTC,2.460666667e-05,-2.59996674e-05,1.280175084e-05,8230.422056,5816.19,768.455428,0,0,,flat
2020-03-23,BTC,-7.697e-05,-5.14848337e-05,7.010012789e-06,8210.002422,6467.31,778.7086117,0,0,,flat
2020-03-24,BTC,0.0001,2.425758315e-05,1.300937861e-05,8193.059766,6744.72,756.0629966,-1,0,,flat
2020-03-25,BTC,9.923666667e-05,6.174712491e-05,1.85724397e-05,8175.563172,6677.43,738.341354,-1,-1,8634.847492,enter_short
2020-03-26,BTC,3.326333333e-05,4.750522912e-05,1.952024092e-05,8158.986818,6737.36,704.8884001,-1,-1,8634.847492,hold
2020-03-27,BTC,4.403e-05,4.576761456e-05,2.110151825e-05,8138.274541,6359.11,696.0813716,-1,-1,8634.847492,hold
2020-03-28,BTC,-0.0002503866667,-0.0001023095261,3.586125074e-06,8116.425418,6236.65,670.3612736,0,-1,8634.847492,hold
2020-03-29,BTC,-0.00026005,-0.000181179763,-1.342268118e-05,8090.785315,5881.42,651.0097541,0,0,,exit
2020-03-30,BTC,-0.0003503633333,-0.0002657715482,-3.516081645e-05,8071.353634,6394.38,657.4547716,0,0,,flat
2020-03-31,BTC,-0.0001228533333,-0.0001943124408,-4.081840517e-05,8052.357074,6410.44,624.9101451,0,0,,flat
2020-04-01,BTC,-0.0003096666667,-0.0002519895537,-5.816347432e-05,8036.260694,6642.92,618.1187061,0,0,,flat
2020-04-02,BTC,-2.211e-05,-0.0001370497769,-5.583744121e-05,8022.095393,6794.09,620.1816557,0,0,,flat
2020-04-03,BTC,6.375333333e-05,-3.664822176e-05,-4.812189957e-05,8007.42884,6734.1,607.732966,-1,0,,flat
2020-04-04,BTC,1.356333333e-05,-1.154244421e-05,-4.414220336e-05,7994.347456,6856.99,588.6377542,-1,-1,8252.302415,enter_short
2020-04-05,BTC,1.187333333e-05,1.654445597e-07,-4.052829457e-05,7980.476987,6772.78,562.1650574,-1,-1,8252.302415,hold
2020-04-06,BTC,-1.817666667e-05,-9.005611053e-06,-3.908625287e-05,7973.100274,7329.9,564.1632676,-1,-1,8252.302415,hold
2020-04-07,BTC,-4.889e-05,-2.894780553e-05,-3.971875318e-05,7964.316112,7197.32,551.2008914,-1,-1,8252.302415,hold
2020-04-08,BTC,4.638e-05,8.716097237e-06,-3.416399089e-05,7957.497293,7361.28,531.1151134,-1,-1,8252.302415,hold
2020-04-09,BTC,-2.953e-05,-1.040695138e-05,-3.386502353e-05,7949.886864,7283.54,512.0240339,-1,-1,8252.302415,hold
2020-04-10,BTC,4.999e-05,1.979152431e-05,-2.845501858e-05,7937.584007,6858.92,515.1487457,-1,-1,8252.302415,hold
2020-04-11,BTC,0.0001,5.989576215e-05,-2.016759312e-05,7925.637712,6876.83,491.5166925,-1,-1,8252.302415,hold
2020-04-12,BTC,9.484333333e-05,7.736954774e-05,-1.274752923e-05,7914.144659,6903.79,484.7655002,-1,-1,8252.302415,hold
2020-04-13,BTC,-5.066333333e-05,1.335310721e-05,-1.519371141e-05,7902.055579,6837.91,473.624393,-1,-1,8252.302415,hold
2020-04-14,BTC,-5.272666667e-05,-1.968677973e-05,-1.761519357e-05,7890.463017,6868.7,455.7740792,0,-1,8252.302415,hold
2020-04-15,BTC,-4.836e-05,-3.402338987e-05,-1.959873037e-05,7876.242441,6621.24,446.6473593,0,0,,exit
2020-04-16,BTC,-0.0001555133333,-9.47683616e-05,-2.836741816e-05,7867.577898,7101.94,466.2961193,0,0,,flat
2020-04-17,BTC,8.333333333e-06,-4.321751413e-05,-2.59996268e-05,7858.189519,7027.55,445.4992537,0,0,,flat
2020-04-18,BTC,-0.0001330633333,-8.814042373e-05,-3.290696527e-05,7851.384924,7248.6,433.5835927,0,0,,flat
2020-04-19,BTC,-5.531333333e-05,-7.172687853e-05,-3.43525379e-05,7843.238914,7120.74,417.6526218,0,0,,flat
2020-04-20,BTC,-2.982e-05,-5.077343927e-05,-3.406011601e-05,7831.92047,6826.83,421.3202916,0,0,,flat
2020-04-21,BTC,-2.239666667e-05,-3.658505297e-05,-3.330763518e-05,7820.90304,6841.37,403.9402708,0,0,,flat
2020-04-22,BTC,-0.00015103,-9.380752648e-05,-4.090262862e-05,7813.173454,7125.14,399.2573943,0,0,,flat
2020-04-23,BTC,-9.277e-05,-9.328876324e-05,-4.424891153e-05,7809.502867,7482.39,422.0247233,0,0,,flat
2020-04-24,BTC,0.0001,3.355618379e-06,-3.494252783e-05,7806.127776,7505,408.1629574,-1,0,,flat
2020-04-25,BTC,0.0001,5.167780919e-05,-2.623655626e-05,7803.166647,7538.67,398.574889,-1,-1,8525.407393,enter_short
2020-04-26,BTC,9.164333333e-05,7.166057126e-05,-1.863140044e-05,7801.949421,7693.1,385.8195398,-1,-1,8525.407393,hold
2020-04-27,BTC,0.0001,8.583028563e-05,-1.097776014e-05,7801.64752,7774.62,371.5481441,-1,-1,8525.407393,hold
2020-04-28,BTC,0.0001,9.291514282e-05,-3.817903279e-06,7800.956006,7738.98,353.6432766,-1,-1,8525.407393,hold
2020-04-29,BTC,0.0001,9.645757141e-05,2.88002716e-06,7811.731941,8778.57,417.1573283,0,0,,exit
2020-04-30,BTC,0.0004024166667,0.000249437119,2.865658885e-05,7820.631684,8620,463.0032334,0,0,,flat
2020-05-01,BTC,0.00017495,0.0002121935595,3.809487491e-05,7831.700504,8826.96,461.7615739,0,0,,flat
2020-05-02,BTC,0.00010048,0.0001563367798,4.211972228e-05,7844.230309,8972.05,447.1357472,0,0,,flat
2020-05-03,BTC,0.0001499066667,0.0001531217232,4.907371964e-05,7855.754654,8894.16,450.0546224,0,0,,flat
2020-05-04,BTC,0.0001064166667,0.0001297691949,5.277326509e-05,7866.897396,8871.96,448.4792922,0,0,,flat
2020-05-05,BTC,0.0001,0.0001148845975,5.582015157e-05,7879.548452,9021.83,442.0579142,0,0,,flat
2020-05-06,BTC,0.0001866033333,0.0001507439654,6.425777715e-05,7893.373465,9142.92,445.3959203,0,0,,flat
2020-05-07,BTC,0.0001,0.0001253719827,6.656372725e-05,7916.254638,9986.4,488.2962117,0,0,,flat
2020-05-08,BTC,0.0003443333333,0.000234852658,8.448434875e-05,7936.827838,9800.01,477.0579109,0,0,,flat
2020-05-09,BTC,0.0005862366667,0.0004105446623,0.000116855469,7954.31315,9539.4,471.1430601,0,0,,flat
2020-05-10,BTC,0.0002077533333,0.0003091489978,0.0001227198478,7962.689567,8722.77,541.6206987,0,0,,flat
2020-05-11,BTC,0.0001,0.0002045744989,0.0001212540511,7969.210809,8561.52,572.0763631,0,0,,flat
2020-05-12,BTC,0.0001,0.0001522872495,0.0001198828219,7978.366972,8810.79,563.31948,0,0,,flat
2020-05-13,BTC,0.0001,0.0001261436247,0.0001186000591,7992.834491,9309.37,566.2973743,0,0,,flat
2020-05-14,BTC,0.0001,0.0001130718124,0.0001174000552,8012.372585,9791.98,574.5789904,1,0,,flat
2020-05-15,BTC,8.133333333e-05,9.720257285e-05,0.0001150731698,8026.52122,9316.42,583.2247768,1,1,8355.522524,enter_long
2020-05-16,BTC,0.0001,9.860128642e-05,0.0001141007072,8041.206743,9381.27,567.8515785,1,1,8355.522524,hold
2020-05-17,BTC,4.338e-05,7.099064321e-05,0.0001095380806,8058.955959,9680.04,567.71218,1,1,8355.522524,hold
2020-05-18,BTC,4.453333333e-05,5.776198827e-05,0.0001053442258,8077.080642,9733.93,561.8591671,1,1,8355.522524,hold
2020-05-19,BTC,9.297333333e-05,7.53676608e-05,0.0001045461036,8095.443361,9775.53,551.9556552,1,1,8355.522524,hold
2020-05-20,BTC,0.0001,8.76838304e-05,0.0001042528066,8110.739072,9511.43,549.3873941,1,1,8355.522524,hold
2020-05-21,BTC,2.594e-05,5.68119152e-05,9.920036727e-05,8121.07777,9068.65,564.6790088,1,1,8355.522524,hold
2020-05-22,BTC,-2.263333333e-06,2.727429093e-05,9.265432182e-05,8132.389217,9170,548.4505082,1,1,8355.522524,hold
2020-05-23,BTC,1.283333333e-05,2.005381213e-05,8.750458044e-05,8143.667953,9179.15,526.2647576,1,1,8355.522524,hold
2020-05-24,BTC,8.213666667e-05,5.10952394e-05,8.715826341e-05,8149.876413,8720.34,531.3887035,1,1,8355.522524,hold
2020-05-25,BTC,-5.76e-06,2.26676197e-05,8.116353655e-05,8157.949437,8900.35,517.4995104,1,1,8355.522524,hold
2020-05-26,BTC,4.854666667e-05,3.560714318e-05,7.90592223e-05,8165.293186,8841.18,503.2259739,1,1,8355.522524,hold
2020-05-27,BTC,-6.403333333e-06,1.460190493e-05,7.354550888e-05,8176.449641,9204.07,496.8005472,1,1,8355.522524,hold
2020-05-28,BTC,-6.471666667e-05,-2.505738087e-05,6.46253683e-05,8191.467758,9575.89,498.1340796,1,1,8355.522524,hold
2020-05-29,BTC,1.297e-05,-6.043690435e-06,6.129276381e-05,8204.717293,9427.07,482.2145024,1,1,8355.522524,hold
2020-05-30,BTC,0.0001,4.697815478e-05,6.379000491e-05,8220.714605,9697.72,476.9684666,1,1,8355.522524,hold
2020-05-31,BTC,0.0001,7.348907739e-05,6.612613368e-05,8233.857637,9448.27,465.6557189,0,1,8355.522524,hold
2020-06-01,BTC,2.675666667e-05,5.012287203e-05,6.358616801e-05,8254.900804,10200.77,500.846739,1,0,,exit
2020-06-02,BTC,0.0004093,0.000229711436,8.589028662e-05,8268.404493,9518.04,533.8569719,0,1,8950.593152,enter_long
2020-06-03,BTC,9.548666667e-05,0.0001625990513,8.650940792e-05,8283.337108,9666.24,518.9236168,0,0,,exit
2020-06-04,BTC,0.0001,0.0001312995257,8.737976871e-05,8299.410476,9789.06,512.6883585,0,0,,flat
2020-06-05,BTC,0.0001,0.0001156497628,8.81939772e-05,8313.50974,9621.16,495.6213329,0,0,,flat
2020-06-06,BTC,0.0001,0.0001078248814,8.89556561e-05,8327.929781,9666.3,474.7876662,0,0,,flat
2020-06-07,BTC,0.0001,0.0001039124407,8.966819442e-05,8343.045505,9746.99,471.5556901,0,0,,flat
2020-06-08,BTC,0.0001,0.0001019562204,9.033476253e-05,8358.362501,9782.01,449.8017122,0,0,,flat
2020-06-09,BTC,0.0001,0.0001009781102,9.095832625e-05,8373.40404,9772.43,439.6015899,0,0,,flat
2020-06-10,BTC,0.0001,0.0001004890551,9.154166005e-05,8389.47196,9885,428.8114763,0,0,,flat
2020-06-11,BTC,0.0001,0.0001002445275,9.20873594e-05,8398.93589,9280.4,458.9677995,0,0,,flat
2020-06-12,BTC,5.299333333e-05,7.661893044e-05,8.956516415e-05,8410.253985,9465.13,449.3708138,1,0,,flat
2020-06-13,BTC,5.091666667e-05,6.376779855e-05,8.707171268e-05,8421.531585,9473.34,427.5393271,1,1,8341.532966,enter_long
2020-06-14,BTC,9.034e-05,7.705389928e-05,8.728256992e-05,8431.290883,9342.1,413.8572323,1,1,8341.532966,hold
2020-06-15,BTC,-4.120666667e-05,1.79236163e-05,7.899294169e-05,8441.829526,9426.02,426.0495728,1,1,8341.532966,hold
2020-06-16,BTC,1.595e-05,1.693680815e-05,7.49256551e-05,8453.304018,9525.59,411.0396034,1,1,8341.532966,hold
2020-06-17,BTC,2.318e-05,2.005840408e-05,7.158722572e-05,8464.010173,9465.14,405.1360603,1,1,8341.532966,hold
2020-06-18,BTC,-4.656666667e-05,-1.32541313e-05,6.39643939e-05,8473.762909,9386.32,391.1263417,1,1,8341.532966,hold
2020-06-19,BTC,3.927666667e-05,1.301126769e-05,6.23716373e-05,8482.602405,9310.23,379.0823173,1,1,8341.532966,hold
2020-06-20,BTC,7.062e-05,4.181563384e-05,6.290378973e-05,8491.857632,9358.95,368.0085803,1,1,8341.532966,hold
2020-06-21,BTC,1.884333333e-05,3.032948359e-05,6.006117963e-05,8500.331277,9294.69,351.7551103,1,1,8341.532966,hold
2020-06-22,BTC,8.928e-05,5.980474179e-05,6.194626482e-05,8512.834811,9685.69,362.5518881,1,1,8341.532966,hold
2020-06-23,BTC,0.0001073833333,8.359403756e-05,6.487768861e-05,8524.558105,9624.89,346.8674675,0,1,8341.532966,hold
2020-06-24,BTC,0.0001042866667,9.394035212e-05,6.742020333e-05,8532.691005,9296.49,355.0912199,0,0,,exit
2020-06-25,BTC,0.0001,9.697017606e-05,6.952212571e-05,8540.238617,9249.49,353.3211327,0,0,,flat
2020-06-26,BTC,9.800333333e-05,9.74867547e-05,7.135962298e-05,8546.783939,9162.21,346.1231947,0,0,,flat
2020-06-27,BTC,0.0001,9.874337735e-05,7.320738925e-05,8551.676841,9012,347.3458236,0,0,,flat
2020-06-28,BTC,8.289e-05,9.081668867e-05,7.383207381e-05,8557.612413,9116.35,339.8882648,0,0,,flat
2020-06-29,BTC,0.0001,9.540834434e-05,7.552032712e-05,8564.282933,9192.56,330.8483887,0,0,,flat
2020-06-30,BTC,0.0001,9.770417217e-05,7.709966086e-05,8570.312617,9138.55,317.2242181,0,0,,flat
2020-07-01,BTC,0.0001,9.885208608e-05,7.85771021e-05,8577.256381,9232,309.7010597,0,0,,flat
2020-07-02,BTC,0.0001,9.942604304e-05,7.995922455e-05,8582.597911,9086.54,310.5766983,0,0,,flat
2020-07-03,BTC,0.0001,9.971302152e-05,8.125217781e-05,8587.584125,9058.26,294.6447913,0,0,,flat
2020-07-04,BTC,0.0001,9.985651076e-05,8.246171472e-05,8593.324276,9135.46,284.3101633,0,0,,flat
2020-07-05,BTC,0.0001,9.992825538e-05,8.3593217e-05,8598.309649,9069.41,282.0172945,0,0,,flat
2020-07-06,BTC,0.0001,9.996412769e-05,8.465171913e-05,8606.116233,9344.2,284.6646306,0,0,,flat
2020-07-07,BTC,0.0001,9.998206385e-05,8.56419308e-05,8612.929034,9257.39,276.9328713,0,0,,flat
2020-07-08,BTC,0.0001,9.999103192e-05,8.656825785e-05,8621.535193,9436.06,274.2233805,0,0,,flat
2020-07-09,BTC,0.0001,9.999551596e-05,8.743482186e-05,8627.919115,9232.43,274.6924247,0,0,,flat
2020-07-10,BTC,0.0001,9.999775798e-05,8.824547852e-05,8634.817142,9288.34,268.8201087,0,0,,flat
2020-07-11,BTC,0.0001,9.999887899e-05,8.900383474e-05,8641.072763,9234.03,258.2636723,0,0,,flat
2020-07-12,BTC,0.0001,9.99994395e-05,8.971326476e-05,8647.977116,9302.75,253.2091243,0,0,,flat
2020-07-13,BTC,0.0001,9.999971975e-05,9.03769251e-05,8654.178987,9242.62,245.332044,0,0,,flat
2020-07-14,BTC,0.0001,9.999985987e-05,9.099776864e-05,8660.451151,9255.85,239.7040409,0,0,,flat
2020-07-15,BTC,0.0001,9.999992994e-05,9.157855776e-05,8666.048045,9197.6,230.8623237,0,0,,flat
2020-07-16,BTC,0.0001,9.999996497e-05,9.212187662e-05,8670.918729,9133.72,227.1507291,0,0,,flat
2020-07-17,BTC,0.0001,9.999998248e-05,9.263014264e-05,8675.950892,9154.32,217.855677,0,0,,flat
2020-07-18,BTC,0.0001,9.999999124e-05,9.310561731e-05,8681.094449,9170.28,209.308843,0,0,,flat
2020-07-19,BTC,0.0001,9.999999562e-05,9.355041619e-05,8686.584771,9208.99,203.7096399,0,0,,flat
2020-07-20,BTC,0.0001,9.999999781e-05,9.396651838e-05,8691.51437,9160.78,195.6246656,0,0,,flat
2020-07-21,BTC,0.0001,9.999999891e-05,9.435577525e-05,8698.772395,9390,202.0036181,0,0,,flat
2020-07-22,BTC,0.0001,9.999999945e-05,9.471991879e-05,8707.28297,9518.16,207.7890739,0,0,,flat
2020-07-23,BTC,0.0001,9.999999973e-05,9.506056919e-05,8716.585089,9603.27,208.9234258,0,0,,flat
2020-07-24,BTC,0.0001,9.999999986e-05,9.537924214e-05,8725.107245,9537.8,206.3974668,0,0,,flat
2020-07-25,BTC,0.0001,9.999999993e-05,9.567735555e-05,8735.224229,9700.42,207.3619335,0,0,,flat
2020-07-26,BTC,0.00028479,0.000192395,0.0001078781713,8747.628448,9931.54,225.4789382,0,0,,flat
2020-07-27,BTC,0.0006200633333,0.0004062291666,0.0001409223753,8771.283321,11029.96,314.9197283,0,0,,flat
2020-07-28,BTC,0.00119704,0.0008016345833,0.0002090589963,8793.401901,10906.27,340.7990335,0,0,,flat
2020-07-29,BTC,0.0007122833333,0.0007569589583,0.0002415250826,8817.294086,11100.53,354.3719596,0,0,,flat
2020-07-30,BTC,0.00067754,0.0007172494792,0.0002696550773,8840.919738,11099.61,353.2739625,0,0,,flat
2020-07-31,BTC,0.0005323933333,0.0006248214062,0.0002866059325,8866.731894,11335.46,362.6115366,0,0,,flat
2020-08-01,BTC,0.00035897,0.0004918957031,0.000291274582,8897.08382,11801.17,382.4964269,0,0,,flat
2020-08-02,BTC,0.0005424966667,0.0005171961849,0.0003074824585,8919.564183,11071.35,469.8152535,0,0,,flat
2020-08-03,BTC,0.0003850333333,0.0004511147591,0.0003124857407,8943.337837,11219.81,474.614164,0,0,,flat
2020-08-04,BTC,0.00033459,0.0003928523796,0.000313911822,8966.569106,11191.97,470.3545808,0,0,,flat
2020-08-05,BTC,0.0001751833333,0.0002840178564,0.0003049615969,8995.262015,11744.91,485.8956822,1,0,,flat
2020-08-06,BTC,0.0003788733333,0.0003314455949,0.000309730096,9023.829075,11762.46,475.2959906,0,1,10530.17079,enter_long
2020-08-07,BTC,0.00025614,0.0002937927974,0.0003062726705,9050.354609,11594.23,483.3419913,1,0,,exit
2020-08-08,BTC,0.0001,0.0001968963987,0.0002929647562,9078.321311,11761.41,469.9797062,1,1,10386.00502,enter_long
2020-08-09,BTC,0.0001521333333,0.000174514866,0.000283878858,9105.167223,11681.68,456.0625843,1,1,10386.00502,hold
2020-08-10,BTC,0.00057372,0.000374117433,0.0003025782865,9133.904216,11892.92,467.583114,0,1,10386.00502,hold
2020-08-11,BTC,0.0003197466667,0.0003469320498,0.0003036859239,9157.173838,11392.08,492.041463,0,0,,exit
2020-08-12,BTC,0.0001,0.0002234660249,0.0002905448966,9181.969858,11564.33,490.2899299,1,0,,flat
2020-08-13,BTC,0.0001,0.0001617330125,0.0002782516774,9208.722681,11780,492.5977921,1,1,10338.61518,enter_long
2020-08-14,BTC,0.0002968966667,0.0002293148396,0.00027945458,9234.990517,11760.54,472.8386641,1,1,10338.61518,hold
2020-08-15,BTC,0.0002285133333,0.0002289140864,0.0002761680479,9261.924291,11852.4,460.4930452,1,1,10338.61518,hold
2020-08-16,BTC,0.0003198033333,0.0002743587099,0.0002789832276,9289.174654,11911,445.1521134,1,1,10338.61518,hold
2020-08-17,BTC,0.00050636,0.0003903593549,0.0002936526968,9319.941778,12281.13,463.228391,0,1,10338.61518,hold
2020-08-18,BTC,0.0009942233333,0.0006922913441,0.0003388508024,9346.927112,11945.01,470.843506,0,0,,exit
2020-08-19,BTC,0.0005208933333,0.0006065923387,0.0003505954818,9371.669393,11754.59,470.0032555,0,0,,flat
2020-08-20,BTC,0.0001802,0.0003933961694,0.0003396022249,9397.166054,11853.55,452.1458801,0,0,,flat
2020-08-21,BTC,0.0001,0.0002466980847,0.0003241440169,9419.083605,11531.34,447.8633173,1,0,,flat
2020-08-22,BTC,0.0001,0.0001733490423,0.0003096831126,9442.120417,11662.96,437.9580803,1,1,10411.57171,enter_long
2020-08-23,BTC,0.0001,0.0001366745212,0.0002961551698,9464.761308,11648.13,421.2425032,1,1,10411.57171,hold
2020-08-24,BTC,0.0001,0.0001183372606,0.0002834999976,9488.189542,11748.2,408.2830386,1,1,10411.57171,hold
2020-08-25,BTC,0.0002086,0.0001634686303,0.0002786677397,9506.962012,11318.42,425.5635359,1,1,10411.57171,hold
2020-08-26,BTC,0.0001545133333,0.0001589909818,0.000270657778,9527.002629,11461.43,416.2604262,1,1,10411.57171,hold
2020-08-27,BTC,0.0001,0.0001294954909,0.0002596475987,9545.48839,11330.38,419.8989672,1,1,10411.57171,hold
2020-08-28,BTC,0.0001,0.0001147477455,0.0002493477537,9565.793118,11526.91,408.8890409,1,1,10411.57171,hold
2020-08-29,BTC,0.0001,0.0001073738727,0.0002397124147,9585.258167,11465.84,391.3241094,1,1,10411.57171,hold
2020-08-30,BTC,0.0001,0.0001036869364,0.0002306987105,9607.030583,11711.16,382.0152445,1,1,10411.57171,hold
2020-08-31,BTC,0.0001182033333,0.0001109451348,0.0002234409443,9627.942537,11649.51,371.2120127,1,1,10411.57171,hold
2020-09-01,BTC,0.00026607,0.0001885075674,0.0002261912059,9651.423202,11921.97,382.971869,1,1,10411.57171,hold
2020-09-02,BTC,0.00037669,0.0002825987837,0.0002359008055,9669.1985,11388.54,412.3645926,0,1,10411.57171,hold
2020-09-03,BTC,0.00020977,0.0002461843919,0.0002342149471,9674.023379,10140.85,490.1814074,0,0,,exit
2020-09-04,BTC,0.0001,0.0001730921959,0.0002255559183,9681.920861,10446.25,508.8505926,1,0,,flat
2020-09-05,BTC,0.0001,0.000136546098,0.0002174555364,9686.877174,10166.69,525.409836,1,1,9174.123518,enter_long
2020-09-06,BTC,0.0001,0.000118273049,0.0002098777599,9692.696376,10256.2,513.0434191,1,1,9174.123518,hold
2020-09-07,BTC,0.0001,0.0001091365245,0.0002027888722,9699.652555,10373.44,514.6653178,1,1,9174.123518,hold
2020-09-08,BTC,0.0001,0.0001045682622,0.000196157332,9704.014658,10126.65,519.9035094,1,1,9174.123518,hold
2020-09-09,BTC,0.0001,0.0001022841311,0.0001899536332,9709.276271,10219.2,508.623973,1,1,9174.123518,hold
2020-09-10,BTC,0.0001,0.0001011420656,0.000184150173,9715.684232,10336.87,501.7594035,1,1,9174.123518,hold
2020-09-11,BTC,0.0001,0.0001005710328,0.0001787211296,9722.545913,10387.89,480.0337318,1,1,9174.123518,hold
2020-09-12,BTC,0.0001,0.0001002855164,0.000173642347,9729.87698,10440.92,460.6541795,1,1,9174.123518,hold
2020-09-13,BTC,0.0001,0.0001001427582,0.0001688912278,9736.028598,10332.83,454.9010238,1,1,9174.123518,hold
2020-09-14,BTC,6.956e-05,8.48513791e-05,0.0001624827615,9745.573075,10671.77,460.8123793,1,1,9174.123518,hold
2020-09-15,BTC,-0.00010074,-7.944310451e-06,0.0001455006479,9756.175651,10785.31,451.0086379,1,1,9174.123518,hold
2020-09-16,BTC,-5.289e-05,-3.041715523e-05,0.0001327012512,9768.387386,10954.01,449.6351638,1,1,9174.123518,hold
2020-09-17,BTC,8.306666667e-06,-1.105524428e-05,0.0001246757942,9780.328771,10939.99,438.9205092,1,1,9174.123518,hold
2020-09-18,BTC,6.657e-05,2.775737786e-05,0.0001209270333,9792.078332,10933.39,423.6540443,1,1,9174.123518,hold
2020-09-19,BTC,-9.426333333e-05,-3.325297774e-05,0.0001070437838,9805.205582,11080.65,414.280184,1,1,9174.123518,hold
2020-09-20,BTC,-8.099666667e-05,-5.71248222e-05,9.491214184e-05,9816.562646,10920.28,410.2351708,1,1,9174.123518,hold
2020-09-21,BTC,-3.192333333e-05,-4.452407777e-05,8.672920796e-05,9822.678921,10417.22,430.3976586,1,1,9174.123518,hold
2020-09-22,BTC,0.0001,2.773796112e-05,8.758538809e-05,9829.875671,10529.61,415.3485402,1,1,9174.123518,hold
2020-09-23,BTC,-1.263e-05,7.553980558e-06,8.111987918e-05,9834.064747,10241.46,414.2757873,1,1,9174.123518,hold
2020-09-24,BTC,3.996666667e-05,2.376032361e-05,7.846483321e-05,9843.245748,10736.32,427.8496596,1,1,9174.123518,hold
2020-09-25,BTC,-3.559e-05,-5.914838194e-06,7.110645688e-05,9851.826173,10686.67,411.8811125,1,1,9174.123518,hold
2020-09-26,BTC,0.0001,4.70425809e-05,7.297055643e-05,9860.743884,10728.6,395.051033,1,1,9174.123518,hold
2020-09-27,BTC,0.0001,7.352129045e-05,7.47143915e-05,9870.033151,10774.25,381.4173878,1,1,9174.123518,hold
2020-09-28,BTC,0.0001,8.676064523e-05,7.634572108e-05,9878.431632,10696.12,377.3161458,0,1,9174.123518,hold
2020-09-29,BTC,0.0001,9.338032261e-05,7.787180359e-05,9888.210262,10840.48,366.9128497,0,0,,exit
2020-09-30,BTC,0.0001,9.669016131e-05,7.929942917e-05,9897.238163,10776.59,353.8626462,0,0,,flat
2020-10-01,BTC,9.137333333e-05,9.403174732e-05,8.007839073e-05,9904.572624,10619.13,363.0867429,0,0,,flat
2020-10-02,BTC,2.695e-05,6.049087366e-05,7.665075261e-05,9911.336048,10570.4,357.9119755,1,0,,flat
2020-10-03,BTC,9.916333333e-05,7.98271035e-05,7.810317718e-05,9917.741564,10542.06,339.9968344,0,1,9675.620061,enter_long
2020-10-04,BTC,7.13e-06,4.347855175e-05,7.352426252e-05,9925.345573,10666.63,328.4970605,1,0,,exit
2020-10-05,BTC,-6.478666667e-05,-1.065405746e-05,6.460097677e-05,9934.145688,10792.21,318.0586991,1,1,9845.377349,enter_long
2020-10-06,BTC,-5.006666667e-06,-7.830362063e-06,6.011016106e-05,9940.900404,10599.66,314.9830777,1,1,9845.377349,hold
2020-10-07,BTC,4.02e-06,-1.905181031e-06,5.649144099e-05,9948.262379,10666.39,302.1771436,1,1,9845.377349,hold
2020-10-08,BTC,4.932333333e-05,2.370907615e-05,5.602898243e-05,9958.177744,10925.57,310.5637762,1,1,9845.377349,hold
2020-10-09,BTC,8.709333333e-05,5.540120474e-05,5.80331341e-05,9969.259256,11050.64,308.0692207,1,1,9845.377349,hold
2020-10-10,BTC,0.0001,7.770060237e-05,6.074067384e-05,9982.686403,11293.22,317.5278478,0,1,9845.377349,hold
2020-10-11,BTC,0.0001,8.885030119e-05,6.327353359e-05,9996.743423,11369.02,310.8472873,0,0,,exit
2020-10-12,BTC,0.0001,9.442515059e-05,6.564298304e-05,10012.26951,11528.25,327.787481,0,0,,flat
2020-10-13,BTC,0.0001,9.72125753e-05,6.785956478e-05,10026.54379,11420.56,322.7312324,0,0,,flat
2020-10-14,BTC,0.0001,9.860628765e-05,6.993314124e-05,10040.6437,11417.89,318.8204301,0,0,,flat
2020-10-15,BTC,0.0001,9.930314382e-05,7.187293858e-05,10055.48198,11505.12,322.2268279,0,0,,flat
2020-10-16,BTC,0.0001,9.965157191e-05,7.368758771e-05,10068.28505,11319.32,323.5784831,0,0,,flat
2020-10-17,BTC,0.0001,9.982578596e-05,7.538516269e-05,10081.37018,11360.2,310.9957343,0,0,,flat
2020-10-18,BTC,0.0001,9.991289298e-05,7.697321671e-05,10095.76798,11503.14,300.1231818,0,0,,flat
2020-10-19,BTC,0.0001,9.995644649e-05,7.845881563e-05,10112.53177,11751.47,308.4022403,0,0,,flat
2020-10-20,BTC,7.914e-05,8.954822324e-05,7.850276301e-05,10130.72766,11909.99,312.1442231,0,0,,flat
2020-10-21,BTC,6.592666667e-05,7.773744496e-05,7.769140196e-05,10157.55164,12780.96,384.90035,0,0,,flat
2020-10-22,BTC,0.0001,8.886872248e-05,7.913066635e-05,10185.99762,12968.52,393.6160393,0,0,,flat
2020-10-23,BTC,0.0001,9.443436124e-05,8.047707497e-05,10213.69111,12923.07,387.4727508,0,0,,flat
2020-10-24,BTC,0.0001,9.721718062e-05,8.173661852e-05,10243.00833,13111.73,380.9911257,0,0,,flat
2020-10-25,BTC,0.0001,9.860859031e-05,8.29149012e-05,10271.18566,13028.83,386.7774739,0,0,,flat
2020-10-26,BTC,0.0001,9.930429515e-05,8.401716564e-05,10299.30965,13052.19,392.9940829,0,0,,flat
2020-10-27,BTC,8.467e-05,9.198714758e-05,8.405928398e-05,10333.04945,13636.17,419.8816484,0,0,,flat
2020-10-28,BTC,7.908333333e-05,8.553524046e-05,8.373825491e-05,10362.7045,13266.4,459.2815307,0,0,,flat
2020-10-29,BTC,-0.0001241566667,-1.931071311e-05,7.032567932e-05,10393.96851,13455.7,478.0571356,1,0,,flat
2020-10-30,BTC,-9.883333333e-05,-5.907202322e-05,5.941219464e-05,10425.96674,13560.1,483.5516259,1,1,12260.54716,enter_long
2020-10-31,BTC,-0.00010785,-8.346101161e-05,4.86210853e-05,10459.96983,13791,498.1907955,1,1,12260.54716,hold
2020-11-01,BTC,-5.175e-05,-6.76055058e-05,4.214553141e-05,10493.32608,13761.5,483.4628815,1,1,12260.54716,hold
2020-11-02,BTC,4.441e-05,-1.15977529e-05,4.229162616e-05,10524.1974,13549.37,494.28339,1,1,12260.54716,hold
2020-11-03,BTC,-8.704e-05,-4.931887645e-05,3.394765028e-05,10559.54134,14023.53,514.7717193,1,1,12260.54716,hold
2020-11-04,BTC,-0.0001141833333,-8.175110489e-05,2.439081263e-05,10595.73974,14144.01,530.4308822,1,1,12260.54716,hold
2020-11-05,BTC,0.0001,9.124447554e-06,2.926882472e-05,10646.1679,15590.02,610.8601049,1,1,12260.54716,hold
2020-11-06,BTC,0.00022535,0.0001172372238,4.191922312e-05,10695.97757,15579.92,623.941526,0,1,12260.54716,hold
2020-11-07,BTC,0.0003291733333,0.0002232052786,6.045174636e-05,10737.58924,14818.3,680.0385598,0,0,,exit
2020-11-08,BTC,0.0001,0.0001616026393,6.30032466e-05,10785.40388,15475.1,699.044377,0,0,,flat
2020-11-09,BTC,0.0001,0.0001308013196,6.539013391e-05,10831.24889,15328.41,723.0026358,0,0,,flat
2020-11-10,BTC,0.0001,0.0001154006598,6.76230285e-05,10876.31006,15297.21,699.0410189,0,0,,flat
2020-11-11,BTC,0.0001,0.0001077003299,6.971186537e-05,10924.81489,15684.24,698.5609462,0,0,,flat
2020-11-12,BTC,0.0001,0.000103850165,7.166593857e-05,10978.95287,16291.86,712.9537357,0,0,,flat
2020-11-13,BTC,0.0001,0.0001019250825,7.349394253e-05,11032.8283,16320.7,699.7177546,0,0,,flat
2020-11-14,BTC,8.092333333e-05,9.142420791e-05,7.397325807e-05,11083.62951,16070.45,696.6657721,0,0,,flat
2020-11-15,BTC,0.0001,9.571210395e-05,7.565240271e-05,11132.76777,15957,675.8525027,0,0,,flat
2020-11-16,BTC,0.0001,9.785605198e-05,7.722321544e-05,11189.0316,16713.57,700.1487525,0,0,,flat
2020-11-17,BTC,0.0001,9.892802599e-05,7.869268541e-05,11254.25497,17659.38,744.482413,0,0,,flat
2020-11-18,BTC,0.0003339866667,0.0002164573463,9.516326485e-05,11319.9891,17776.12,781.4822407,0,0,,flat
2020-11-19,BTC,0.00029074,0.0002535986732,0.0001077811187,11385.32138,17802.82,785.9585092,0,0,,flat
2020-11-20,BTC,0.0003830466667,0.0003183226699,0.0001255401863,11458.58072,18655.67,806.6171871,0,0,,flat
2020-11-21,BTC,0.0002647933333,0.0002915580016,0.0001345242603,11531.57764,18703.8,795.9531023,0,0,,flat
2020-11-22,BTC,0.0007796166667,0.0005355873341,0.0001761431253,11600.91498,18414.43,820.4664521,0,0,,flat
2020-11-23,BTC,0.0009524966667,0.0007440420004,0.0002262304505,11669.07766,18368,816.5759913,0,0,,flat
2020-11-24,BTC,0.0006411433333,0.0006925926669,0.0002529990236,11744.52218,19160.01,858.3184205,0,0,,flat
2020-11-25,BTC,0.0006586866667,0.0006756396668,0.0002791724199,11814.75786,18719.11,867.2913904,0,0,,flat
2020-11-26,BTC,0.0002578,0.0004667198334,0.0002777935541,11868.47317,17149.47,1000.129863,0,0,,flat
2020-11-27,BTC,0.0001025766667,0.00028464825,0.0002664892388,11921.54113,17139.52,1001.516301,0,0,,flat
2020-11-28,BTC,0.0001,0.000192324125,0.0002557479976,11979.91061,17719.85,1002.474422,1,0,,flat
2020-11-29,BTC,0.0001,0.0001461620625,0.0002456997397,12042.36763,18184.99,991.0869636,1,1,15213.65394,enter_long
2020-11-30,BTC,0.0001649366667,0.0001555493646,0.0002404892188,12119.39483,19695.87,1040.164323,1,1,15213.65394,hold
2020-12-01,BTC,0.0003358733333,0.000245711349,0.0002466430327,12186.27022,18764.96,1100.644015,1,1,15213.65394,hold
2020-12-02,BTC,0.0001,0.0001728556745,0.0002371821919,12256.88368,19204.09,1094.312299,1,1,15213.65394,hold
2020-12-03,BTC,0.0001515166667,0.0001621861706,0.0002316553838,12328.97019,19421.9,1068.347135,1,1,15213.65394,hold
2020-12-04,BTC,0.00010901,0.0001355980853,0.0002237427784,12392.56363,18650.52,1060.728768,1,1,15213.65394,hold
2020-12-05,BTC,0.0001,0.0001177990426,0.0002157593733,12460.51101,19147.66,1033.31957,1,1,15213.65394,hold
2020-12-06,BTC,0.0001,0.0001088995213,0.0002082910267,12529.89723,19359.4,999.7253154,1,1,15213.65394,hold
2020-12-07,BTC,0.0001,0.0001044497607,0.0002013045088,12596.64234,19166.9,965.3185072,1,1,15213.65394,hold
2020-12-08,BTC,0.0001,0.0001022248803,0.000194768734,12654.23458,18324.11,974.5700424,1,1,15213.65394,hold
2020-12-09,BTC,0.0001,0.0001011124402,0.0001886546222,12713.42522,18541.28,975.6414679,1,1,15213.65394,hold
2020-12-10,BTC,0.0001,0.0001005562201,0.0001829349691,12769.13284,18254.63,952.1099345,1,1,15213.65394,hold
2020-12-11,BTC,0.0001,0.00010027811,0.000177584326,12822.08232,18036.53,935.5592249,1,1,15213.65394,hold
2020-12-12,BTC,4.059666667e-05,7.043738835e-05,0.0001687464125,12882.25538,18808.69,935.0164231,1,1,15213.65394,hold
2020-12-13,BTC,0.0001,8.521869418e-05,0.00016431116,12945.49902,19174.99,918.2209643,1,1,15213.65394,hold
2020-12-14,BTC,0.0001,9.260934709e-05,0.0001601620529,13009.08712,19273.14,877.562324,1,1,15213.65394,hold
2020-12-15,BTC,0.0001,9.630467354e-05,0.0001562806302,13073.57027,19426.43,852.022158,1,1,15213.65394,hold
2020-12-16,BTC,0.00022018,0.0001582423368,0.0001604031702,13156.58038,21335.52,954.1205753,1,1,15213.65394,hold
2020-12-17,BTC,0.0002865766667,0.0002224095017,0.0001685433957,13253.43257,22797.16,1069.540534,0,1,15213.65394,hold
2020-12-18,BTC,0.0004237066667,0.0003230580842,0.0001850055423,13352.41891,23107.39,1059.943353,0,0,,exit
2020-12-19,BTC,0.0003952533333,0.0003591557088,0.0001985699159,13457.57548,23821.61,1085.766685,0,0,,flat
2020-12-20,BTC,0.0005153666667,0.0004372611877,0.0002190084159,13557.98922,23455.52,1096.426208,0,0,,flat
2020-12-21,BTC,0.0003192833333,0.0003782722605,0.0002254777654,13649.99583,22719.71,1181.522193,0,0,,flat
2020-12-22,BTC,0.0001331866667,0.0002557294636,0.000219523501,13752.02621,23810.79,1203.106322,0,0,,flat
2020-12-23,BTC,0.00010508,0.0001804047318,0.0002121400493,13847.21903,23232.76,1224.313013,1,0,,flat
2020-12-24,BTC,0.0001573866667,0.0001688956992,0.000208607573,13946.43166,23729.2,1214.791369,1,1,20171.60747,enter_long
2020-12-25,BTC,0.0002114433333,0.0001901695163,0.0002087905253,14054.51034,24712.47,1224.896272,1,1,20171.60747,hold
2020-12-26,BTC,0.0001232166667,0.0001566930915,0.0002032696312,14179.37136,26493.39,1306.477252,1,1,20171.60747,hold
2020-12-27,BTC,0.0003885733333,0.0002726332124,0.0002152247087,14300.84304,26281.66,1407.58602,0,1,20171.60747,hold
2020-12-28,BTC,0.0005029133333,0.0003877732729,0.0002337852652,14429.09144,27079.41,1406.972733,0,0,,exit
2020-12-29,BTC,0.00042179,0.0004047816364,0.0002459146029,14559.1085,27385,1415.760395,0,0,,flat
2020-12-30,BTC,0.0006289833333,0.0005168824849,0.0002706287145,14702.76666,28875.54,1434.348938,0,0,,flat
2020-12-31,BTC,0.00050127,0.0005090762424,0.0002855087975,14845.45382,28923.63,1435.466871,0,0,,flat
2021-01-01,BTC,0.0002784866667,0.0003937814546,0.0002850557568,14990.79152,29331.69,1402.607094,0,0,,flat
2021-01-02,BTC,0.0004854066667,0.0004395940606,0.0002979816219,15163.21664,32178.33,1613.383016,0,0,,flat
2021-01-03,BTC,0.001312693333,0.000876143697,0.0003634468936,15342.14086,33000.05,1699.221372,0,0,,flat
2021-01-04,BTC,0.001522483333,0.001199313515,0.0004382234381,15509.11183,31988.71,1968.562703,0,0,,flat
2021-01-05,BTC,0.00066136,0.0009303367576,0.0004526193454,15694.06092,33949.53,2146.52251,0,0,,flat
2021-01-06,BTC,0.001621513333,0.001275925045,0.0005280318607,15905.41992,36769.36,2254.000188,0,0,,flat
2021-01-07,BTC,0.001143003333,0.001209464189,0.0005677074396,16141.3465,39432.28,2383.357317,0,0,,flat
2021-01-08,BTC,0.001458176667,0.001333820428,0.0006251570671,16386.42565,40582.81,2602.403223,0,0,,flat
2021-01-09,BTC,0.0009227133333,0.001128266881,0.0006443542456,16624.06971,40088.22,2606.517278,0,0,,flat
2021-01-10,BTC,0.00106408,0.00109617344,0.0006714333265,16839.88141,38150.02,2865.972473,0,0,,flat
2021-01-11,BTC,0.0007382766667,0.0009172250535,0.0006757458001,17025.9895,35404.47,3221.598725,0,0,,flat
2021-01-12,BTC,0.00046442,0.0006908225268,0.0006621118775,17196.65314,34051.24,3284.127387,0,0,,flat
2021-01-13,BTC,0.0003596266667,0.0005252245967,0.0006425967026,17398.87266,37371.38,3440.261145,1,0,,flat
2021-01-14,BTC,0.0007315366667,0.0006283806317,0.0006483347648,17616.82201,39144.5,3437.297492,1,1,28770.72714,enter_long
2021-01-15,BTC,0.00079432,0.0007113503158,0.0006577531671,17808.49577,36742.22,3573.187671,0,1,28770.72714,hold
2021-01-16,BTC,0.00037023,0.0005407901579,0.0006392032853,17990.74671,35994.98,3503.117123,1,0,,exit
2021-01-17,BTC,0.0002446166667,0.0003927034123,0.0006137460841,18169.49136,35828.61,3467.358757,1,1,27237.18719,enter_long
2021-01-18,BTC,0.0006941533333,0.0005434283728,0.0006189336486,18354.47497,36631.27,3410.392418,1,1,27237.18719,hold
2021-01-19,BTC,0.001200756667,0.0008720925197,0.0006564706175,18530.18039,35891.49,3310.074388,0,1,27237.18719,hold
2021-01-20,BTC,0.0004087566667,0.0006404245932,0.0006404890723,18699.87302,35468.23,3289.019789,1,0,,exit
2021-01-21,BTC,0.00039008,0.0005152522966,0.0006243336483,18821.59119,30850.13,3449.018375,1,1,27245.68053,enter_long
2021-01-22,BTC,0.0001,0.0003076261483,0.000590505671,18963.06806,32945.17,3558.126348,1,1,27245.68053,hold
2021-01-23,BTC,0.0001072733333,0.0002074497408,0.0005593293911,19094.43246,32078,3451.534466,1,1,27245.68053,hold
2021-01-24,BTC,0.0002191866667,0.0002133182037,0.0005373846992,19226.29432,32259.9,3360.067719,1,1,27245.68053,hold
2021-01-25,BTC,0.00034889,0.0002811041019,0.0005252237509,19356.76985,32254.2,3331.848596,1,1,27245.68053,hold
2021-01-26,BTC,0.0001116866667,0.0001963953843,0.000498543939,19488.06907,32467.77,3242.752982,1,1,27245.68053,hold
2021-01-27,BTC,0.0001,0.0001481976921,0.0004728314268,19596.99988,30366.15,3247.954198,1,1,27245.68053,hold
2021-01-28,BTC,0.0001408733333,0.0001445355127,0.0004514147756,19734.85956,33364.86,3297.520326,1,1,27245.68053,hold
2021-01-29,BTC,0.0008053066667,0.0004749210897,0.0004742465105,19880.21477,34252.2,3534.590303,0,1,27245.68053,hold
2021-01-30,BTC,0.00041612,0.0004455205449,0.0004704964131,20024.21257,34262.88,3432.690996,1,0,,exit
2021-01-31,BTC,0.0004843166667,0.0004649186058,0.0004713880423,20155.04769,33092.98,3342.571639,1,1,25681.16251,enter_long
2021-02-01,BTC,0.00039447,0.0004296943029,0.000466425588,20288.90361,33526.37,3276.75295,1,1,25681.16251,hold
2021-02-02,BTC,0.0006774866667,0.0005535904848,0.0004800424318,20440.82976,35466.24,3226.008454,0,1,25681.16251,hold
2021-02-03,BTC,0.0007779633333,0.0006657769091,0.0004992631351,20612.7728,37618.87,3159.88285,0,0,,exit
2021-02-04,BTC,0.00055095,0.0006083634545,0.0005025977715,20776.15655,36936.66,3116.056932,0,0,,flat
2021-02-05,BTC,0.0007687566667,0.0006885600606,0.0005197693132,20951.44254,38290.24,3017.775723,0,0,,flat
2021-02-06,BTC,0.0006899333333,0.000689246697,0.000530747637,21133.93807,39186.94,2997.903885,0,0,,flat
2021-02-07,BTC,0.001089576667,0.0008894116818,0.0005668011228,21310.68156,38795.69,2951.553608,0,0,,flat
2021-02-08,BTC,0.00122049,0.001054950841,0.0006089745988,21561.48795,46374.87,3369.696922,0,0,,flat
2021-02-09,BTC,0.00159619,0.00132557042,0.000672665915,21810.22642,46420.42,3356.225713,0,0,,flat
2021-02-10,BTC,0.001373533333,0.001349551877,0.0007178831678,22040.32511,44807.58,3372.423876,0,0,,flat
2021-02-11,BTC,0.001113073333,0.001231312605,0.0007433793075,22299.74375,47969.51,3466.170742,0,0,,flat
2021-02-12,BTC,0.001199783333,0.001215547969,0.0007728247285,22549.73084,47287.6,3422.929975,0,0,,flat
2021-02-13,BTC,0.001191846667,0.001203697318,0.0007998584019,22795.86397,47153.69,3317.539977,0,0,,flat
2021-02-14,BTC,0.001269073333,0.001236385326,0.000830130333,23053.76744,48577.79,3272.94855,0,0,,flat
2021-02-15,BTC,0.0007553666667,0.0009958759962,0.0008253068707,23302.40878,47911.1,3284.890082,0,0,,flat
2021-02-16,BTC,0.001216546667,0.001106211331,0.0008505481478,23560.7763,49133.45,3313.509362,0,0,,flat
2021-02-17,BTC,0.001148713333,0.001127462332,0.0008697846114,23846.41394,52119.71,3339.097265,0,0,,flat
2021-02-18,BTC,0.001374646667,0.0012510545,0.0009023563569,24123.50841,51552.6,3216.883174,0,0,,flat
2021-02-19,BTC,0.00101524,0.00113314725,0.0009096391726,24441.35454,55906,3391.234376,0,0,,flat
2021-02-20,BTC,0.001317726667,0.001225436958,0.000935967398,24755.35802,55841.19,3423.041206,0,0,,flat
2021-02-21,BTC,0.001083996667,0.001154716812,0.0009455176734,25081.87918,57408.57,3383.910406,0,0,,flat
2021-02-22,BTC,0.00095565,0.001055183406,0.0009461713719,25371.91301,54087.67,3848.378948,0,0,,flat
2021-02-23,BTC,0.00022616,0.0006406717031,0.0008997190253,25607.07286,48891,4237.139738,1,0,,flat
2021-02-24,BTC,0.0003302666667,0.0004854691849,0.0008629801635,25847.72072,49676.2,4247.794042,1,1,38298.15066,enter_long
2021-02-25,BTC,0.0002333533333,0.0003594112591,0.0008223590777,26059.93237,47073.73,4327.765182,1,1,38298.15066,hold
2021-02-26,BTC,0.0001,0.0002297056296,0.0007757552662,26262.046,46276.87,4327.019812,1,1,38298.15066,hold
2021-02-27,BTC,0.0002825733333,0.0002561394814,0.000743937077,26460.4258,46106.43,4260.37554,1,1,38298.15066,hold
2021-02-28,BTC,0.0001923533333,0.0002242464074,0.000708351029,26647.10919,45135.66,4215.953001,1,1,38298.15066,hold
2021-03-01,BTC,0.00012307,0.0001736582037,0.0006705909626,26876.41314,49587.03,4260.48993,1,1,38298.15066,hold
2021-03-02,BTC,0.0001,0.0001368291018,0.0006337786424,27091.95614,48440.65,4181.340649,1,1,38298.15066,hold
2021-03-03,BTC,0.0002169266667,0.0001768778843,0.0006068849666,27324.4126,50349.37,4206.90846,1,1,38298.15066,hold
2021-03-04,BTC,0.0001,0.0001384389421,0.0005741827107,27534.79348,48374.09,4211.692141,1,1,38298.15066,hold
2021-03-05,BTC,0.0001,0.0001192194711,0.0005435902777,27746.83644,48751.71,4135.78056,1,1,38298.15066,hold
2021-03-06,BTC,0.0001,0.0001096097355,0.0005149715501,27958.0551,48882.2,3992.51052,1,1,38298.15066,hold
2021-03-07,BTC,0.0001253533333,0.0001174815344,0.000489834891,28188.03511,50971.75,3890.747625,1,1,38298.15066,hold
2021-03-08,BTC,0.00014919,0.0001333357672,0.0004678578012,28429.73114,52375.17,3836.273509,1,1,38298.15066,hold
2021-03-09,BTC,0.0005714433333,0.0003523895503,0.0004745407388,28694.07583,54884.5,3784.08183,1,1,38298.15066,hold
2021-03-10,BTC,0.0004328166667,0.0003926031085,0.0004718488632,28965.43117,55851.59,3826.839556,1,1,38298.15066,hold
2021-03-11,BTC,0.0009355833333,0.0006640932209,0.0005017672161,29253.26331,57773.16,3830.435302,0,1,38298.15066,hold
2021-03-12,BTC,0.0007344933333,0.0006992932771,0.0005167818043,29532.69835,57221.72,3779.594924,0,0,,exit
2021-03-13,BTC,0.0005517166667,0.0006255049719,0.0005190356664,29848.95993,61188.39,3921.464572,0,0,,flat
2021-03-14,BTC,0.0009383,0.0007819024859,0.0005460849782,30139.86999,58968.31,3838.360674,0,0,,flat
2021-03-15,BTC,0.0006766533333,0.0007292779096,0.0005545087431,30394.26524,55605.2,3995.15134,0,0,,flat
2021-03-16,BTC,0.00033036,0.0005298189548,0.0005400475338,30659.051,56900.75,3971.708387,1,0,,flat
2021-03-17,BTC,0.00026392,0.0003968694774,0.0005222328542,30941.28163,58912.97,4034.517788,1,1,46971.46903,enter_long
2021-03-18,BTC,0.0003069033333,0.0003518864054,0.0005083406271,31208.04839,57648.16,3968.264375,1,1,46971.46903,hold
2021-03-19,BTC,0.00026051,0.0003061982027,0.0004923515544,31475.95438,58030.01,3913.192634,1,1,46971.46903,hold
2021-03-20,BTC,0.00047556,0.0003908791013,0.0004912682283,31741.89618,58102.28,3780.809588,1,1,46971.46903,hold
2021-03-21,BTC,0.0002791366667,0.000335007884,0.0004775823211,31997.674,57351.56,3734.965332,1,1,46971.46903,hold
2021-03-22,BTC,0.0004881933333,0.0004116006087,0.0004782669025,32218.24659,54083.25,3809.662808,1,1,46971.46903,hold
2021-03-23,BTC,0.0003102466667,0.0003609236377,0.0004674268873,32439.18121,54340.89,3739.751179,1,1,46971.46903,hold
2021-03-24,BTC,0.0003214766667,0.0003412001522,0.000458010744,32637.55662,52303.65,3865.483238,1,1,46971.46903,hold
2021-03-25,BTC,0.0001060933333,0.0002236467428,0.000435306395,32823.85922,51293.78,3793.623007,1,1,46971.46903,hold
2021-03-26,BTC,0.00012,0.0001718233714,0.0004149640469,33045.55959,55025.59,3798.282792,1,1,46971.46903,hold
2021-03-27,BTC,0.0001,0.0001359116857,0.0003946437858,33272.94227,55817.14,3723.431164,1,1,46971.46903,hold
2021-03-28,BTC,0.0001,0.0001179558428,0.0003756345093,33497.65203,55777.63,3590.893938,1,1,46971.46903,hold
2021-03-29,BTC,0.0001272366667,0.0001225962548,0.000359608842,33738.66025,57635.47,3591.959371,1,1,46971.46903,hold
2021-03-30,BTC,0.00047595,0.0002992731274,0.0003671147232,33988.34745,58746.57,3499.437273,1,1,46971.46903,hold
2021-03-31,BTC,0.00070019,0.0004997315637,0.0003886034507,34235.47317,58740.55,3465.977468,0,1,46971.46903,hold
2021-04-01,BTC,0.0008548533333,0.0006772924485,0.0004186840883,34479.92256,58720.44,3329.446934,0,0,,exit
2021-04-02,BTC,0.00093083,0.0008040612243,0.00045172576,34724.21524,58950.01,3218.16001,0,0,,flat
2021-04-03,BTC,0.0009080766667,0.0008560689455,0.000481167754,34947.11266,57051.94,3196.271438,0,0,,flat
2021-04-04,BTC,0.0004236866667,0.0006398778061,0.0004774592968,35179.25843,58202.01,3118.312764,0,0,,flat
2021-04-05,BTC,0.0004003,0.000520088903,0.0004724812776,35418.34273,59129.99,3073.735424,0,0,,flat
2021-04-06,BTC,0.00079567,0.0006578794515,0.0004933321629,35643.6649,57991.15,3002.912894,0,0,,flat
2021-04-07,BTC,0.00055006,0.0006039697258,0.0004969920234,35846.39109,55953.45,3015.70483,0,0,,flat
2021-04-08,BTC,0.0003065066667,0.0004552381962,0.0004847026455,36068.28859,58077.52,2975.53377,1,0,,flat
2021-04-09,BTC,0.0002256566667,0.0003404474314,0.0004679900017,36288.61337,58142.54,2851.631358,1,1,50638.68557,enter_long
2021-04-10,BTC,0.00093745,0.0006389487157,0.0004982777436,36522.96697,59769.13,2905.085547,0,1,50638.68557,hold
2021-04-11,BTC,0.0009738666667,0.0008064076912,0.0005289608999,36757.30289,60002.43,2802.328008,0,0,,exit
2021-04-12,BTC,0.0009816466667,0.0008940271789,0.0005581664332,36987.87156,59860,2741.405293,0,0,,flat
2021-04-13,BTC,0.0009889,0.0009414635895,0.0005859556956,37253.20747,63575,2829.349201,0,0,,flat
2021-04-14,BTC,0.00101287,0.0009771667947,0.000613498554,37509.74547,62959.53,2881.038543,0,0,,flat
2021-04-15,BTC,0.0008958033333,0.000936485064,0.0006317117655,37765.71622,63159.98,2802.392933,0,0,,flat
2021-04-16,BTC,0.001150626667,0.001043555865,0.0006651901462,38000.91178,61334.8,2853.694152,0,0,,flat
2021-04-17,BTC,0.00065495,0.0008492529327,0.0006645294916,38220.50052,60006.66,2858.797427,0,0,,flat
2021-04-18,BTC,0.00050024,0.0006747464663,0.0006539301696,38399.40861,56150.01,3338.004754,0,0,,flat
2021-04-19,BTC,0.0001,0.0003873732332,0.0006181927393,38571.36909,55633.14,3335.6637,1,0,,flat
2021-04-20,BTC,0.0001,0.0002436866166,0.0005847609497,38749.51005,56425,3364.993436,1,1,47293.98075,enter_long
2021-04-21,BTC,0.0001,0.0001718433083,0.0005534860497,38899.5541,53787.63,3354.771762,1,1,47293.98075,hold
2021-04-22,BTC,0.0001,0.0001359216541,0.0005242288852,39027.17789,51690.96,3473.82235,1,1,47293.98075,hold
2021-04-23,BTC,0.0002253933333,0.0001806574937,0.0005049491722,39147.87972,51125.14,3556.538611,1,1,47293.98075,hold
2021-04-24,BTC,0.00018144,0.0001810487469,0.0004840776127,39256.62612,50047.84,3481.720139,1,1,47293.98075,hold
2021-04-25,BTC,0.0002341933333,0.0002076210401,0.0004679560463,39354.49708,49066.77,3492.876557,1,0,,exit
2021-04-26,BTC,0.0001,0.0001538105201,0.0004442169465,39500.61805,54001.39,3643.612517,1,1,40334.56861,enter_long
2021-04-27,BTC,0.0001,0.00012690526,0.0004220094016,39655.35906,55011.97,3543.211623,1,1,40334.56861,hold
2021-04-28,BTC,0.0001,0.00011345263,0.0004012346015,39806.89896,54846.22,3476.899365,1,1,40334.56861,hold
2021-04-29,BTC,0.0001,0.000106726315,0.0003818001111,39944.04278,53555,3433.185124,1,1,40334.56861,hold
2021-04-30,BTC,0.0001,0.0001033631575,0.0003636194587,40121.10524,57694.27,3541.52833,1,1,40334.56861,hold
2021-05-01,BTC,0.0001790166667,0.0001411899121,0.0003517096012,40297.45543,57800.37,3395.842735,1,1,40334.56861,hold
2021-05-02,BTC,0.0003546233333,0.0002479066227,0.0003518975839,40459.8515,56578.21,3287.266111,1,1,40334.56861,hold
2021-05-03,BTC,0.00047936,0.0003636333114,0.0003601209656,40626.52049,57169.39,3234.34996,0,1,40334.56861,hold
2021-05-04,BTC,0.0004319033333,0.0003977683223,0.0003647520861,40751.9315,53200.01,3299.989963,0,0,,exit
2021-05-05,BTC,0.0003296433333,0.0003637058278,0.0003624870053,40918.33952,57436.11,3433.549251,0,0,,flat
2021-05-06,BTC,0.0007653633333,0.0005645345806,0.0003884790264,41072.68692,56393.68,3414.010019,0,0,,flat
2021-05-07,BTC,0.0003836733333,0.000474103957,0.0003881689817,41234.67762,57314.75,3413.60716,0,0,,flat
2021-05-08,BTC,0.0005069166667,0.0004905103118,0.0003958301227,41410.48065,58862.05,3355.492363,0,0,,flat
2021-05-09,BTC,0.00052217,0.0005063401559,0.0004039810825,41578.33096,58240.84,3334.695766,0,0,,flat
2021-05-10,BTC,0.0007414733333,0.0006239067446,0.0004257547761,41720.32236,55816.14,3532.217497,0,0,,flat
2021-05-11,BTC,0.0003868533333,0.000505380039,0.0004232450056,41869.40993,56670.02,3457.946961,0,0,,flat
2021-05-12,BTC,0.00030052,0.0004029500195,0.0004153272633,41946.81474,49631.32,3882.380036,1,0,,flat
2021-05-13,BTC,0.0001483366667,0.0002756433431,0.0003981020635,42023.84134,49670.97,3988.43789,1,1,39831.19991,enter_long
2021-05-14,BTC,0.0003010933333,0.0002883683382,0.0003918434358,42101.79816,49841.45,3895.210184,1,1,39831.19991,hold
2021-05-15,BTC,0.0001342533333,0.0002113108358,0.0003752247195,42148.27834,46762.99,3913.052314,1,1,39831.19991,hold
2021-05-16,BTC,0.00031042,0.0002608654179,0.0003710437698,42190.98857,46431.5,4060.012863,1,1,39831.19991,hold
2021-05-17,BTC,0.0004442766667,0.0003525710423,0.0003757684729,42204.42044,43538.04,4104.654801,1,1,39831.19991,hold
2021-05-18,BTC,0.0003039166667,0.0003282438545,0.0003711328725,42210.85539,42849.78,4064.984458,1,1,39831.19991,hold
2021-05-19,BTC,-0.00014628,9.098192724e-05,0.0003377513968,42155.80843,36690.09,4744.978425,0,0,,exit
2021-05-20,BTC,0.0001,9.549096362e-05,0.000322412597,42139.5645,40526.64,4949.027823,0,0,,flat
2021-05-21,BTC,5.515e-05,7.532048181e-05,0.0003051698488,42090.83323,37252.01,5217.81155,0,0,,flat
2021-05-22,BTC,-1.482666667e-05,3.024690757e-05,0.0002845249123,42044.56013,37449.73,5104.280725,0,0,,flat
2021-05-23,BTC,-4.58e-06,1.283345379e-05,0.0002658729825,41970.88811,34655.25,5251.091388,0,0,,flat
2021-05-24,BTC,-5.45e-05,-2.083327311e-05,0.0002452037578,41939.23774,38796.29,5296.656289,0,0,,flat
2021-05-25,BTC,0.0001,3.958336345e-05,0.0002358357735,41903.20213,38324.72,5159.191554,0,0,,flat
2021-05-26,BTC,0.0001,6.979168172e-05,0.0002270721752,41876.67039,39241.91,5007.860729,0,0,,flat
2021-05-27,BTC,0.0001,8.489584086e-05,0.0002188739703,41843.30623,38529.98,4884.218534,0,0,,flat
2021-05-28,BTC,0.0001,9.244792043e-05,0.0002112046819,41781.69895,35663.49,4834.905067,0,0,,flat
2021-05-29,BTC,0.00010125,9.684896022e-05,0.0002041108315,41710.15648,34605.15,4754.256134,0,0,,flat
2021-05-30,BTC,0.0001,9.842448011e-05,0.0001973940036,41649.65735,35641.27,4636.737838,0,0,,flat
2021-05-31,BTC,0.0001,9.921224005e-05,0.0001911105195,41605.83711,37253.81,4544.482278,0,0,,flat
2021-06-01,BTC,0.0001,9.960612003e-05,0.0001852324215,41556.86503,36693.09,4379.077116,0,0,,flat
2021-06-02,BTC,0.0001,9.980306001e-05,0.0001797335556,41517.11004,37568.68,4230.92875,0,0,,flat
2021-06-03,BTC,0.0001,9.990153001e-05,0.0001745894552,41494.47946,39246.79,4093.43384,0,0,,flat
2021-06-04,BTC,0.00013522,0.000117560765,0.0001720494904,41447.97474,36829,4067.75428,0,0,,flat
2021-06-05,BTC,0.0001,0.0001087803825,0.0001674011362,41388.81893,35513.2,4000.414688,0,0,,flat
2021-06-06,BTC,0.0001,0.0001043901913,0.0001630526758,41333.07568,35796.31,3804.527925,0,0,,flat
2021-06-07,BTC,0.0001,0.0001021950956,0.0001589847612,41255.52713,33552.79,3789.918787,0,0,,flat
2021-06-08,BTC,7.005e-05,8.612254781e-05,0.0001532470347,41177.0387,33380.81,3738.353874,0,0,,flat
2021-06-09,BTC,-3.413e-05,2.599627391e-05,0.0001411581937,41139.27394,37388.05,3838.326454,0,0,,flat
2021-06-10,BTC,-2.553333333e-06,1.172147029e-05,0.0001318864823,41094.78656,36675.72,3757.660279,0,0,,flat
2021-06-11,BTC,5.796e-05,3.484073514e-05,0.0001271170318,41057.284,37331.98,3613.800973,0,0,,flat
2021-06-12,BTC,4.686666667e-06,1.97637009e-05,0.0001192182986,41002.357,35546.11,3560.191618,0,0,,flat
2021-06-13,BTC,1.977666667e-05,1.977018379e-05,0.0001128027094,40982.60588,39020.57,3636.106503,0,0,,flat
2021-06-14,BTC,5.618666667e-05,3.797842523e-05,0.0001091500615,40977.9585,40516.29,3543.102467,0,0,,flat
2021-06-15,BTC,9.334e-05,6.565921261e-05,0.0001081300575,40969.64767,40144.04,3420.280862,0,0,,flat
2021-06-16,BTC,0.0001,8.282960631e-05,0.0001076055377,40943.53081,38349.01,3348.198657,0,0,,flat
2021-06-17,BTC,0.0001,9.141480315e-05,0.0001071148579,40915.12301,38092.97,3265.818753,0,0,,flat
2021-06-18,BTC,5.229e-05,7.185240158e-05,0.0001035777702,40864.3458,35819.84,3252.085271,0,0,,flat
2021-06-19,BTC,-2.390333333e-05,2.397453412e-05,9.535318292e-05,40810.72582,35483.72,3137.89918,0,0,,flat
2021-06-20,BTC,5.21e-06,1.459226706e-05,8.95374937e-05,40758.80133,35600.16,3113.886382,0,0,,flat
2021-06-21,BTC,-3.823666667e-05,-1.18221998e-05,8.129399948e-05,40667.62212,31608.93,3212.80664,0,0,,flat
2021-06-22,BTC,-4.953e-05,-3.06760999e-05,7.285374145e-05,40586.32758,32509.56,3304.304737,0,0,,flat
2021-06-23,BTC,-0.0001117366667,-7.120638328e-05,6.094468286e-05,40517.48827,33678.07,3296.711542,0,0,,flat
2021-06-24,BTC,-5.549333333e-05,-6.334985831e-05,5.343255279e-05,40459.15128,34663.09,3276.334289,0,0,,flat
2021-06-25,BTC,7.457333333e-05,5.611737512e-06,5.479647411e-05,40370.71934,31584.45,3344.096125,0,0,,flat
2021-06-26,BTC,-0.00011507,-5.472913124e-05,4.383734675e-05,40290.1369,32283.65,3289.446402,0,0,,flat
2021-06-27,BTC,-0.00034195,-0.0001983395656,1.894784051e-05,40234.43895,34700.34,3252.739516,0,0,,flat
2021-06-28,BTC,3.466e-05,-8.183978281e-05,1.996152822e-05,40177.24965,34494.89,3122.900265,0,0,,flat
2021-06-29,BTC,7.409666667e-05,-3.871558072e-06,2.345411779e-05,40134.74827,35911.73,3069.448103,0,0,,flat
2021-06-30,BTC,0.0001,4.806422096e-05,2.839256181e-05,40084.03503,35045,2998.948239,-1,0,,flat
2021-07-01,BTC,0.0001,7.403211048e-05,3.301239653e-05,40018.48062,33504.69,2952.349793,-1,-1,42542.3706,enter_short
2021-07-02,BTC,2.039e-05,4.721105524e-05,3.219804837e-05,39956.38857,33786.55,2832.756236,-1,-1,42542.3706,hold
2021-07-03,BTC,-4.962e-05,-1.20447238e-06,2.69194646e-05,39903.70949,34669.13,2746.765077,0,-1,42542.3706,hold
2021-07-04,BTC,-2.535666667e-05,-1.328056952e-05,2.354681097e-05,39857.70708,35286.51,2665.617571,0,0,,exit
2021-07-05,BTC,3.186666667e-05,9.293048572e-06,2.408357585e-05,39796.25875,33690.14,2630.089888,0,0,,flat
2021-07-06,BTC,-6.678e-05,-2.874347571e-05,1.822140967e-05,39740.70251,34220.01,2555.574896,0,0,,flat
2021-07-07,BTC,2.212666667e-05,-3.308404524e-06,1.847336173e-05,39682.13487,33862.12,2464.556689,0,0,,flat
2021-07-08,BTC,-0.0001103366667,-5.68225356e-05,1.016303732e-05,39614.3241,32875.71,2420.848354,0,0,,flat
2021-07-09,BTC,-0.00015698,-0.0001069012678,-6.203844412e-07,39556.55562,33815.81,2379.282757,0,0,,flat
2021-07-10,BTC,2.612666667e-05,-4.038730057e-05,1.105231759e-06,39496.24571,33502.87,2299.135417,0,0,,flat
2021-07-11,BTC,4.804e-05,3.826349717e-06,4.133281323e-06,39444.07014,34258.99,2232.020745,0,0,,flat
2021-07-12,BTC,7.438e-05,3.910317486e-05,8.665327689e-06,39380.73561,33086.63,2216.882834,-1,0,,flat
2021-07-13,BTC,6.684e-05,5.297158743e-05,1.241853235e-05,39314.47771,32729.77,2139.801918,-1,-1,38629.14709,enter_short
2021-07-14,BTC,-1.453333333e-06,2.575912705e-05,1.152357328e-05,39249.77973,32820.02,2098.675352,-1,-1,38629.14709,hold
2021-07-15,BTC,2.231e-05,2.403456352e-05,1.221947178e-05,39176.36263,31880,2095.359255,-1,-1,38629.14709,hold
2021-07-16,BTC,-1.450333333e-05,4.765615095e-06,1.049541983e-05,39098.73541,31383.87,2033.489309,0,-1,38629.14709,hold
2021-07-17,BTC,2.674e-05,1.575280755e-05,1.154345726e-05,39023.23916,31520.07,1944.783644,-1,0,,exit
2021-07-18,BTC,5.188666667e-05,3.381973711e-05,1.414624497e-05,38951.0708,31778.56,1900.586955,-1,-1,36382.02911,enter_short
2021-07-19,BTC,-1.852333333e-05,7.648201887e-06,1.203853024e-05,38870.26925,30839.65,1871.370744,0,-1,36382.02911,hold
2021-07-20,BTC,-0.0001573166667,-7.483423239e-05,1.112388502e-06,38779.82106,29790.35,1865.206405,0,0,,exit
2021-07-21,BTC,-0.0003144066667,-0.0001946204495,-1.924367957e-05,38713.72519,32144.51,1973.076662,0,0,,flat
2021-07-22,BTC,-4.508333333e-05,-0.0001198518914,-2.091075401e-05,38649.71606,32287.83,1895.239043,0,0,,flat
2021-07-23,BTC,-5.877e-05,-8.931094572e-05,-2.335328601e-05,38599.75533,33634.09,1883.127683,0,0,,flat
2021-07-24,BTC,-0.0001040933333,-9.670213952e-05,-2.856232132e-05,38556.5089,34258.14,1827.108563,0,0,,flat
2021-07-25,BTC,-0.0001753033333,-0.0001360027364,-3.802948339e-05,38524.87849,35381.02,1807.092237,0,0,,flat
2021-07-26,BTC,-0.0001161366667,-0.0001260697015,-4.30686565e-05,38512.0563,37237.6,2059.74422,0,0,,flat
2021-07-27,BTC,5.917333333e-05,-3.344818411e-05,-3.647239909e-05,38521.47716,39457.87,2138.306061,0,0,,flat
2021-07-28,BTC,5.987666667e-05,1.321424128e-05,-3.025633033e-05,38536.3988,40019.56,2137.569914,0,0,,flat
2021-07-29,BTC,6.589666667e-05,3.955545397e-05,-2.405291117e-05,38551.14098,40016.48,2087.743492,0,0,,flat
2021-07-30,BTC,5.874333333e-05,4.914939365e-05,-1.871121798e-05,38587.54811,42206.37,2224.581814,0,0,,flat
2021-07-31,BTC,0.0001,7.457469683e-05,-1.105242972e-05,38616.17649,41461.83,2169.10097,0,0,,flat
2021-08-01,BTC,0.0001,8.728734841e-05,-3.887756836e-06,38628.42006,39845.44,2241.093043,0,0,,flat
2021-08-02,BTC,0.0001,9.364367421e-05,2.814679089e-06,38633.59328,39147.82,2208.872826,0,0,,flat
2021-08-03,BTC,0.0001,9.68218371e-05,9.084699793e-06,38629.34496,38207.05,2203.808338,-1,0,,flat
2021-08-04,BTC,7.090666667e-05,8.386425188e-05,1.307321378e-05,38640.23933,39723.18,2222.186314,0,-1,43716.56085,enter_short
2021-08-05,BTC,0.0001,9.193212594e-05,1.868139354e-05,38662.37198,40862.46,2350.40872,0,0,,exit
2021-08-06,BTC,0.0001,9.596606297e-05,2.392775525e-05,38703.94834,42836.87,2435.277383,0,0,,flat
2021-08-07,BTC,0.0001,9.798303149e-05,2.883564201e-05,38762.39666,44572.54,2422.299713,0,0,,flat
2021-08-08,BTC,0.0001,9.899151574e-05,3.342689091e-05,38812.5122,43794.37,2395.635448,0,0,,flat
2021-08-09,BTC,0.0001,9.949575787e-05,3.77219302e-05,38886.61846,46253.4,2487.029344,0,0,,flat
2021-08-10,BTC,0.0001,9.974787894e-05,4.173987019e-05,38953.32915,45584.99,2460.137248,0,0,,flat
2021-08-11,BTC,0.0001,9.987393947e-05,4.549858824e-05,39018.63797,45511,2384.579588,0,0,,flat
2021-08-12,BTC,0.0001,9.993696973e-05,4.901480836e-05,39072.22133,44399,2389.118189,0,0,,flat
2021-08-13,BTC,0.0001,9.996848487e-05,5.230417556e-05,39159.14105,47800,2480.510461,0,0,,flat
2021-08-14,BTC,0.0001,9.998424243e-05,5.538132552e-05,39237.90956,47068.51,2458.543285,0,0,,flat
2021-08-15,BTC,0.0001,9.999212122e-05,5.825994968e-05,39314.94995,46973.82,2416.666622,0,0,,flat
2021-08-16,BTC,0.00011308,0.0001065360606,6.179672712e-05,39380.54143,45901.29,2415.035435,0,0,,flat
2021-08-17,BTC,0.0001,0.0001032680303,6.426145441e-05,39433.47563,44695.95,2441.390046,0,0,,flat
2021-08-18,BTC,0.0001,0.0001016340152,6.656716702e-05,39485.97524,44705.29,2395.342186,0,0,,flat
2021-08-19,BTC,0.0001,0.0001008170076,6.872412399e-05,39558.41954,46760.62,2446.053458,0,0,,flat
2021-08-20,BTC,0.0001192033333,0.0001100101705,7.198084717e-05,39655.65369,49322.47,2468.478211,0,0,,flat
2021-08-21,BTC,0.00015569,0.0001328500852,7.738143768e-05,39746.93364,48821.87,2401.804053,0,0,,flat
2021-08-22,BTC,0.0001160433333,0.0001244467093,7.987575353e-05,39841.45994,49239.22,2333.81805,0,0,,flat
2021-08-23,BTC,0.0002438766667,0.000184161688,9.04564576e-05,39937.53003,49488.85,2272.188189,0,0,,flat
2021-08-24,BTC,0.0002688266667,0.0002264941773,0.000101964213,40014.57039,47674.01,2271.317604,0,0,,flat
2021-08-25,BTC,0.0001318933333,0.0001791937553,0.000103895124,40103.78149,48973.32,2261.796347,0,0,,flat
2021-08-26,BTC,0.00013955,0.0001593718777,0.0001061954386,40170.89868,46843.87,2321.870893,0,0,,flat
2021-08-27,BTC,0.0001,0.0001296859388,0.0001057957329,40259.51345,49069.9,2356.160829,0,0,,flat
2021-08-28,BTC,0.0002179233333,0.0001738046361,0.0001130297716,40345.50702,48895.35,2255.872199,0,0,,flat
2021-08-29,BTC,0.0001,0.000136902318,0.0001121891412,40429.37383,48767.83,2228.290613,0,0,,flat
2021-08-30,BTC,0.0001418333333,0.0001393678257,0.0001141016697,40494.63138,46982.91,2214.527712,0,0,,flat
2021-08-31,BTC,0.0002910366667,0.0002152022462,0.0001255168308,40560.41344,47100.89,2166.78359,0,0,,flat
2021-09-01,BTC,0.0003528033333,0.0002840027898,0.0001401804761,40642.56356,48810.52,2200.870476,0,0,,flat
2021-09-02,BTC,0.0004887166667,0.0003863597282,0.000162666682,40728.23772,49246.64,2176.956157,0,0,,flat
2021-09-03,BTC,0.00035202,0.0003691898641,0.0001748830251,40820.55105,49999.14,2213.113574,0,0,,flat
2021-09-04,BTC,0.00024982,0.0003095049321,0.0001797176686,40911.11312,49915.64,2138.297604,0,0,,flat
2021-09-05,BTC,0.0001,0.000204752466,0.0001745745932,41019.10637,51756.88,2160.562061,0,0,,flat
2021-09-06,BTC,0.0001559433333,0.0001803478997,0.0001733725765,41135.05487,52663.9,2135.569771,0,0,,flat
2021-09-07,BTC,0.0001432566667,0.0001618022832,0.0001714296145,41192.09553,46863.73,2702.811216,1,0,,flat
2021-09-08,BTC,0.0001,0.0001309011416,0.0001668212523,41240.44874,46048.31,2718.965415,1,1,40111.54196,enter_long
2021-09-09,BTC,0.0001,0.0001154505708,0.0001625102038,41291.77352,46395.14,2659.531457,1,1,40111.54196,hold
2021-09-10,BTC,0.0001037166667,0.0001095836187,0.0001587170723,41327.21128,44850.91,2676.758496,1,1,40111.54196,hold
2021-09-11,BTC,0.0001,0.0001047918094,0.0001549288741,41365.5098,45173.69,2575.969317,1,1,40111.54196,hold
2021-09-12,BTC,0.0001,0.0001023959047,0.0001513850758,41411.90539,46025.24,2514.681509,1,1,40111.54196,hold
2021-09-13,BTC,0.0001,0.0001011979523,0.0001480699096,41447.04065,44940.73,2585.775687,1,1,40111.54196,hold
2021-09-14,BTC,0.0001,0.0001005989762,0.0001449686251,41503.43951,47111.52,2590.760281,1,1,40111.54196,hold
2021-09-15,BTC,0.0001,0.0001002994881,0.0001420674235,41569.33146,48121.41,2535.540261,1,1,40111.54196,hold
2021-09-16,BTC,0.0001,0.000100149744,0.0001393533962,41630.74775,47737.82,2464.137385,1,1,40111.54196,hold
2021-09-17,BTC,0.0001,0.000100074872,0.0001368144674,41687.19287,47299.98,2391.730429,1,1,40111.54196,hold
2021-09-18,BTC,0.0001,0.000100037436,0.0001344393405,41752.95991,48292.74,2350.009684,1,1,40111.54196,hold
2021-09-19,BTC,0.0001,0.000100018718,0.0001322174475,41807.6078,47241.75,2292.412564,1,1,40111.54196,hold
2021-09-20,BTC,0.0001,0.000100009359,0.0001301389025,41819.63503,43015.62,2474.900952,1,1,40111.54196,hold
2021-09-21,BTC,0.0001,0.0001000046795,0.0001281944572,41808.83006,40734.38,2586.622312,0,0,,exit
2021-09-22,BTC,0.0001,0.0001000023398,0.00012637546,41826.1017,43543.61,2647.232147,1,0,,flat
2021-09-23,BTC,7.526333333e-05,8.763283654e-05,0.0001230779034,41856.35967,44865.26,2594.494851,1,1,36928.28963,enter_long
2021-09-24,BTC,-4.138e-05,2.312641827e-05,0.0001124677161,41865.85977,42810.57,2732.388076,1,1,36928.28963,hold
2021-09-25,BTC,8.543e-05,5.427820914e-05,0.0001107233473,41873.8721,42670.64,2631.543213,1,1,36928.28963,hold
2021-09-26,BTC,3.590333333e-05,4.509077123e-05,0.0001058962496,41886.68558,43160.9,2672.14727,1,1,36928.28963,hold
2021-09-27,BTC,0.0001,7.254538562e-05,0.0001055158464,41889.2807,42147.35,2642.13675,1,1,36928.28963,hold
2021-09-28,BTC,5.207666667e-05,6.231102614e-05,0.0001020681574,41880.69147,41026.54,2589.082697,0,1,36928.28963,hold
2021-09-29,BTC,4.622e-05,5.426551307e-05,9.846505049e-05,41877.14314,41524.28,2535.299647,0,0,,exit
2021-09-30,BTC,9.745e-05,7.585775654e-05,9.839956336e-05,41896.52635,43824.1,2549.292529,1,0,,flat
2021-10-01,BTC,3.169666667e-05,5.37772116e-05,9.409615067e-05,41958.69986,48141.61,2739.483777,1,1,37446.77868,enter_long
2021-10-02,BTC,4.911333333e-05,5.144527247e-05,9.119403342e-05,42015.20949,47634.9,2608.549936,1,1,37446.77868,hold
2021-10-03,BTC,0.0001,7.572263623e-05,9.17621603e-05,42076.78218,48200.01,2575.087798,1,1,37446.77868,hold
2021-10-04,BTC,0.0001,8.786131812e-05,9.229363383e-05,42147.9452,49224.94,2580.090098,1,1,37446.77868,hold
2021-10-05,BTC,2.578e-05,5.682065906e-05,8.800243164e-05,42240.76963,51471.99,2600.362234,1,1,37446.77868,hold
2021-10-06,BTC,0.0001,7.841032953e-05,8.877646831e-05,42370.92792,55315,2798.02136,1,1,37446.77868,hold
2021-10-07,BTC,0.0002394966667,0.0001589534981,9.850035208e-05,42484.5604,53785.22,2739.256263,0,1,37446.77868,hold
2021-10-08,BTC,0.0002338366667,0.0001963950824,0.0001072317272,42598.71573,53951.43,2720.908673,0,0,,exit
2021-10-09,BTC,0.0001190566667,0.0001577258745,0.0001079946265,42721.67222,54949.72,2657.081625,0,0,,flat
2021-10-10,BTC,0.0001363533333,0.0001470396039,0.0001098242205,42840.50989,54659,2644.526508,0,0,,flat
2021-10-11,BTC,0.0001,0.000123519802,0.0001091903998,42986.16112,57471.35,2700.201758,0,0,,flat
2021-10-12,BTC,0.0001,0.000111759901,0.0001085974708,43115.68378,55996.93,2778.830204,0,0,,flat
2021-10-13,BTC,0.0001,0.0001058799505,0.0001080427953,43257.55546,57367,2838.185903,1,0,,flat
2021-10-14,BTC,0.00016693,0.0001364049752,0.0001118419698,43397.82439,57347.94,2757.92191,0,1,50275.36524,enter_long
2021-10-15,BTC,0.00018895,0.0001626774876,0.0001168166814,43579.74605,61672.42,2995.427488,0,0,,exit
2021-10-16,BTC,0.0003975433333,0.0002801104105,0.0001349280783,43751.92333,60875.57,2940.641239,0,0,,flat
2021-10-17,BTC,0.00038554,0.0003328252052,0.0001510965894,43928.88394,61528.33,2927.409008,0,0,,flat
2021-10-18,BTC,0.0002354733333,0.0002841492693,0.0001565402503,44108.87545,62009.84,2921.974793,0,0,,flat
2021-10-19,BTC,0.00011658,0.0002003646346,0.0001539621696,44309.67904,64280.59,2939.246593,0,0,,flat
2021-10-20,BTC,0.0002774566667,0.0002389106507,0.0001619295565,44525.613,66001.41,2980.62898,0,0,,flat
2021-10-21,BTC,0.0006274466667,0.0004331786587,0.0001919629185,44701.48667,62193.15,3099.13691,0,0,,flat
2021-10-22,BTC,0.00030406,0.0003686193293,0.0001991949882,44860.62788,60688.22,3144.369273,0,0,,flat
2021-10-23,BTC,0.0001947566667,0.000281687998,0.0001989086449,45024.14231,61286.75,3075.877897,0,0,,flat
2021-10-24,BTC,0.0003347833333,0.0003082356657,0.0002076747538,45181.7028,60852.22,2998.27019,0,0,,flat
2021-10-25,BTC,0.0002888866667,0.0002985611662,0.0002129142321,45359.85839,63078.78,3002.724462,0,0,,flat
2021-10-26,BTC,0.0005254166667,0.0004119889164,0.0002330756795,45508.86546,60328.81,3036.524857,0,0,,flat
2021-10-27,BTC,0.0002883366667,0.0003501627915,0.0002366409045,45637.32235,58413.44,3069.34451,0,0,,flat
2021-10-28,BTC,0.0001311866667,0.0002406747291,0.0002298374053,45786.02574,60575.89,3184.319903,0,0,,flat
2021-10-29,BTC,0.0002187,0.0002296873646,0.000229118863,45949.94979,62253.71,3157.239195,0,0,,flat
2021-10-30,BTC,0.00026212,0.0002459036823,0.0002312479686,46108.31428,61859.19,3052.168538,0,0,,flat
2021-10-31,BTC,0.0003729233333,0.0003094135078,0.0002403883147,46259.53347,61299.8,3009.8665,0,0,,flat
2021-11-01,BTC,0.0004026766667,0.0003560450872,0.000250858531,46405.37771,60911.11,3011.500321,0,0,,flat
2021-11-02,BTC,0.00032179,0.0003389175436,0.0002554347548,46572.75252,63219.99,3056.773156,0,0,,flat
2021-11-03,BTC,0.00052478,0.0004318487718,0.0002728118674,46735.24036,62896.48,3061.092216,0,0,,flat
2021-11-04,BTC,0.0004770166667,0.0004544327192,0.0002859863705,46881.16446,61395.01,3014.535629,0,0,,flat
2021-11-05,BTC,0.0002603566667,0.000357394693,0.0002843328413,47021.07763,60937.12,2933.120227,0,0,,flat
2021-11-06,BTC,0.0004538933333,0.0004056440131,0.0002952722278,47164.90793,61470.61,2831.503782,0,0,,flat
2021-11-07,BTC,0.0003031966667,0.0003544203399,0.000295783482,47325.25276,63273.59,2769.508512,0,0,,flat
2021-11-08,BTC,0.0004131633333,0.0003837918366,0.0003033563756,47526.32733,67525.83,2894.216475,0,0,,flat
2021-11-09,BTC,0.00048591,0.0004348509183,0.0003151340288,47719.64467,66947.66,2851.904584,0,0,,flat
2021-11-10,BTC,0.0005447533333,0.0004898021258,0.0003299481775,47890.48012,64882.43,3089.418543,0,0,,flat
2021-11-11,BTC,0.00018341,0.0003366060629,0.0003204941015,48058.53779,64774.26,2975.893647,0,0,,flat
2021-11-12,BTC,0.0003013933333,0.0003189996981,0.0003192617939,48218.4319,64122.23,2989.951243,1,0,,flat
2021-11-13,BTC,0.0002300533333,0.0002745265157,0.0003135064093,48379.29969,64380,2893.51044,1,1,56647.34189,enter_long
2021-11-14,BTC,0.0001234033333,0.0001989649245,0.0003012416947,48549.90394,65519.1,2827.848266,1,1,56647.34189,hold
2021-11-15,BTC,0.0002595333333,0.0002292491289,0.0002985508327,48699.77449,63606.74,2840.274818,1,1,56647.34189,hold
2021-11-16,BTC,0.00018666,0.0002079545645,0.0002913320693,48812.83862,60058.87,2997.629474,1,1,56647.34189,hold
2021-11-17,BTC,0.0001105166667,0.0001592356156,0.0002796665595,48927.62371,60344.87,2959.743798,1,1,56647.34189,hold
2021-11-18,BTC,0.0001041166667,0.0001316761411,0.0002683407599,49006.89378,56891.62,3069.886383,1,0,,exit
2021-11-19,BTC,0.0001,0.0001158380706,0.0002574800657,49096.92683,58052.24,3044.894499,1,1,49216.90404,enter_long
2021-11-20,BTC,0.0001,0.0001079190353,0.0002473200615,49202.53915,59707.51,3005.402035,1,1,49216.90404,hold
2021-11-21,BTC,0.0001,0.0001039595176,0.0002378155414,49296.29554,58622.02,2900.952604,1,1,49216.90404,hold
2021-11-22,BTC,0.0001,0.0001019797588,0.0002289242162,49365.48065,56247.18,2967.598846,1,1,49216.90404,hold
2021-11-23,BTC,0.0001096566667,0.0001058182127,0.0002212295355,49446.85749,57541.27,2947.983929,1,1,49216.90404,hold
2021-11-24,BTC,0.0001067,0.0001062591064,0.0002138405333,49523.4131,57138.29,2872.985077,1,1,49216.90404,hold
2021-11-25,BTC,0.00014404,0.0001251495532,0.000209337273,49617.34216,58960.36,2839.121857,1,1,49216.90404,hold
2021-11-26,BTC,0.0001920133333,0.0001585814433,0.0002082195995,49658.24214,53726.53,3039.898867,1,1,49216.90404,hold
2021-11-27,BTC,0.0001027466667,0.000130664055,0.0002014148942,49708.63343,54721.03,2942.048948,1,1,49216.90404,hold
2021-11-28,BTC,0.0001,0.0001153320275,0.0001948719978,49783.94209,57274.88,3031.074737,1,1,49216.90404,hold
2021-11-29,BTC,0.0001359133333,0.0001256226804,0.000191068213,49863.49121,57776.25,2971.662256,1,1,49216.90404,hold
2021-11-30,BTC,0.0001593666667,0.0001424946735,0.0001890229519,49934.03009,56950.56,2995.217809,1,1,49216.90404,hold
2021-12-01,BTC,0.0001727833333,0.0001576390034,0.0001879752346,50006.19083,57184.07,2966.669394,1,1,49216.90404,hold
2021-12-02,BTC,0.0001198366667,0.0001387378351,0.0001835791979,50070.62883,56480.34,2868.885866,1,1,49216.90404,hold
2021-12-03,BTC,0.0001629466667,0.0001508422509,0.0001822480669,50105.76744,53601.05,3086.82259,1,1,49216.90404,hold
2021-12-04,BTC,6.392666667e-05,0.0001073844588,0.0001746144282,50096.27921,49152.47,3713.392405,0,0,,exit
2021-12-05,BTC,9.091e-05,9.914722938e-05,0.0001692141425,50089.31259,49396.33,3588.995805,0,0,,flat
2021-12-06,BTC,0.0001,9.957361469e-05,0.0001647487139,50092.8221,50441.92,3603.432533,1,0,,flat
2021-12-07,BTC,7.992333333e-05,8.974847401e-05,0.0001592761087,50097.76005,50588.95,3481.515209,1,1,41433.32867,enter_long
2021-12-08,BTC,0.0001,9.487423701e-05,0.0001554518437,50101.47678,50471.19,3418.549837,1,1,41433.32867,hold
2021-12-09,BTC,0.0001,9.74371185e-05,0.0001518743054,50076.03822,47545.59,3422.779134,0,1,41433.32867,hold
2021-12-10,BTC,0.0001,9.871855925e-05,0.000148527576,50046.8215,47140.54,3412.080625,0,0,,exit
2021-12-11,BTC,0.0001,9.935927963e-05,0.0001453967646,50040.28414,49389.99,3363.697009,0,0,,flat
2021-12-12,BTC,0.0001,9.967963981e-05,0.0001424679411,50040.41965,50053.9,3276.218651,1,0,,flat
2021-12-13,BTC,0.0001,9.983981991e-05,0.0001397280739,50007.20042,46702.75,3364.861604,0,1,41863.35337,enter_long
2021-12-14,BTC,6.115e-05,8.049490995e-05,0.0001346585208,49990.63976,48343.28,3296.68649,0,0,,exit
2021-12-15,BTC,0.0001,9.024745498e-05,0.0001324224872,49979.43632,48864.98,3272.137455,0,0,,flat
2021-12-16,BTC,0.0001,9.512372749e-05,0.0001303307138,49956.07666,47632.38,3175.944065,0,0,,flat
2021-12-17,BTC,8.226e-05,8.869186374e-05,0.0001272293774,49918.00873,46131.2,3130.516632,0,0,,flat
2021-12-18,BTC,8.914e-05,8.891593187e-05,0.0001247719982,49887.3193,46834.48,3042.077587,0,0,,flat
2021-12-19,BTC,9.026666667e-05,8.959129927e-05,0.0001225458478,49855.41014,46681.23,2960.007759,0,0,,flat
2021-12-20,BTC,0.0001,9.479564963e-05,0.000121091277,49826.13691,46914.16,2889.915776,0,0,,flat
2021-12-21,BTC,9.728e-05,9.603782482e-05,0.0001195550656,49816.8187,48889.88,2876.276078,0,0,,flat
2021-12-22,BTC,0.0001,9.801891241e-05,0.0001182934484,49804.59035,48588.16,2753.27493,0,0,,flat
2021-12-23,BTC,7.912666667e-05,8.857278954e-05,0.0001157665593,49814.8835,50838.81,2803.368149,1,0,,flat
2021-12-24,BTC,0.0001,9.428639477e-05,0.0001147493619,49824.88698,50820,2704.953995,1,1,43830.39963,enter_long
2021-12-25,BTC,0.0001,9.714319738e-05,0.0001137977902,49830.60742,50399.66,2584.165139,1,1,43830.39963,hold
2021-12-26,BTC,0.0001,9.857159869e-05,0.0001129076102,49840.01138,50775.49,2533.010486,1,1,43830.39963,hold
2021-12-27,BTC,0.0001,9.928579935e-05,0.0001120748611,49848.58473,50701.44,2469.152594,1,1,43830.39963,hold
2021-12-28,BTC,0.0001,9.964289967e-05,0.0001112958378,49825.64585,47543.74,2535.001694,0,1,43830.39963,hold
2021-12-29,BTC,0.0001,9.982144984e-05,0.0001105670741,49792.19583,46464.66,2499.793716,0,0,,exit
2021-12-30,BTC,0.0001,9.991072492e-05,0.0001098853274,49765.60967,47120.87,2464.094165,0,0,,flat
2021-12-31,BTC,5.632666667e-05,7.811869579e-05,0.0001064299299,49730.2918,46216.93,2493.10601,0,0,,flat
2022-01-01,BTC,0.0001,8.90593479e-05,0.0001060150957,49710.31099,47722.65,2439.759867,0,0,,flat
2022-01-02,BTC,0.0001,9.452967395e-05,0.000105627025,49686.18517,47286.18,2360.919876,0,0,,flat
2022-01-03,BTC,0.0001,9.726483697e-05,0.0001052639912,49653.93876,46446.1,2326.139885,0,0,,flat
2022-01-04,BTC,0.0001,9.863241849e-05,0.0001049243788,49615.90172,45832.01,2306.954179,0,0,,flat
2022-01-05,BTC,0.0001,9.931620924e-05,0.000104606677,49554.5481,43451.13,2468.600309,0,0,,flat
2022-01-06,BTC,0.0001,9.965810462e-05,0.000104309472,49490.13462,43082.31,2391.230287,0,0,,flat
2022-01-07,BTC,0.0001,9.982905231e-05,0.0001040314416,49411.2764,41566.48,2401.558838,0,0,,flat
2022-01-08,BTC,0.0001,9.991452616e-05,0.0001037713485,49334.33034,41679.74,2358.518921,0,0,,flat
2022-01-09,BTC,0.0001,9.995726308e-05,0.0001035280357,49259.99019,41864.62,2303.38757,0,0,,flat
2022-01-10,BTC,8.174e-05,9.084863154e-05,0.000102122356,49185.97074,41822.49,2324.467029,0,0,,flat
2022-01-11,BTC,9.131333333e-05,9.108098244e-05,0.0001014249997,49121.71273,42729.29,2289.224384,0,0,,flat
2022-01-12,BTC,-1.63e-06,4.472549122e-05,9.477629005e-05,49069.7719,43902.66,2259.422642,0,0,,flat
2022-01-13,BTC,-1.195666667e-05,1.638441228e-05,8.789029285e-05,49004.98686,42560.11,2254.376739,0,0,,flat
2022-01-14,BTC,-5.077666667e-05,-1.71961272e-05,7.894403739e-05,48945.82125,43059.96,2216.409115,0,0,,flat
2022-01-15,BTC,4.981e-05,1.63069364e-05,7.706442208e-05,48887.48671,43084.29,2147.02275,0,0,,flat
2022-01-16,BTC,3.453333333e-05,2.542013487e-05,7.432048087e-05,48829.60713,43071.66,2057.464696,0,0,,flat
2022-01-17,BTC,6.132666667e-05,4.337340077e-05,7.348217027e-05,48763.64499,42201.62,2027.342932,0,0,,flat
2022-01-18,BTC,9.999333333e-05,7.168336705e-05,7.519256789e-05,48699.83721,42352.12,1985.461294,0,0,,flat
2022-01-19,BTC,8.324333333e-05,7.746335019e-05,7.571197211e-05,48629.77666,41660.01,1945.111916,-1,0,,flat
2022-01-20,BTC,0.0001,8.87316751e-05,7.727894165e-05,48550.66946,40680.91,2017.01035,-1,-1,46522.77979,enter_short
2022-01-21,BTC,7.583e-05,8.228083755e-05,7.718546155e-05,48430.19703,36445.31,2277.191754,-1,-1,46522.77979,hold
2022-01-22,BTC,4.357e-05,6.292541877e-05,7.501672209e-05,48297.25083,35071.42,2316.479486,0,-1,46522.77979,hold
2022-01-23,BTC,2.390333333e-05,4.341437605e-05,7.171908411e-05,48177.30287,36244.55,2286.58738,0,0,,exit
2022-01-24,BTC,4.698e-05,4.519718803e-05,7.012301417e-05,48062.68684,36660.35,2454.176138,0,0,,flat
2022-01-25,BTC,2.706e-05,3.612859401e-05,6.734475519e-05,47952.17704,36958.32,2410.602128,0,0,,flat
2022-01-26,BTC,-1.786333333e-05,9.13263034e-06,6.184745915e-05,47841.28457,36809.34,2430.226976,0,0,,flat
2022-01-27,BTC,-7.536333333e-05,-3.31153515e-05,5.299514996e-05,47734.98659,37160.1,2380.029335,0,0,,flat
2022-01-28,BTC,3.184e-05,-6.376757483e-07,5.163030158e-05,47635.28448,37716.56,2341.81224,0,0,,flat
2022-01-29,BTC,3.723333333e-06,1.542828793e-06,4.853952943e-05,47541.05587,38166.84,2278.275651,0,0,,flat
2022-01-30,BTC,8.392e-05,4.27314144e-05,5.082214044e-05,47444.92808,37881.76,2187.515248,0,0,,flat
2022-01-31,BTC,-1.363333333e-05,1.454904053e-05,4.666372277e-05,47355.58031,38466.9,2182.07773,0,0,,flat
2022-02-01,BTC,-1.381e-05,3.695202657e-07,4.276219227e-05,47269.38779,38694.59,2116.586464,0,0,,flat
2022-02-02,BTC,3.216e-05,1.626476013e-05,4.207817987e-05,47166.15755,36896.36,2127.471002,0,0,,flat
2022-02-03,BTC,-2.693666667e-05,-5.335953267e-06,3.762560912e-05,47068.08727,37311.61,2056.723073,0,0,,flat
2022-02-04,BTC,9.636666667e-06,2.1503567e-06,3.58198709e-05,47013.4139,41574.25,2248.785711,0,0,,flat
2022-02-05,BTC,9.152333333e-05,4.683684502e-05,3.941364267e-05,46957.37735,41382.59,2164.635303,-1,0,,flat
2022-02-06,BTC,0.0001,7.341842251e-05,4.332243992e-05,46911.83317,42380.87,2119.978496,-1,-1,46794.18826,enter_short
2022-02-07,BTC,-9.586666667e-06,3.191587792e-05,3.990894917e-05,46881.26305,43839.99,2172.455032,0,-1,46794.18826,hold
2022-02-08,BTC,0.0001,6.595793896e-05,4.378579116e-05,46853.01739,44042.99,2219.136815,-1,0,,exit
2022-02-09,BTC,6.387333333e-05,6.491563615e-05,4.508176162e-05,46828.33424,44372.72,2180.704185,-1,-1,49590.84204,enter_short
2022-02-10,BTC,6.067e-05,6.279281807e-05,4.608745442e-05,46795.16636,43495.44,2214.010315,-1,-1,49590.84204,hold
2022-02-11,BTC,-2.995333333e-05,1.641974237e-05,4.118159715e-05,46751.16572,42373.73,2197.401721,0,-1,49590.84204,hold
2022-02-12,BTC,0.0001,5.820987119e-05,4.497633281e-05,46706.05196,42217.87,2139.773741,-1,0,,exit
2022-02-13,BTC,7.599333333e-05,6.710160226e-05,4.697742962e-05,46659.75306,42053.66,2050.504188,-1,-1,47567.30435,enter_short
2022-02-14,BTC,6.343e-05,6.526580113e-05,4.803888578e-05,46618.71445,42535.94,1996.313889,-1,-1,47567.30435,hold
2022-02-15,BTC,2.567333333e-05,4.546956723e-05,4.659594691e-05,46598.07626,44544.86,2019.746468,0,-1,47567.30435,hold
2022-02-16,BTC,0.0001,7.273478362e-05,5.004136969e-05,46570.96299,43873.56,1964.262435,-1,0,,exit
2022-02-17,BTC,0.0001,8.636739181e-05,5.326450713e-05,46510.70356,40515.7,2116.207975,-1,-1,48784.21609,enter_short
2022-02-18,BTC,-1.432333333e-05,3.602202924e-05,4.890400129e-05,46445.6575,39974.44,2072.898834,0,-1,48784.21609,hold
2022-02-19,BTC,6.223666667e-05,4.912934795e-05,4.976417325e-05,46382.30107,40079.17,1982.355346,0,0,,exit
2022-02-20,BTC,6.956666667e-06,2.804300731e-05,4.700239863e-05,46302.73442,38386.89,1992.575678,0,0,,flat
2022-02-21,BTC,-4.903333333e-06,1.156983699e-05,4.365364173e-05,46210.23921,37008.16,2042.702416,0,0,,flat
2022-02-22,BTC,-1.988333333e-05,-4.156748173e-06,3.955448205e-05,46130.82703,38230.33,2045.2951,0,0,,flat
2022-02-23,BTC,-6.186e-05,-3.300837409e-05,3.301161224e-05,46042.44956,37250.01,2057.284022,0,0,,flat
2022-02-24,BTC,-6.26e-05,-4.780418704e-05,2.684312113e-05,45965.67144,38327.21,2304.672306,0,0,,flat
2022-02-25,BTC,5.739333333e-05,4.794573145e-06,2.881410256e-05,45898.53379,39219.17,2259.27857,0,0,,flat
2022-02-26,BTC,8.982e-05,4.730728657e-05,3.274996691e-05,45831.04481,39116.72,2224.706529,-1,0,,flat
2022-02-27,BTC,2.249666667e-05,3.490197662e-05,3.208846367e-05,45750.11985,37699.07,2269.777491,-1,-1,44678.49632,enter_short
2022-02-28,BTC,-0.0001184633333,-4.178067836e-05,2.237544451e-05,45724.34443,43160,2591.626956,0,-1,44678.49632,hold
2022-03-01,BTC,8.123e-05,1.972466082e-05,2.61725126e-05,45711.37628,44421.2,2559.297888,0,0,,exit
2022-03-02,BTC,6.497666667e-05,4.235066374e-05,2.867600642e-05,45693.28066,43892.98,2524.055896,-1,0,,flat
2022-03-03,BTC,0.0001,7.117533187e-05,3.327755439e-05,45661.04526,42454,2505.826189,-1,-1,50203.12974,enter_short
2022-03-04,BTC,0.0001,8.558766594e-05,3.75822283e-05,45596.23795,39148.66,2610.931461,-1,-1,50203.12974,hold
2022-03-05,BTC,7.218666667e-05,7.88871663e-05,3.981477271e-05,45534.55652,39397.96,2510.554214,-1,-1,50203.12974,hold
2022-03-06,BTC,1.704e-05,4.796358315e-05,3.834543253e-05,45463.76499,38420.81,2445.893199,-1,-1,50203.12974,hold
2022-03-07,BTC,-3.947333333e-05,4.245124909e-06,3.332486699e-05,45389.37096,37988,2442.084399,0,-1,50203.12974,hold
2022-03-08,BTC,7.792666667e-05,4.108589579e-05,3.620240246e-05,45323.10751,38730.63,2374.394799,-1,0,,exit
2022-03-09,BTC,8.925333333e-05,6.516961456e-05,3.962504316e-05,45289.45808,41941.71,2486.053028,-1,-1,44666.617,enter_short
2022-03-10,BTC,3.120333333e-05,4.818647395e-05,3.908170704e-05,45231.06908,39422,2558.470668,-1,-1,44666.617,hold
2022-03-11,BTC,-4.424e-05,1.973236973e-06,3.370611304e-05,45166.37061,38729.57,2519.484192,0,-1,44666.617,hold
2022-03-12,BTC,-2.346666667e-06,-1.867148466e-07,3.138012725e-05,45103.09015,38807.36,2398.534607,0,0,,exit
2022-03-13,BTC,-3.661e-05,-1.839835742e-05,2.699366743e-05,45030.18945,37777.34,2350.888564,0,0,,flat
2022-03-14,BTC,-4e-05,-2.919917871e-05,2.267149534e-05,44976.86231,39671.37,2353.833666,0,0,,flat
2022-03-15,BTC,6.421e-05,1.750541064e-05,2.535139886e-05,44920.17455,39280.33,2313.508404,0,0,,flat
2022-03-16,BTC,8.623666667e-05,5.187103866e-05,2.927948066e-05,44882.2983,41114,2354.65209,-1,0,,flat
2022-03-17,BTC,0.0001,7.593551933e-05,3.384209481e-05,44842.84757,40917.9,2256.378369,-1,-1,47000.64022,enter_short
2022-03-18,BTC,7.220666667e-05,7.4071093e-05,3.631722848e-05,44812.14462,41757.51,2251.635628,-1,-1,47000.64022,hold
2022-03-19,BTC,0.0001,8.70355465e-05,4.042579438e-05,44786.1618,42201.13,2155.140941,-1,-1,47000.64022,hold
2022-03-20,BTC,0.0001,9.351777325e-05,4.426929152e-05,44751.09317,41262.11,2100.149445,-1,-1,47000.64022,hold
2022-03-21,BTC,2.984333333e-05,6.168055329e-05,4.333858454e-05,44713.78763,41002.25,2027.015913,-1,-1,47000.64022,hold
2022-03-22,BTC,0.0001,8.084027665e-05,4.699415973e-05,44690.4057,42364.13,2059.764062,-1,-1,47000.64022,hold
2022-03-23,BTC,9.004666667e-05,8.544347166e-05,4.977174082e-05,44672.41747,42882.76,2003.673058,-1,-1,47000.64022,hold
2022-03-24,BTC,5.19e-06,4.531673583e-05,4.689549948e-05,44665.64113,43991.46,1979.155696,0,-1,47000.64022,hold
2022-03-25,BTC,5.143e-05,4.837336791e-05,4.71880479e-05,44662.13353,44313.16,1946.011718,-1,0,,exit
2022-03-26,BTC,4.209333333e-05,4.523335062e-05,4.685935664e-05,44660.63226,44511.27,1858.51231,0,-1,49178.1893,enter_short
2022-03-27,BTC,1.017666667e-05,2.770500865e-05,4.449273148e-05,44682.1977,46827.76,1909.87143,1,0,,exit
2022-03-28,BTC,0.0001,6.385250432e-05,4.807384558e-05,44706.47862,47122.21,1882.472043,0,1,42053.08142,enter_long
2022-03-29,BTC,9.864666667e-05,8.124958549e-05,5.133660823e-05,44733.62853,47434.8,1829.839754,0,0,,exit
2022-03-30,BTC,0.0001,9.062479275e-05,5.447618189e-05,44756.85807,47067.99,1788.765486,0,0,,flat
2022-03-31,BTC,0.0001,9.531239637e-05,5.741320241e-05,44764.35606,45510.34,1832.425094,0,0,,flat
2022-04-01,BTC,8.939666667e-05,9.235453152e-05,5.947665172e-05,44779.47314,46283.49,1881.544016,0,0,,flat
2022-04-02,BTC,0.0001,9.617726576e-05,6.209106129e-05,44789.73797,45811,1860.933729,0,0,,flat
2022-04-03,BTC,0.0001,9.808863288e-05,6.453679927e-05,44805.83498,46407.35,1864.66632,0,0,,flat
2022-04-04,BTC,0.0001,9.904431644e-05,6.68247477e-05,44823.49493,46580.51,1858.098011,0,0,,flat
2022-04-05,BTC,0.0001,9.952215822e-05,6.896508656e-05,44830.20251,45497.55,1857.247439,0,0,,flat
2022-04-06,BTC,9.966e-05,9.959107911e-05,7.094540356e-05,44813.68639,43170.47,1895.025479,-1,0,,flat
2022-04-07,BTC,7.473666667e-05,8.716387289e-05,7.119000118e-05,44800.05844,43444.19,1843.497945,-1,-1,47908.0337,enter_short
2022-04-08,BTC,8.102e-05,8.409193644e-05,7.182419465e-05,44774.70267,42252.01,1844.925234,-1,-1,47908.0337,hold
2022-04-09,BTC,9.759666667e-05,9.084430156e-05,7.348693478e-05,44754.59427,42753.97,1761.324861,-1,-1,47908.0337,hold
2022-04-10,BTC,6.317333333e-05,7.700881744e-05,7.282154114e-05,44728.76391,42158.85,1745.680228,-1,-1,47908.0337,hold
2022-04-11,BTC,6.747666667e-05,7.224274206e-05,7.247671053e-05,44677.03532,39530.45,1850.610926,0,-1,47908.0337,hold
2022-04-12,BTC,-7.936e-05,-3.558628972e-06,6.268079372e-05,44631.23976,40074.94,1821.593717,0,0,,exit
2022-04-13,BTC,-8.08e-06,-5.819314486e-06,5.811558122e-05,44596.5759,41147.79,1832.392023,0,0,,flat
2022-04-14,BTC,4.324666667e-05,1.871367609e-05,5.715629641e-05,44550.26196,39942.38,1840.654021,0,0,,flat
2022-04-15,BTC,-4.113666667e-05,-1.121149529e-05,5.081481492e-05,44510.47425,40551.9,1788.03302,0,0,,flat
2022-04-16,BTC,4.532333333e-05,1.705591902e-05,5.046052579e-05,44469.35909,40378.71,1711.587804,0,0,,flat
2022-04-17,BTC,6.852666667e-05,4.279129284e-05,5.162608326e-05,44421.68154,39678.12,1664.295818,0,0,,flat
2022-04-18,BTC,-8.621333333e-05,-2.171102024e-05,4.273321768e-05,44385.65351,40801.13,1729.718974,0,0,,flat
2022-04-19,BTC,3.741e-05,7.849489878e-06,4.238978428e-05,44356.87058,41493.18,1691.09619,0,0,,flat
2022-04-20,BTC,7.569e-05,4.176974494e-05,4.453818529e-05,44327.03082,41358.19,1668.803605,0,0,,flat
2022-04-21,BTC,9.7e-07,2.136987247e-05,4.172733463e-05,44288.74928,40480.01,1779.96049,0,0,,flat
2022-04-22,BTC,-4.791e-05,-1.327006377e-05,3.594428078e-05,44243.17822,39709.18,1768.39617,0,0,,flat
2022-04-23,BTC,-9.489333333e-05,-5.408169855e-05,2.750314439e-05,44195.39798,39441.6,1691.725015,0,0,,flat
2022-04-24,BTC,-0.00012401,-8.904584927e-05,1.772810281e-05,44148.17812,39450.13,1643.057514,0,0,,flat
2022-04-25,BTC,-3.176333333e-05,-6.04045913e-05,1.453510693e-05,44111.13979,40426.08,1698.267691,0,0,,flat
2022-04-26,BTC,0.0001,1.979770435e-05,2.0048971e-05,44051.44928,38112.65,1798.037856,0,0,,flat
2022-04-27,BTC,-7.235333333e-05,-2.627781449e-05,1.408753201e-05,44003.52836,39235.72,1783.421581,0,0,,flat
2022-04-28,BTC,-4.2e-06,-1.523890725e-05,1.290769124e-05,43961.12298,39742.07,1762.548611,0,0,,flat
2022-04-29,BTC,7.542666667e-05,3.009387971e-05,1.694117352e-05,43907.73626,38596.11,1761.670138,-1,0,,flat
2022-04-30,BTC,3.636666667e-06,1.686527319e-05,1.608281824e-05,43845.27511,37630.8,1722.777986,-1,-1,43000.28535,enter_short
2022-05-01,BTC,4.166e-05,2.926263659e-05,1.7732959e-05,43791.76992,38468.35,1691.766701,-1,-1,43000.28535,hold
2022-05-02,BTC,9.666666667e-05,6.296465163e-05,2.282545627e-05,43739.3625,38525.16,1650.593365,-1,-1,43000.28535,hold
2022-05-03,BTC,0.0001,8.148232582e-05,2.780445909e-05,43679.55363,37728.95,1613.673125,-1,-1,43000.28535,hold
2022-05-04,BTC,7.501333333e-05,7.824782957e-05,3.085019291e-05,43639.85409,39690,1666.537187,-1,-1,43000.28535,hold
2022-05-05,BTC,0.0001,8.912391479e-05,3.531147079e-05,43569.33347,36552.97,1852.756674,-1,-1,43000.28535,hold
2022-05-06,BTC,-4.999e-05,1.956695739e-05,2.980815009e-05,43494.14913,36013.77,1821.676197,0,-1,43000.28535,hold
2022-05-07,BTC,4.793333333e-06,1.218014536e-05,2.819429095e-05,43414.32578,35472.39,1788.792183,0,0,,exit
2022-05-08,BTC,5.780333333e-05,3.499173935e-05,3.010455175e-05,43321.02739,34038.4,1789.612027,-1,0,,flat
2022-05-09,BTC,0.0001,6.749586967e-05,3.46139355e-05,43189.23132,30076.31,1962.484025,-1,-1,38512.42007,enter_short
2022-05-10,BTC,0.0001,8.374793484e-05,3.883239128e-05,43068.10845,31017.1,2031.491595,-1,-1,38512.42007,hold
2022-05-11,BTC,3.669e-05,6.021896742e-05,3.869417249e-05,42929.1534,29103.94,2199.070052,-1,-1,38512.42007,hold
2022-05-12,BTC,-0.0002514866667,-9.563384962e-05,1.997282803e-05,42790.8429,29029.75,2295.065049,0,-1,38512.42007,hold
2022-05-13,BTC,-5.623333333e-06,-5.062859148e-05,1.832146278e-05,42656.46912,29287.05,2297.681831,0,0,,exit
2022-05-14,BTC,0.0001,2.468570426e-05,2.359104582e-05,42531.39012,30086.74,2255.938129,-1,0,,flat
2022-05-15,BTC,9.114333333e-05,5.79145188e-05,2.794925792e-05,42419.91621,31328.89,2236.228262,-1,-1,35726.58532,enter_short
2022-05-16,BTC,7.941e-05,6.86622594e-05,3.12693058e-05,42295.0744,29874.01,2236.630529,-1,-1,35726.58532,hold
2022-05-17,BTC,4.665e-05,5.76561297e-05,3.226160865e-05,42177.15604,30444.93,2172.44192,-1,-1,35726.58532,hold
2022-05-18,BTC,-3.272e-05,1.246806485e-05,2.80692468e-05,42043.20014,28715.32,2164.090354,0,-1,35726.58532,hold
2022-05-19,BTC,4.249333333e-05,2.748069909e-05,2.899983303e-05,41926.53745,30319.23,2141.926758,0,0,,exit
2022-05-20,BTC,0.0001,6.374034955e-05,3.358048896e-05,41799.90854,29201.01,2135.169846,-1,0,,flat
2022-05-21,BTC,6.7e-07,3.220517477e-05,3.145723161e-05,41676.96824,29445.06,2033.293429,-1,-1,34538.93462,enter_short
2022-05-22,BTC,3.115666667e-05,3.168092072e-05,3.143784032e-05,41563.69836,30293.94,1976.121041,-1,-1,34538.93462,hold
2022-05-23,BTC,0.0001,6.584046036e-05,3.586120546e-05,41439.7661,29109.15,1963.838109,-1,-1,34538.93462,hold
2022-05-24,BTC,-3.385333333e-05,1.599356351e-05,3.136349328e-05,41322.49456,29654.58,1907.625387,0,-1,34538.93462,hold
2022-05-25,BTC,7.893e-05,4.746178176e-05,3.443230017e-05,41205.27126,29542.15,1837.761431,-1,0,,exit
2022-05-26,BTC,6.079e-05,5.412589088e-05,3.613279693e-05,41085.82327,29201.35,1839.855615,-1,-1,34136.54358,enter_short
2022-05-27,BTC,0.0001,7.706294544e-05,4.025326165e-05,40961.87658,28629.8,1788.063071,-1,-1,34136.54358,hold
2022-05-28,BTC,9.570666667e-05,8.638480605e-05,4.383090068e-05,40843.15884,29031.33,1718.629994,-1,-1,34136.54358,hold
2022-05-29,BTC,0.0001,9.319240303e-05,4.745471354e-05,40729.96866,29468.1,1649.339995,-1,-1,34136.54358,hold
2022-05-30,BTC,0.0001,9.659620151e-05,5.084473202e-05,40640.45441,31734.22,1740.271424,-1,-1,34136.54358,hold
2022-05-31,BTC,0.0001,9.829810076e-05,5.401603963e-05,40552.49584,31801.04,1701.608465,-1,-1,34136.54358,hold
2022-06-01,BTC,0.0001,9.914905038e-05,5.698274675e-05,40445.55879,29805.83,1771.634289,-1,-1,34136.54358,hold
2022-06-02,BTC,9.733333333e-06,5.444119186e-05,5.39343975e-05,40346.12191,30452.62,1723.263982,-1,-1,34136.54358,hold
2022-06-03,BTC,7.01e-06,3.072559593e-05,5.090701702e-05,40240.18753,29700.21,1701.362269,0,-1,34136.54358,hold
2022-06-04,BTC,3.523666667e-05,3.29811313e-05,4.989602667e-05,40136.93755,29864.04,1615.827822,0,0,,exit
2022-06-05,BTC,3.979666667e-05,3.638889898e-05,4.924445506e-05,40035.264,29919.21,1547.381549,0,0,,flat
2022-06-06,BTC,8.564e-05,6.101444949e-05,5.159255473e-05,39949.06944,31373.1,1570.812152,-1,0,,flat
2022-06-07,BTC,-1.313e-05,2.394222475e-05,4.741690604e-05,39861.26713,31125.33,1627.942713,0,-1,35300.13038,enter_short
2022-06-08,BTC,0.0001,6.197111237e-05,5.080936371e-05,39765.17835,30204.77,1617.613948,-1,0,,exit
2022-06-09,BTC,9.702e-05,7.949555619e-05,5.379069509e-05,39669.10204,30109.93,1556.062951,-1,-1,34248.80487,enter_short
2022-06-10,BTC,7.597333333e-05,7.773444476e-05,5.522183304e-05,39563.8515,29091.88,1554.401312,-1,-1,34248.80487,hold
2022-06-11,BTC,2.915666667e-05,5.344555571e-05,5.35402094e-05,39453.00944,28424.7,1539.116933,0,-1,34248.80487,hold
2022-06-12,BTC,3.667333333e-05,4.505944452e-05,5.245202385e-05,39324.85994,26574.53,1570.962866,0,0,,exit
2022-06-13,BTC,6.18e-06,2.561972226e-05,4.946673199e-05,39157.3161,22487.41,1813.756233,0,0,,flat
2022-06-14,BTC,-3.711666667e-05,-5.748472203e-06,4.388070627e-05,38987.94682,22136.41,1863.979359,0,0,,flat
2022-06-15,BTC,-3.327666667e-05,-1.951256943e-05,3.890281124e-05,38824.71398,22583.72,1922.865119,0,0,,flat
2022-06-16,BTC,-1.638666667e-05,-1.794961805e-05,3.533574815e-05,38641.38907,20401.31,1982.926896,0,0,,flat
2022-06-17,BTC,-2.205333333e-05,-2.000147569e-05,3.163322676e-05,38460.56011,20468.81,1921.201404,0,0,,flat
2022-06-18,BTC,5.719333333e-05,1.859592882e-05,3.32822659e-05,38266.62432,18970.79,2010.405589,0,0,,flat
2022-06-19,BTC,2.307666667e-05,2.083629774e-05,3.262384014e-05,38090.57136,20574,2070.772333,0,0,,flat
2022-06-20,BTC,2.137666667e-05,2.110648221e-05,3.189821604e-05,37916.26921,20573.89,2026.643595,0,0,,flat
2022-06-21,BTC,5.665e-05,3.88782411e-05,3.349510533e-05,37745.19046,20723.52,1980.069052,-1,0,,flat
2022-06-22,BTC,-1.481333333e-05,1.203245388e-05,3.037843187e-05,37568.49513,19987.99,1919.313406,0,-1,25673.68263,enter_short
2022-06-23,BTC,-1.701666667e-05,-2.492106391e-06,2.732068358e-05,37404.72409,21110.13,1878.143162,0,0,,exit
2022-06-24,BTC,8.668666667e-05,4.209728014e-05,3.1150747e-05,37243.85204,21237.69,1802.682222,-1,0,,flat
2022-06-25,BTC,7.540333333e-05,5.875030674e-05,3.400575257e-05,37087.10331,21491.19,1724.482063,-1,-1,25744.38556,enter_short
2022-06-26,BTC,6.889666667e-05,6.38234867e-05,3.625677929e-05,36927.40556,21038.07,1667.25263,-1,-1,25744.38556,hold
2022-06-27,BTC,5.818333333e-05,6.100341002e-05,3.767139568e-05,36766.35646,20742.56,1621.723871,-1,-1,25744.38556,hold
2022-06-28,BTC,-1.921333333e-05,2.089503834e-05,3.400141316e-05,36602.32003,20281.29,1578.035737,0,-1,25744.38556,hold
2022-06-29,BTC,5.947333333e-05,4.018418584e-05,3.564476285e-05,36438.34094,20123.01,1506.561042,-1,0,,exit
2022-06-30,BTC,-6.904666667e-05,-1.443124041e-05,2.889047707e-05,36274.19453,19942.21,1509.883825,0,-1,23889.4026,enter_short
2022-07-01,BTC,-4.580333333e-05,-3.011728687e-05,2.407152156e-05,36105.09016,19279.8,1540.845694,0,0,,exit
2022-07-02,BTC,1.475e-05,-7.683643437e-06,2.347013308e-05,35937.39997,19252.81,1465.81243,0,0,,flat
2022-07-03,BTC,5.2e-05,2.215817828e-05,2.531076965e-05,35772.00553,19315.83,1423.013685,0,0,,flat
2022-07-04,BTC,4.89e-05,3.552908914e-05,2.683265548e-05,35617.42023,20236.71,1414.134136,-1,0,,flat
2022-07-05,BTC,5.137e-05,4.344954457e-05,2.841570997e-05,35463.7674,20175.83,1416.381698,-1,-1,23772.04534,enter_short
2022-07-06,BTC,9.457666667e-05,6.901310562e-05,3.268415879e-05,35315.51114,20564.51,1380.495148,-1,-1,23772.04534,hold
2022-07-07,BTC,8.424666667e-05,7.662988614e-05,3.60107722e-05,35179.28246,21624.98,1395.204066,-1,-1,23772.04534,hold
2022-07-08,BTC,6.737333333e-05,7.200160974e-05,3.803416324e-05,35044.10857,21594.75,1391.125919,-1,-1,23772.04534,hold
2022-07-09,BTC,8.714333333e-05,7.957247154e-05,4.120249679e-05,34910.25073,21591.83,1338.75121,-1,-1,23772.04534,hold
2022-07-10,BTC,9.987333333e-05,8.972290243e-05,4.498771205e-05,34770.46735,20862.47,1311.172552,-1,-1,23772.04534,hold
2022-07-11,BTC,6.759666667e-05,7.865978455e-05,4.644635429e-05,34623.13077,19963.61,1288.463799,-1,-1,23772.04534,hold
2022-07-12,BTC,5.701e-05,6.783489228e-05,4.712787982e-05,34470.9431,19328.75,1254.96067,-1,-1,23772.04534,hold
2022-07-13,BTC,-6.016666667e-06,3.09091128e-05,4.36991994e-05,34329.28623,20234.87,1269.297051,0,-1,23772.04534,hold
2022-07-14,BTC,4.502666667e-05,3.796788974e-05,4.378484245e-05,34192.56117,20588.84,1270.342261,0,0,,exit
2022-07-15,BTC,4.086333333e-05,3.941561153e-05,4.359635799e-05,34059.59672,20830.04,1238.011386,0,0,,flat
2022-07-16,BTC,4.950333333e-05,4.445947243e-05,4.397745317e-05,33931.59289,21195.6,1228.891287,-1,0,,flat
2022-07-17,BTC,8.915666667e-05,6.680806955e-05,4.689224114e-05,33800.90807,20798.16,1207.86548,-1,-1,24267.82822,enter_short
2022-07-18,BTC,0.0001,8.340403478e-05,5.031854816e-05,33687.78704,22432.58,1265.530803,-1,-1,24267.82822,hold
2022-07-19,BTC,0.0001,9.170201739e-05,5.352380312e-05,33585.38437,23396.62,1333.740032,-1,-1,24267.82822,hold
2022-07-20,BTC,9.372666667e-05,9.271434203e-05,5.611753625e-05,33482.27607,23223.3,1336.369315,-1,0,,exit
2022-07-21,BTC,0.0001,9.635717101e-05,5.894866295e-05,33379.4862,23152.19,1319.579364,-1,-1,26564.22329,enter_short
2022-07-22,BTC,8.390666667e-05,9.013191884e-05,6.055885673e-05,33273.06869,22684.83,1315.072981,-1,-1,26564.22329,hold
2022-07-23,BTC,6.688e-05,7.850595942e-05,6.096667243e-05,33165.38409,22451.07,1297.296339,-1,-1,26564.22329,hold
2022-07-24,BTC,7.354333333e-05,7.602464638e-05,6.177806991e-05,33060.05077,22579.68,1258.738744,-1,-1,26564.22329,hold
2022-07-25,BTC,4.519e-05,6.060732319e-05,6.070787185e-05,32943.14058,21310.9,1269.971691,0,-1,26564.22329,hold
2022-07-26,BTC,7.437666667e-05,6.749199493e-05,6.158972958e-05,32826.83422,21254.67,1225.067998,-1,0,,exit
2022-07-27,BTC,4.209e-05,5.479099746e-05,6.033168251e-05,32728.57899,22952.45,1285.427427,0,-1,24317.34,enter_short
2022-07-28,BTC,9.743e-05,7.611049873e-05,6.272512235e-05,32640.1622,23842.93,1309.153325,-1,0,,exit
2022-07-29,BTC,0.0001,8.805524937e-05,6.512995316e-05,32551.93686,23773.75,1289.115945,-1,-1,27118.13331,enter_short
2022-07-30,BTC,0.0001,9.402762468e-05,6.73796336e-05,32463.29348,23643.51,1280.304092,-1,-1,27118.13331,hold
2022-07-31,BTC,8.760333333e-05,9.081547901e-05,6.868438843e-05,32372.0476,23293.32,1257.961656,-1,-1,27118.13331,hold
2022-08-01,BTC,8.816333333e-05,8.948940617e-05,6.994109455e-05,32281.45783,23268.01,1215.227252,-1,-1,27118.13331,hold
2022-08-02,BTC,8.539333333e-05,8.744136975e-05,7.093801318e-05,32188.98117,22987.79,1185.962449,-1,-1,27118.13331,hold
2022-08-03,BTC,2.5e-06,4.497068488e-05,6.652265749e-05,32095.73892,22818.37,1170.283702,0,-1,27118.13331,hold
2022-08-04,BTC,1.007666667e-05,2.752367577e-05,6.288098066e-05,32001.48026,22622.98,1145.500581,0,0,,exit
2022-08-05,BTC,3.527e-05,3.139683789e-05,6.109962707e-05,31915.01982,23312.42,1126.958396,0,0,,flat
2022-08-06,BTC,8.492333333e-05,5.816008561e-05,6.263664038e-05,31825.85535,22954.21,1078.235654,0,0,,flat
2022-08-07,BTC,3.888e-05,4.85200428e-05,6.11039539e-05,31739.76904,23174.39,1041.031679,0,0,,flat
2022-08-08,BTC,7.596666667e-05,6.224335474e-05,6.20628386e-05,31660.86397,23810,1044.582987,-1,0,,flat
2022-08-09,BTC,9.306666667e-05,7.76550107e-05,6.406308557e-05,31576.17626,23149.95,1046.273488,-1,-1,26422.43747,enter_short
2022-08-10,BTC,2.902333333e-05,5.333917202e-05,6.180245639e-05,31500.33242,23954.05,1083.06181,0,-1,26422.43747,hold
2022-08-11,BTC,7.372333333e-05,6.353125268e-05,6.257154523e-05,31425.04767,23934.39,1081.872395,-1,0,,exit
2022-08-12,BTC,2.350666667e-05,4.351895967e-05,6.005123048e-05,31355.1817,24403.68,1066.988653,0,-1,26637.77099,enter_short
2022-08-13,BTC,2.35e-05,3.350947984e-05,5.769308658e-05,31286.38609,24441.38,1033.402321,0,0,,exit
2022-08-14,BTC,1.100666667e-05,2.225807325e-05,5.468105949e-05,31216.92039,24305.24,1024.127869,0,0,,flat
2022-08-15,BTC,-1.342666667e-05,4.415703292e-06,5.028701264e-05,31146.05213,24094.82,1053.697307,0,0,,flat
2022-08-16,BTC,2.089666667e-05,1.265618498e-05,4.839086129e-05,31073.50016,23854.74,1019.595356,0,0,,flat
2022-08-17,BTC,3.364e-05,2.314809249e-05,4.743919282e-05,30996.5747,23342.66,1037.217831,0,0,,flat
2022-08-18,BTC,8.520666667e-05,5.417737958e-05,4.987580403e-05,30918.90759,23191.2,998.0565574,-1,0,,flat
2022-08-19,BTC,1.787333333e-05,3.602535646e-05,4.78111285e-05,30818.56198,20834.39,1099.988232,0,-1,25686.59139,enter_short
2022-08-20,BTC,-3.406333333e-05,9.810115612e-07,4.252890516e-05,30722.25654,21140.07,1065.771215,0,0,,exit
2022-08-21,BTC,-2.926666667e-05,-1.414282755e-05,3.789693278e-05,30630.64619,21515.61,1041.851128,0,0,,flat
2022-08-22,BTC,-2.428666667e-05,-1.921474711e-05,3.388508766e-05,30538.79536,21399.83,1014.471048,0,0,,flat
2022-08-23,BTC,-2.176666667e-05,-2.049070689e-05,3.02946519e-05,30449.145,21529.12,998.7752587,0,0,,flat
2022-08-24,BTC,-1.794e-05,-1.921535344e-05,2.718273887e-05,30358.7843,21368.08,981.3627403,0,0,,flat
2022-08-25,BTC,2.052e-05,6.52323278e-07,2.675288475e-05,30271.22289,21559.04,947.6746874,0,0,,flat
2022-08-26,BTC,1.366333333e-05,7.157828306e-06,2.590839756e-05,30171.41818,20241.05,1007.045781,0,0,,flat
2022-08-27,BTC,-4.498e-05,-1.891108585e-05,2.133495256e-05,30070.58217,20037.6,978.1803682,0,0,,flat
2022-08-28,BTC,-4.199e-05,-3.045054292e-05,1.724947175e-05,29965.95353,19555.61,954.823199,0,0,,flat
2022-08-29,BTC,-9.957333333e-05,-6.501193813e-05,9.71251658e-06,29869.63103,20285.73,949.6808277,0,0,,flat
2022-08-30,BTC,-2.712e-05,-4.606596906e-05,7.336225188e-06,29769.54979,19811.66,955.86434,0,0,,flat
2022-08-31,BTC,2.88e-05,-8.632984532e-06,8.720984853e-06,29672.83621,20050.02,937.0211728,0,0,,flat
2022-09-01,BTC,5.095333333e-05,2.11601744e-05,1.14456525e-05,29577.89536,20131.46,915.9989462,-1,0,,flat
2022-09-02,BTC,3.948666667e-05,3.032342053e-05,1.325475019e-05,29482.11213,19951.86,899.5683072,-1,-1,22422.63737,enter_short
2022-09-03,BTC,3.452666667e-05,3.24250436e-05,1.462713189e-05,29386.08834,19831.9,864.1141424,-1,-1,22422.63737,hold
2022-09-04,BTC,2.723333333e-05,2.982918847e-05,1.544043521e-05,29292.69571,20000.3,834.2581322,-1,-1,22422.63737,hold
2022-09-05,BTC,4.089e-05,3.535959423e-05,1.708234262e-05,29198.20787,19796.84,804.9139799,-1,-1,22422.63737,hold
2022-09-06,BTC,1.190333333e-05,2.363146378e-05,1.674821299e-05,29094.64783,18790.61,856.7408385,-1,-1,22422.63737,hold
2022-09-07,BTC,-3.117333333e-05,-3.770934775e-06,1.365650032e-05,28997.11567,19292.84,863.6372072,0,-1,22422.63737,hold
2022-09-08,BTC,3.204666667e-05,1.413786595e-05,1.484296267e-05,28900.82199,19319.77,833.8238352,0,0,,exit
2022-09-09,BTC,7.104e-05,4.258893297e-05,1.846857798e-05,28825.78872,21360.11,938.9414184,-1,0,,flat
2022-09-10,BTC,9.921333333e-05,7.090113315e-05,2.367791703e-05,28754.37009,21648.34,921.8506028,-1,-1,23708.97355,enter_short
2022-09-11,BTC,7.942333333e-05,7.516223324e-05,2.72743955e-05,28685.43857,21826.87,892.4327026,-1,-1,23708.97355,hold
2022-09-12,BTC,9.415333333e-05,8.465778329e-05,3.158916569e-05,28622.85345,22395.74,896.5082239,-1,-1,23708.97355,hold
2022-09-13,BTC,9.988333333e-05,9.227055831e-05,3.599524102e-05,28538.77957,20173.57,1042.400494,-1,-1,23708.97355,hold
2022-09-14,BTC,-7.406666667e-06,4.243194582e-05,3.319511794e-05,28456.07105,20226.71,1033.933315,-1,-1,23708.97355,hold
2022-09-15,BTC,3.712333333e-05,3.977763958e-05,3.344855119e-05,28368.96324,19701.88,1019.598079,-1,-1,23708.97355,hold
2022-09-16,BTC,5.107666667e-05,4.542715312e-05,3.458584897e-05,28283.73138,19803.3,987.4832159,-1,-1,23708.97355,hold
2022-09-17,BTC,2.942333333e-05,3.742524323e-05,3.425278344e-05,28202.43543,20113.62,948.4429862,-1,-1,23708.97355,hold
2022-09-18,BTC,5.937333333e-05,4.839928828e-05,3.587346408e-05,28115.00862,19416.18,936.5284872,-1,-1,23708.97355,hold
2022-09-19,BTC,-1.702666667e-05,1.568631081e-05,3.246055242e-05,28029.65416,19537.02,973.4650238,0,-1,23708.97355,hold
2022-09-20,BTC,5.129666667e-05,3.349148874e-05,3.36757856e-05,27938.56165,18875,969.8425221,0,0,,exit
2022-09-21,BTC,3.131666667e-05,3.24040777e-05,3.352358437e-05,27844.25968,18461.36,1031.283771,0,0,,flat
2022-09-22,BTC,-3.649e-05,-2.042961149e-06,2.900657893e-05,27760.25214,19401.63,1042.890644,0,0,,flat
2022-09-23,BTC,1.737333333e-05,7.665186092e-06,2.825604696e-05,27675.96885,19289.91,1037.582741,0,0,,flat
2022-09-24,BTC,3.322666667e-05,2.044592638e-05,2.85767321e-05,27588.84845,18920.5,999.9554023,0,0,,flat
2022-09-25,BTC,2.415e-05,2.229796319e-05,2.829113648e-05,27501.46936,18807.38,967.8878735,0,0,,flat
2022-09-26,BTC,2.511e-05,2.370398159e-05,2.808590187e-05,27419.14329,19227.82,944.3415969,0,0,,flat
2022-09-27,BTC,6.927333333e-05,4.648865746e-05,3.074315551e-05,27336.15688,19079.13,988.9986257,-1,0,,flat
2022-09-28,BTC,1.800666667e-05,3.224766207e-05,2.992144655e-05,27257.31657,19412.82,1012.550152,-1,-1,21550.59656,enter_short
2022-09-29,BTC,6.669e-05,4.946883103e-05,3.229361129e-05,27181.0388,19591.51,997.5472844,-1,-1,21550.59656,hold
2022-09-30,BTC,0.0001,7.473441552e-05,3.66617654e-05,27103.83942,19422.61,999.8396212,-1,-1,21550.59656,hold
2022-10-01,BTC,6.734333333e-05,7.103887442e-05,3.86412214e-05,27026.29715,19310.95,951.6067911,-1,-1,21550.59656,hold
2022-10-02,BTC,5.154e-05,6.128943721e-05,3.947340066e-05,26946.99757,19056.8,917.6034489,-1,-1,21550.59656,hold
2022-10-03,BTC,7.437333333e-05,6.783138527e-05,4.172500922e-05,26874.18148,19629.08,906.3046311,-1,-1,21550.59656,hold
2022-10-04,BTC,0.0001,8.391569264e-05,4.548468605e-05,26809.14218,20337.82,911.8828717,-1,-1,21550.59656,hold
2022-10-05,BTC,0.0001,9.195784632e-05,4.900180308e-05,26742.96336,20158.26,892.1483809,-1,-1,21550.59656,hold
2022-10-06,BTC,0.0001,9.597892316e-05,5.229200933e-05,26675.47695,19960.67,871.5377823,-1,-1,21550.59656,hold
2022-10-07,BTC,9.171e-05,9.384446158e-05,5.48351055e-05,26604.37764,19530.09,862.7722264,-1,-1,21550.59656,hold
2022-10-08,BTC,5.114666667e-05,7.249556412e-05,5.459714171e-05,26532.87007,19417.96,829.0199245,-1,-1,21550.59656,hold
2022-10-09,BTC,2.324333333e-05,4.786944873e-05,5.257431536e-05,26462.28359,19439.02,787.0870728,0,-1,21550.59656,hold
2022-10-10,BTC,7.436666667e-05,6.11180577e-05,5.398027351e-05,26389.34322,19131.87,766.920139,-1,0,,exit
2022-10-11,BTC,0.0001,8.055902885e-05,5.694928812e-05,26316.41351,19060,741.2894148,-1,-1,21049.17035,enter_short
2022-10-12,BTC,0.0001,9.027951442e-05,5.97267534e-05,26245.16005,19155.53,707.7994566,-1,-1,21049.17035,hold
2022-10-13,BTC,7.134e-05,8.080975721e-05,6.047599512e-05,26176.80069,19375.13,751.7987811,-1,-1,21049.17035,hold
2022-10-14,BTC,7.21e-05,7.645487861e-05,6.122593092e-05,26107.14939,19176.93,761.0631539,-1,-1,21049.17035,hold
2022-10-15,BTC,4.217333333e-05,5.931410597e-05,5.999673107e-05,26037.12108,19069.39,724.7372143,0,-1,21049.17035,hold
2022-10-16,BTC,2.196666667e-05,4.064038632e-05,5.754317853e-05,25969.71588,19262.98,698.8345562,0,0,,exit
2022-10-17,BTC,3.876333333e-05,3.970185983e-05,5.633157561e-05,25905.83596,19549.86,686.4128021,0,0,,flat
2022-10-18,BTC,0.0001,6.985092991e-05,5.914889332e-05,25840.37851,19327.44,681.3590306,-1,0,,flat
2022-10-19,BTC,9.199333333e-05,8.092213162e-05,6.126788945e-05,25773.5478,19123.97,653.7040998,-1,-1,21030.83758,enter_short
2022-10-20,BTC,6.038666667e-05,7.065439914e-05,6.121103636e-05,25706.56566,19041.92,638.9980927,-1,-1,21030.83758,hold
2022-10-21,BTC,2.767e-05,4.916219957e-05,5.904709853e-05,25641.46844,19164.37,636.2125146,0,-1,21030.83758,hold
2022-10-22,BTC,3.920666667e-05,4.418443312e-05,5.776707067e-05,25577.41678,19204.35,601.0744779,0,0,,exit
2022-10-23,BTC,3.499e-05,3.958721656e-05,5.629758224e-05,25517.6448,19570.4,602.7755866,0,0,,flat
2022-10-24,BTC,7.442666667e-05,5.700694161e-05,5.746720059e-05,25456.07273,19329.72,591.4451876,0,0,,flat
2022-10-25,BTC,4.393333333e-05,5.047013747e-05,5.659404787e-05,25402.57958,20080.07,633.4041027,0,0,,flat
2022-10-26,BTC,4.676666667e-05,4.861840207e-05,5.596002327e-05,25356.49958,20771.59,657.4173811,0,0,,flat
2022-10-27,BTC,-2.956666667e-06,2.28308677e-05,5.21589465e-05,25306.13695,20295.11,658.4739967,0,0,,flat
2022-10-28,BTC,-1.053333333e-06,1.088876718e-05,4.872589619e-05,25259.22803,20591.84,665.0051398,0,0,,flat
2022-10-29,BTC,3.814666667e-05,2.451771693e-05,4.804336525e-05,25214.95335,20809.67,655.4326298,0,0,,flat
2022-10-30,BTC,1.944e-05,2.197885846e-05,4.619798685e-05,25169.30637,20627.48,638.3452991,0,0,,flat
2022-10-31,BTC,1.637333333e-05,1.91760959e-05,4.427381565e-05,25122.75299,20490.74,636.1756349,0,0,,flat
2022-11-01,BTC,3.12e-06,1.114804795e-05,4.161873077e-05,25076.59199,20483.62,617.1102324,0,0,,flat
2022-11-02,BTC,4.012e-05,2.563402397e-05,4.152203847e-05,25027.58899,20151.84,626.7423587,0,0,,flat
2022-11-03,BTC,3.353333333e-05,2.958367865e-05,4.100663813e-05,24979.63061,20207.82,607.8379045,0,0,,flat
2022-11-04,BTC,4.158666667e-05,3.558517266e-05,4.104405933e-05,24941.50973,21148.52,644.4987685,0,0,,flat
2022-11-05,BTC,6.316666667e-05,4.937591966e-05,4.247132432e-05,24905.26917,21299.37,627.0345707,-1,0,,flat
2022-11-06,BTC,7.696333333e-05,6.31696265e-05,4.469661522e-05,24865.47088,20905.58,616.4706728,-1,-1,22866.95643,enter_short
2022-11-07,BTC,9.271e-05,7.793981325e-05,4.779425295e-05,24822.93972,20591.13,621.3570533,-1,-1,22866.95643,hold
2022-11-08,BTC,5.057666667e-05,6.425823996e-05,4.797376351e-05,24760.49425,18547.23,829.4065495,-1,-1,22866.95643,hold
2022-11-09,BTC,-0.00013185,-3.379588002e-05,3.637223038e-05,24672.55626,15922.81,984.431796,0,-1,22866.95643,hold
2022-11-10,BTC,-0.00084986,-0.00044182794,-2.080404254e-05,24602.19335,17601.15,1088.739525,0,0,,exit
2022-11-11,BTC,-0.0001084366667,-0.0002751323033,-2.645776023e-05,24527.24855,17070.31,1106.215273,0,0,,flat
2022-11-12,BTC,3.138333333e-05,-0.000121874485,-2.272607677e-05,24450.48,16812.08,1062.036325,0,0,,flat
2022-11-13,BTC,-1.402666667e-05,-6.795057583e-05,-2.216482451e-05,24369.67698,16329.85,1037.982302,0,0,,flat
2022-11-14,BTC,-4.195333333e-05,-5.495195458e-05,-2.34415025e-05,24292.5597,16619.46,1062.039994,0,0,,flat
2022-11-15,BTC,-8.771333333e-05,-7.133264396e-05,-2.758807223e-05,24219.00691,16900.57,1029.534995,0,0,,flat
2022-11-16,BTC,-6.237333333e-05,-6.685298865e-05,-2.983228262e-05,24143.81971,16662.76,1001.518924,0,0,,flat
2022-11-17,BTC,-4.127e-05,-5.406149432e-05,-3.057019987e-05,24069.67717,16692.56,954.2861436,0,0,,flat
2022-11-18,BTC,1.723333333e-06,-2.616908049e-05,-2.848674612e-05,23996.3509,16700.45,919.3342762,-1,0,,flat
2022-11-19,BTC,4.094666667e-05,7.388793086e-06,-2.40071711e-05,23923.75654,16700.68,872.8732564,-1,-1,18997.76569,enter_short
2022-11-20,BTC,5.98e-06,6.684396543e-06,-2.20725149e-05,23847.7009,16280.23,851.4773095,-1,-1,18997.76569,hold
2022-11-21,BTC,2.994e-05,1.831219827e-05,-1.871686878e-05,23767.43743,15781.29,850.8717874,-1,-1,18997.76569,hold
2022-11-22,BTC,8.096666667e-06,1.320443247e-05,-1.698696326e-05,23692.40699,16226.94,839.9788026,-1,-1,18997.76569,hold
2022-11-23,BTC,6.338666667e-05,3.829554957e-05,-1.180156778e-05,23621.86614,16603.11,818.966031,-1,-1,18997.76569,hold
2022-11-24,BTC,4.568e-05,4.198777478e-05,-8.093079541e-06,23551.98581,16598.95,785.7956002,-1,-1,18997.76569,hold
2022-11-25,BTC,1.282666667e-05,2.740722073e-05,-6.743418495e-06,23482.03653,16522.14,752.7523431,-1,-1,18997.76569,hold
2022-11-26,BTC,1.642333333e-05,2.191527703e-05,-5.248789345e-06,23412.15074,16458.57,721.6264614,-1,-1,18997.76569,hold
2022-11-27,BTC,5.936666667e-06,1.392597185e-05,-4.527147022e-06,23342.66391,16428.78,684.2959999,-1,-1,18997.76569,hold
2022-11-28,BTC,9.533333333e-06,1.172965259e-05,-3.620019257e-06,23271.72053,16212.91,670.5441427,-1,-1,18997.76569,hold
2022-11-29,BTC,2.848666667e-05,2.010815963e-05,-1.548620165e-06,23203.76786,16442.53,654.6988468,-1,-1,18997.76569,hold
2022-11-30,BTC,5.651e-05,3.830907981e-05,2.197097265e-06,23143.66663,17163.64,666.5560721,-1,-1,18997.76569,hold
2022-12-01,BTC,2.009333333e-05,2.920120657e-05,3.35169314e-06,23082.30998,16977.37,652.4442098,-1,-1,18997.76569,hold
2022-12-02,BTC,2.425e-05,2.672560329e-05,4.699971002e-06,23022.71182,17092.74,628.5467662,-1,-1,18997.76569,hold
2022-12-03,BTC,6.141666667e-05,4.407113498e-05,8.359112658e-06,22961.6416,16885.2,607.2391401,-1,-1,18997.76569,hold
2022-12-04,BTC,5.730666667e-05,5.068890082e-05,1.151701937e-05,22903.37309,17105.7,587.0499158,-1,-1,18997.76569,hold
2022-12-05,BTC,1.463333333e-06,2.607611708e-05,1.086839446e-05,22844.2978,16966.35,584.9213504,-1,-1,18997.76569,hold
2022-12-06,BTC,2.876333333e-05,2.741972521e-05,1.202290665e-05,22787.03035,17088.96,557.4726825,-1,-1,18997.76569,hold
2022-12-07,BTC,2.351e-05,2.54648626e-05,1.276400944e-05,22727.82206,16836.64,550.7517766,-1,-1,18997.76569,hold
2022-12-08,BTC,1.167333333e-05,1.856909797e-05,1.269364324e-05,22673.05827,17224.1,551.8059354,-1,-1,18997.76569,hold
2022-12-09,BTC,2.794333333e-05,2.325621565e-05,1.367749422e-05,22617.88875,17128.56,533.9476543,-1,-1,18997.76569,hold
2022-12-10,BTC,-2.15e-06,1.055310783e-05,1.265636556e-05,22563.25754,17127.49,505.5028218,0,-1,18997.76569,hold
2022-12-11,BTC,8.313333333e-06,9.433220579e-06,1.237616993e-05,22508.74763,17085.05,483.6804774,0,0,,exit
2022-12-12,BTC,1.124666667e-05,1.033994362e-05,1.230329875e-05,22456.02173,17209.83,475.5633005,0,0,,flat
2022-12-13,BTC,4.991333333e-05,3.012663848e-05,1.47297526e-05,22409.4411,17774.7,507.298779,-1,0,,flat
2022-12-14,BTC,0.0001,6.506331924e-05,2.023105888e-05,22363.60705,17803.15,522.9924377,-1,-1,19044.06695,enter_short
2022-12-15,BTC,8.393333333e-05,7.449832629e-05,2.434088304e-05,22313.78317,17356.34,527.0151207,-1,-1,19044.06695,hold
2022-12-16,BTC,2.853666667e-05,5.151749648e-05,2.461157876e-05,22257.24884,16632.12,561.1147549,-1,-1,19044.06695,hold
2022-12-17,BTC,6.51e-05,5.830874824e-05,2.722373497e-05,22202.71387,16776.52,536.5329867,-1,-1,19044.06695,hold
2022-12-18,BTC,4.151666667e-05,4.991270745e-05,2.814585959e-05,22148.34035,16738.21,512.5084877,-1,-1,19044.06695,hold
2022-12-19,BTC,4.819e-05,4.905135373e-05,2.943902994e-05,22091.52944,16438.88,515.8785957,-1,-1,19044.06695,hold
2022-12-20,BTC,3e-05,3.952567686e-05,2.947522156e-05,22039.82793,16895.56,526.463696,-1,-1,19044.06695,hold
2022-12-21,BTC,6.367333333e-05,5.15995051e-05,3.168155135e-05,21987.93549,16824.67,503.2877177,-1,-1,19044.06695,hold
2022-12-22,BTC,6.094333333e-05,5.627141922e-05,3.356940825e-05,21936.52716,16821.43,489.3864522,-1,-1,19044.06695,hold
2022-12-23,BTC,9.634333333e-05,7.630737627e-05,3.76193389e-05,21885.20319,16778.5,470.4309913,-1,-1,19044.06695,hold
2022-12-24,BTC,6.99e-05,7.310368814e-05,3.97019622e-05,21834.96326,16836.12,443.4980633,-1,-1,19044.06695,hold
2022-12-25,BTC,1.812e-05,4.561184407e-05,3.830957754e-05,21785.18333,16832.11,421.6024874,-1,-1,19044.06695,hold
2022-12-26,BTC,3.753333333e-06,2.46825887e-05,3.608014243e-05,21736.76719,16919.39,402.4537383,0,-1,19044.06695,hold
2022-12-27,BTC,3.902666667e-05,3.185462768e-05,3.627024077e-05,21686.71309,16706.36,400.882757,0,0,,exit
2022-12-28,BTC,5.375666667e-05,4.280564718e-05,3.739839728e-05,21635.57445,16547.31,395.0954172,-1,0,,flat
2022-12-29,BTC,9.505666667e-05,6.893115692e-05,4.111828563e-05,21585.80199,16633.47,379.4100303,-1,-1,17535.05854,enter_short
2022-12-30,BTC,9.044e-05,7.968557846e-05,4.430033171e-05,21536.26616,16607.48,376.9057424,-1,-1,17535.05854,hold
2022-12-31,BTC,0.0001,8.984278923e-05,4.78938587e-05,21486.57567,16542.4,362.4189036,-1,-1,17535.05854,hold
2023-01-01,BTC,6.897e-05,7.940639462e-05,4.925360975e-05,21438.11943,16616.75,345.7454105,-1,-1,17535.05854,hold
2023-01-02,BTC,-1.058e-05,3.441319731e-05,4.539337686e-05,21390.70375,16672.87,338.9443098,0,-1,17535.05854,hold
2023-01-03,BTC,7.433e-05,5.437159865e-05,4.726025578e-05,21343.78286,16675.18,327.0997162,-1,0,,exit
2023-01-04,BTC,4.936e-05,5.186579933e-05,4.739572315e-05,21299.07194,16850.36,327.9647365,-1,-1,17493.39929,enter_short
2023-01-05,BTC,5.705666667e-05,5.4461233e-05,4.801900982e-05,21254.62174,16831.85,313.5972553,-1,-1,17493.39929,hold
2023-01-06,BTC,6.945333333e-05,6.195728317e-05,4.940186941e-05,21211.79592,16950.65,317.0545942,-1,-1,17493.39929,hold
2023-01-07,BTC,4.393e-05,5.294364158e-05,4.904884557e-05,21169.32579,16943.57,299.6871232,-1,-1,17493.39929,hold
2023-01-08,BTC,7.703e-05,6.498682079e-05,5.085408134e-05,21129.11169,17127.83,297.2801858,-1,-1,17493.39929,hold
2023-01-09,BTC,2.011666667e-05,4.255174373e-05,4.887102233e-05,21089.79953,17178.26,297.0558868,0,-1,17493.39929,hold
2023-01-10,BTC,5.077e-05,4.666087186e-05,4.899353702e-05,21053.4895,17440.66,301.0276092,0,0,,exit
2023-01-11,BTC,1.675666667e-05,3.170876927e-05,4.691373893e-05,21022.54179,17943.26,328.4113514,0,0,,flat
2023-01-12,BTC,9.183e-05,6.176938463e-05,4.981156223e-05,21000.89072,18846.62,392.4526834,-1,0,,flat
2023-01-13,BTC,9.053333333e-05,7.615135898e-05,5.243877327e-05,20990.23514,19930.01,456.2689203,-1,0,,exit
2023-01-14,BTC,0.00021531,0.0001457306795,6.294659435e-05,20989.88374,20954.92,521.5318546,-1,0,,exit
2023-01-15,BTC,0.00015346,0.0001495953397,6.87861689e-05,20988.70579,20871.5,519.9745793,-1,-1,22256.58964,enter_short
2023-01-16,BTC,0.0001,0.0001247976699,7.079996446e-05,20990.66544,21185.65,544.4456808,0,-1,22256.58964,hold
2023-01-17,BTC,0.0001,0.0001123988349,7.268383772e-05,20992.09972,21134.81,563.1381321,0,0,,exit
2023-01-18,BTC,0.0001,0.0001061994175,7.444617077e-05,20988.96906,20677.47,611.6889798,-1,0,,flat
2023-01-19,BTC,0.0001,0.0001030997087,7.609480491e-05,20989.79116,21071.59,606.054767,0,-1,22206.69245,enter_short
2023-01-20,BTC,0.0001,0.0001015498544,7.763707556e-05,21006.48198,22667.21,698.0972836,0,0,,exit
2023-01-21,BTC,0.0001,0.0001007749272,7.907984488e-05,21024.16433,22783.55,716.0760491,0,0,,flat
2023-01-22,BTC,0.0001,0.0001003874636,8.042953231e-05,21040.91779,22707.88,721.0949027,0,0,,flat
2023-01-23,BTC,0.0001,0.0001001937318,8.169214313e-05,21059.57989,22916.45,718.1595525,0,0,,flat
2023-01-24,BTC,0.0001,0.0001000968659,8.287329518e-05,21075.23478,22632.89,716.8102988,0,0,,flat
2023-01-25,BTC,0.0001,0.0001000484329,8.397824388e-05,21094.99313,23060.94,773.9474203,0,0,,flat
2023-01-26,BTC,0.0001,0.0001000242165,8.501190557e-05,21114.04452,23009.65,749.5554617,0,0,,flat
2023-01-27,BTC,9.847e-05,9.924710824e-05,8.588016972e-05,21133.54824,23074.16,764.9529287,0,0,,flat
2023-01-28,BTC,0.0001,9.962355412e-05,8.679112652e-05,21152.34486,23022.6,732.4948624,0,0,,flat
2023-01-29,BTC,0.0001,9.981177706e-05,8.76433119e-05,21178.11567,23742.3,751.0866579,0,0,,flat
2023-01-30,BTC,0.0001,9.990588853e-05,8.844051759e-05,21194.51408,22826.15,790.3311824,0,0,,flat
2023-01-31,BTC,0.0001,9.995294426e-05,8.918629065e-05,21213.72427,23125.13,777.1096693,0,0,,flat
2023-02-01,BTC,0.0001,9.997647213e-05,8.988394931e-05,21238.78841,23732.66,796.7754072,0,0,,flat
2023-02-02,BTC,0.0001,9.998823607e-05,9.053659774e-05,21261.17807,23488.94,803.5578782,0,0,,flat
2023-02-03,BTC,0.0001,9.999411803e-05,9.114713983e-05,21282.77738,23431.9,782.6666011,0,0,,flat
2023-02-04,BTC,0.0001,9.999705902e-05,9.171829209e-05,21303.11639,23326.84,750.6061296,0,0,,flat
2023-02-05,BTC,0.0001,9.999852951e-05,9.225259583e-05,21319.33331,22932.91,746.3006918,0,0,,flat
2023-02-06,BTC,0.0001,9.999926475e-05,9.275242836e-05,21333.69343,22762.52,730.8592138,0,0,,flat
2023-02-07,BTC,0.0001,9.999963238e-05,9.322001362e-05,21352.6663,23240.46,721.8314128,0,0,,flat
2023-02-08,BTC,0.0001,9.999981619e-05,9.36574321e-05,21368.68959,22963,726.4255976,0,0,,flat
2023-02-09,BTC,0.0001,9.999990809e-05,9.406663003e-05,21372.94493,21796.35,769.0659121,0,0,,flat
2023-02-10,BTC,0.0001,9.999995405e-05,9.444942809e-05,21375.45484,21625.19,748.9297755,0,0,,flat
2023-02-11,BTC,6.165666667e-05,8.082831036e-05,9.233376606e-05,21380.30158,21862.55,717.3305058,1,0,,flat
2023-02-12,BTC,5.871e-05,6.976915518e-05,9.016449083e-05,21384.31391,21783.54,698.9497554,1,1,20068.69374,enter_long
2023-02-13,BTC,6.132333333e-05,6.554624426e-05,8.8303771e-05,21388.1911,21773.97,687.8762015,1,1,20068.69374,hold
2023-02-14,BTC,9.629e-05,8.091812213e-05,8.881901158e-05,21396.26724,22199.84,694.9071871,1,1,20068.69374,hold
2023-02-15,BTC,4.692666667e-05,6.39223944e-05,8.611627965e-05,21425.39951,24324.05,811.8938166,1,1,20068.69374,hold
2023-02-16,BTC,0.0001439033333,0.0001039128639,8.984447666e-05,21446.21869,23517.72,878.5264011,0,1,20068.69374,hold
2023-02-17,BTC,0.0001,0.0001019564319,9.049967171e-05,21477.3009,24569.97,935.898801,0,0,,exit
2023-02-18,BTC,0.0001,0.000100978216,9.111259612e-05,21508.69055,24631.95,900.9774581,0,0,,flat
2023-02-19,BTC,0.0001,0.000100489108,9.168597701e-05,21536.18388,24271.76,908.0097825,0,0,,flat
2023-02-20,BTC,0.0001,0.000100244554,9.222236559e-05,21569.07967,24842.2,934.6090838,0,0,,flat
2023-02-21,BTC,0.0001,0.000100122277,9.272414846e-05,21597.76713,24452.16,946.5412921,0,0,,flat
2023-02-22,BTC,0.0001,0.0001000611385,9.319355824e-05,21623.48307,24182.21,943.3140569,0,0,,flat
2023-02-23,BTC,5.712333333e-05,7.859223592e-05,9.086644695e-05,21646.53505,23940.2,946.7623386,1,0,,flat
2023-02-24,BTC,5.122333333e-05,6.490778462e-05,8.830882672e-05,21661.8461,23185.29,971.3621715,1,1,21573.29415,enter_long
2023-02-25,BTC,5.816666667e-06,3.536222565e-05,8.298675188e-05,21676.72399,23157.07,937.488445,1,1,21573.29415,hold
2023-02-26,BTC,5.571e-05,4.553611282e-05,8.122696143e-05,21695.41187,23554.85,915.5828418,1,1,21573.29415,hold
2023-02-27,BTC,5.388666667e-05,4.971138974e-05,7.946307145e-05,21713.28932,23492.09,906.6997816,1,1,21573.29415,hold
2023-02-28,BTC,3.783e-05,4.377069487e-05,7.677706684e-05,21727.50112,23141.57,883.2947972,1,1,21573.29415,hold
2023-03-01,BTC,6.728333333e-05,5.55270141e-05,7.61645679e-05,21746.42126,23628.97,890.2001689,1,1,21573.29415,hold
2023-03-02,BTC,8.57e-05,7.061350705e-05,7.677975707e-05,21763.52478,23465.32,869.5451568,1,1,21573.29415,hold
2023-03-03,BTC,1.857e-05,4.459175353e-05,7.302428887e-05,21769.40356,22354.34,914.9933599,1,1,21573.29415,hold
2023-03-04,BTC,2.148666667e-05,3.30392101e-05,6.969928099e-05,21775.14653,22346.57,867.7024056,1,1,21573.29415,hold
2023-03-05,BTC,2.041333333e-05,2.672627171e-05,6.651954243e-05,21781.66489,22430.24,839.5000909,1,1,21573.29415,hold
2023-03-06,BTC,4.976e-05,3.824313586e-05,6.543828163e-05,21787.917,22410,804.1207987,1,1,21573.29415,hold
2023-03-07,BTC,2.726333333e-05,3.27532346e-05,6.297538174e-05,21791.99704,22197.96,791.7485988,1,1,21573.29415,hold
2023-03-08,BTC,5.577666667e-05,4.426495063e-05,6.251094851e-05,21791.13577,21705.44,785.6951275,0,1,21573.29415,hold
2023-03-09,BTC,0.0001,7.213247532e-05,6.492959699e-05,21776.91767,20362.22,857.5933326,-1,0,,exit
2023-03-10,BTC,-3.338666667e-05,1.937290432e-05,5.858661224e-05,21760.73625,20150.69,854.8145232,0,-1,22506.19333,enter_short
2023-03-11,BTC,-7.576666667e-06,5.898118829e-06,5.43180136e-05,21747.75108,20455.73,859.5763429,0,0,,exit
2023-03-12,BTC,1.798666667e-05,1.194239275e-05,5.197405573e-05,21750.23227,21997.11,932.4208899,1,0,,flat
2023-03-13,BTC,8.670333333e-05,4.932286304e-05,5.421465429e-05,21773.74724,24113.48,1057.685112,1,1,19666.99778,enter_long
2023-03-14,BTC,0.0001828433333,0.0001160830982,6.251327874e-05,21802.56983,24670.41,1154.311175,0,1,19666.99778,hold
2023-03-15,BTC,0.00018751,0.0001517965491,7.057758334e-05,21827.27726,24285.66,1164.718949,0,0,,exit
2023-03-16,BTC,0.0001,0.0001258982745,7.247580377e-05,21858.83458,24998.78,1156.124738,0,0,,flat
2023-03-17,BTC,7.770333333e-05,0.0001018008039,7.281306374e-05,21913.92225,27395.13,1278.318685,0,0,,flat
2023-03-18,BTC,0.0001,0.000100900402,7.456705963e-05,21963.60962,26907.49,1268.928065,0,0,,flat
2023-03-19,BTC,0.0001,0.000100450201,7.620789449e-05,22023.40341,27972.87,1289.924632,0,0,,flat
2023-03-20,BTC,9.693666667e-05,9.869343383e-05,7.754523463e-05,22080.05635,27717.01,1294.039301,0,0,,flat
2023-03-21,BTC,3.221333333e-05,6.545338358e-05,7.462059584e-05,22140.01087,28105.47,1282.711494,1,0,,flat
2023-03-22,BTC,1.869333333e-05,4.207335846e-05,7.101238535e-05,22190.86631,27250.97,1352.964244,1,1,24901.03127,enter_long
2023-03-23,BTC,3.052666667e-05,3.630001256e-05,6.84004035e-05,22251.60819,28295.41,1373.823941,1,1,24901.03127,hold
2023-03-24,BTC,0.0001,6.815000628e-05,7.043908715e-05,22303.37808,27454.47,1373.857945,1,1,24901.03127,hold
2023-03-25,BTC,1.356666667e-06,3.475333647e-05,6.598215679e-05,22354.71723,27462.95,1320.813806,1,1,24901.03127,hold
2023-03-26,BTC,1.23e-06,1.799166824e-05,6.180459829e-05,22410.57142,27968.05,1281.944249,1,1,24901.03127,hold
2023-03-27,BTC,1.639333333e-05,1.719250079e-05,5.887483926e-05,22457.48038,27124.91,1298.642517,1,1,24901.03127,hold
2023-03-28,BTC,2.408666667e-05,2.063958373e-05,5.663044103e-05,22505.2774,27261.07,1269.326623,1,1,24901.03127,hold
2023-03-29,BTC,7.724333333e-05,4.894145853e-05,5.796030505e-05,22563.42005,28348.6,1279.367578,1,1,24901.03127,hold
2023-03-30,BTC,4.582666667e-05,4.73840626e-05,5.717748967e-05,22617.79938,28028.53,1295.032751,1,1,24901.03127,hold
2023-03-31,BTC,4.548666667e-05,4.643536463e-05,5.642324302e-05,22675.98419,28465.36,1284.314697,1,1,24901.03127,hold
2023-04-01,BTC,9.613333333e-05,7.128434898e-05,5.898518434e-05,22733.46438,28452.73,1235.395076,0,1,24901.03127,hold
2023-04-02,BTC,5.311333333e-05,6.219884116e-05,5.860635524e-05,22787.57799,28171.87,1195.264714,0,0,,exit
2023-04-03,BTC,2.069e-05,4.144442058e-05,5.616013877e-05,22837.45295,27800,1202.799377,1,0,,flat
2023-04-04,BTC,-2.880666667e-05,6.318876956e-06,5.067840939e-05,22890.46816,28165.47,1172.717279,1,1,24793.00156,enter_long
2023-04-05,BTC,5.514e-05,3.072943848e-05,5.096625394e-05,22943.00103,28170.01,1158.23033,1,1,24793.00156,hold
2023-04-06,BTC,6.883333333e-06,1.880638591e-05,4.812219455e-05,22993.65605,28033.82,1109.146021,1,1,24793.00156,hold
2023-04-07,BTC,1.953333333e-06,1.037985962e-05,4.514355834e-05,23042.53848,27906.33,1053.711305,1,1,24793.00156,hold
2023-04-08,BTC,1.308666667e-05,1.173326314e-05,4.307537178e-05,23091.25343,27938.38,999.5869261,1,1,24793.00156,hold
2023-04-09,BTC,-2.69e-06,4.521631572e-06,4.012276715e-05,23143.31828,28323.76,980.3307171,1,1,24793.00156,hold
2023-04-10,BTC,8.722333333e-05,4.587248245e-05,4.316151336e-05,23207.93554,29637.34,1024.592809,0,1,24793.00156,hold
2023-04-11,BTC,0.0001,7.293624123e-05,4.682851249e-05,23277.51265,30200.42,1019.979037,0,0,,exit
2023-04-12,BTC,6.508e-05,6.900812061e-05,4.800602782e-05,23343.28947,29888.07,1007.737677,0,0,,flat
2023-04-13,BTC,7.030666667e-05,6.965739364e-05,4.944477871e-05,23413.24534,30373.84,988.6428429,0,0,,flat
2023-04-14,BTC,4.435666667e-05,5.700703015e-05,4.911651342e-05,23483.43139,30466.93,991.8826398,0,0,,flat
2023-04-15,BTC,4.493333333e-05,5.097018174e-05,4.884663083e-05,23551.20922,30295.09,949.1481655,0,0,,flat
2023-04-16,BTC,9.048e-05,7.072509087e-05,5.153265465e-05,23618.40777,30304.65,912.0654394,0,0,,flat
2023-04-17,BTC,9.125333333e-05,8.09892121e-05,5.409527908e-05,23676.23736,29430.27,923.732908,0,0,,flat
2023-04-18,BTC,3.648333333e-05,5.873627272e-05,5.295902452e-05,23742.94169,30380.01,956.9105575,0,0,,flat
2023-04-19,BTC,5.383333333e-05,5.628480303e-05,5.301543154e-05,23793.23192,28797.1,1023.811946,0,0,,flat
2023-04-20,BTC,6.048333333e-05,5.838406818e-05,5.349723165e-05,23837.51477,28243.65,1027.70395,0,0,,flat
2023-04-21,BTC,8.765666667e-05,7.302036742e-05,5.570106617e-05,23871.59767,27262.84,1043.512239,0,0,,flat
2023-04-22,BTC,6.316e-05,6.809018371e-05,5.618228771e-05,23910.85398,27816.85,1022.002079,0,0,,flat
2023-04-23,BTC,2.504333333e-05,4.656675852e-05,5.417332291e-05,23947.46844,27590.6,985.1162166,1,0,,flat
2023-04-24,BTC,3.667666667e-05,4.162171259e-05,5.304450638e-05,23982.92583,27510.93,990.2636297,1,1,25127.79946,enter_long
2023-04-25,BTC,6.737666667e-05,5.449918963e-05,5.396916188e-05,24025.88973,28300.79,1005.815513,0,1,25127.79946,hold
2023-04-26,BTC,5.344e-05,5.396959482e-05,5.39350224e-05,24069.56543,28415.29,1134.042977,0,0,,exit
2023-04-27,BTC,3.850666667e-05,4.623813074e-05,5.293964461e-05,24123.32875,29472.77,1160.978478,1,0,,flat
2023-04-28,BTC,8.158666667e-05,6.39123987e-05,5.478783959e-05,24174.95443,29311.7,1128.661444,0,1,26570.3238,enter_long
2023-04-29,BTC,4.871333333e-05,5.631286602e-05,5.439593596e-05,24225.25795,29230.45,1077.891341,0,0,,exit
2023-04-30,BTC,4.237e-05,4.934143301e-05,5.362006912e-05,24275.0884,29233.21,1064.456245,1,0,,flat
2023-05-01,BTC,-1.123e-05,1.90557165e-05,4.943619369e-05,24312.83147,28068.26,1107.737228,1,1,26572.05939,enter_long
2023-05-02,BTC,2.769e-05,2.337285825e-05,4.803321345e-05,24356.18506,28669.86,1100.604569,1,1,26572.05939,hold
2023-05-03,BTC,6.568e-05,4.452642913e-05,4.917171581e-05,24402.65255,29026.16,1104.344957,1,1,26572.05939,hold
2023-05-04,BTC,8.102e-05,6.277321456e-05,5.122644382e-05,24446.78702,28838.16,1076.619602,0,1,26572.05939,hold
2023-05-05,BTC,7.396e-05,6.836660728e-05,5.269312487e-05,24497.12365,29505.61,1062.361059,0,0,,exit
2023-05-06,BTC,0.0001,8.418330364e-05,5.574518133e-05,24540.41801,28848.2,1095.049555,0,0,,flat
2023-05-07,BTC,4.804666667e-05,6.611498515e-05,5.524850296e-05,24579.12137,28430.1,1069.907444,0,0,,flat
2023-05-08,BTC,1.676333333e-05,4.143915924e-05,5.276558879e-05,24609.86439,27668.79,1091.271912,1,0,,flat
2023-05-09,BTC,4.109666667e-05,4.126791296e-05,5.201275511e-05,24639.89833,27628.27,1046.538204,1,1,24940.62022,enter_long
2023-05-10,BTC,4.109666667e-05,4.118228981e-05,5.130849134e-05,24669.33968,27598.75,1082.815475,1,1,24940.62022,hold
2023-05-11,BTC,4.576333333e-05,4.347281157e-05,5.095073921e-05,24692.21813,26968.62,1071.763656,1,1,24940.62022,hold
2023-05-12,BTC,3.453e-05,3.900140579e-05,4.989133668e-05,24713.14146,26795.01,1086.613395,1,1,24940.62022,hold
2023-05-13,BTC,3.289666667e-05,3.594903623e-05,4.879490636e-05,24733.66028,26775.28,1034.242438,1,1,24940.62022,hold
2023-05-14,BTC,2.763666667e-05,3.179285145e-05,4.742985863e-05,24755.39126,26917.62,1006.044407,1,1,24940.62022,hold
2023-05-15,BTC,8.803333333e-06,2.029809239e-05,4.493782474e-05,24779.33904,27162.14,1001.154806,1,1,24940.62022,hold
2023-05-16,BTC,5.875e-05,3.952404619e-05,4.582893282e-05,24801.77192,27033.84,961.4137486,1,1,24940.62022,hold
2023-05-17,BTC,6.627333333e-05,5.289868976e-05,4.714792641e-05,24827.68079,27405.61,960.976338,0,1,24940.62022,hold
2023-05-18,BTC,9.447333333e-05,7.368601155e-05,5.020117847e-05,24847.51763,26821.28,972.630171,0,0,,exit
2023-05-19,BTC,3.668333333e-05,5.518467244e-05,4.932905942e-05,24867.74395,26880.26,942.6994445,0,0,,flat
2023-05-20,BTC,2.306333333e-05,3.912400289e-05,4.763449645e-05,24889.97966,27102.43,898.5701984,1,0,,flat
2023-05-21,BTC,5.703e-05,4.807700144e-05,4.824065797e-05,24908.46526,26747.78,878.0666128,1,1,24855.9945,enter_long
2023-05-22,BTC,2.666333333e-05,3.737016739e-05,4.684857251e-05,24927.77678,26849.27,855.4675691,1,1,24855.9945,hold
2023-05-23,BTC,0.0001,6.868508369e-05,5.027769686e-05,24950.58112,27219.61,844.1998856,0,1,24855.9945,hold
2023-05-24,BTC,5.476333333e-05,6.172420851e-05,5.056709277e-05,24964.29685,26329.01,865.2648937,0,0,,exit
2023-05-25,BTC,8.606666667e-05,7.389543759e-05,5.285738786e-05,24979.3167,26473.79,857.7524013,0,0,,flat
2023-05-26,BTC,8.178666667e-05,7.784105213e-05,5.472379294e-05,24996.49685,26705.92,839.6929441,0,0,,flat
2023-05-27,BTC,7.690666667e-05,7.73738594e-05,5.615494608e-05,25014.98218,26854.27,804.2863052,0,0,,flat
2023-05-28,BTC,9.96e-05,8.84869297e-05,5.895785279e-05,25045.33066,28065,853.7629977,0,0,,flat
2023-05-29,BTC,0.0001,9.424346485e-05,6.160573325e-05,25072.1075,27736.4,858.6756407,0,0,,flat
2023-05-30,BTC,6.361333333e-05,7.892839909e-05,6.173525584e-05,25098.2,27694.4,831.9552378,0,0,,flat
2023-05-31,BTC,5.024333333e-05,6.458586621e-05,6.099384148e-05,25119.21644,27210.35,843.7084351,0,0,,flat
2023-06-01,BTC,7.245666667e-05,6.852126644e-05,6.173337859e-05,25136.11908,26817.93,836.6542612,0,0,,flat
2023-06-02,BTC,7.994e-05,7.423063322e-05,6.290799933e-05,25157.07902,27242.59,833.6789568,0,0,,flat
2023-06-03,BTC,7.662e-05,7.542531661e-05,6.379264453e-05,25176.10532,27069.22,804.013317,0,0,,flat
2023-06-04,BTC,8.283333333e-05,7.912932497e-05,6.502107607e-05,25195.39992,27115.21,782.585223,0,0,,flat
2023-06-05,BTC,9.131333333e-05,8.522132915e-05,6.671735073e-05,25200.70142,25728.2,851.0669927,0,0,,flat
2023-06-06,BTC,-1.972e-05,3.275066458e-05,6.114074746e-05,25220.89426,27230.08,933.4414933,1,0,,flat
2023-06-07,BTC,8.001666667e-05,5.638366562e-05,6.23585487e-05,25232.02309,26339.34,957.249958,1,1,24896.46627,enter_long
2023-06-08,BTC,4.201666667e-05,4.920016614e-05,6.104616921e-05,25244.62596,26498.61,931.7321039,1,1,24896.46627,hold
2023-06-09,BTC,6.302666667e-05,5.611341641e-05,6.117394324e-05,25256.89646,26477.81,901.8526679,1,1,24896.46627,hold
2023-06-10,BTC,4.991e-05,5.30117082e-05,6.044723723e-05,25262.71053,25841.21,921.4253345,1,1,24896.46627,hold
2023-06-11,BTC,4.524e-05,4.91258541e-05,5.946612515e-05,25269.30596,25925.55,896.4792392,1,1,24896.46627,hold
2023-06-12,BTC,5.116333333e-05,5.014459372e-05,5.893046116e-05,25275.63317,25905.19,868.4714364,1,1,24896.46627,hold
2023-06-13,BTC,7.561e-05,6.287729686e-05,6.000656044e-05,25282.18658,25934.25,857.912048,0,1,24896.46627,hold
2023-06-14,BTC,2.938333333e-05,4.61303151e-05,5.803086837e-05,25280.65835,25128.6,887.8783303,0,0,,exit
2023-06-15,BTC,3.205e-05,3.909015755e-05,5.635468331e-05,25283.82086,25598.49,892.9591639,1,0,,flat
2023-06-16,BTC,1.662666667e-05,2.785841211e-05,5.379158546e-05,25294.37986,26345,925.0649379,1,1,23366.09209,enter_long
2023-06-17,BTC,9.137e-05,5.961420605e-05,5.62159993e-05,25306.54515,26516.99,906.0595852,0,1,23366.09209,hold
2023-06-18,BTC,6.214666667e-05,6.088043636e-05,5.6598623e-05,25316.828,26339.97,873.0660434,0,0,,exit
2023-06-19,BTC,5.709e-05,5.898521818e-05,5.663032475e-05,25332.02724,26844.35,868.6670403,0,0,,flat
2023-06-20,BTC,4.35e-06,3.166760909e-05,5.325740057e-05,25361.63884,28307.99,931.6722517,1,0,,flat
2023-06-21,BTC,6.282e-05,4.724380455e-05,5.387434247e-05,25407.73093,29993.89,1046.696377,1,1,25978.81937,enter_long
2023-06-22,BTC,9.745333333e-05,7.234856894e-05,5.668589027e-05,25452.28012,29884.92,1041.531635,0,1,25978.81937,hold
2023-06-23,BTC,0.0001,8.617428447e-05,5.948034896e-05,25504.38187,30688.5,1083.703661,0,0,,exit
2023-06-24,BTC,0.0001,9.308714223e-05,6.209451999e-05,25554.36249,30527.43,1045.581971,0,0,,flat
2023-06-25,BTC,0.0001,9.654357112e-05,6.454003483e-05,25603.20132,30462.66,1025.791831,0,0,,flat
2023-06-26,BTC,0.0001,9.827178556e-05,6.682777452e-05,25649.61717,30267.99,1005.092414,0,0,,flat
2023-06-27,BTC,0.0001,9.913589278e-05,6.89679181e-05,25699.79456,30692.44,988.2143845,0,0,,flat
2023-06-28,BTC,7.966666667e-05,8.940127972e-05,6.965815994e-05,25743.35297,30077.41,978.4090713,0,0,,flat
2023-06-29,BTC,8.624666667e-05,8.782397319e-05,7.072838618e-05,25790.15855,30447.31,965.2369948,0,0,,flat
2023-06-30,BTC,0.0001,9.39119866e-05,7.26168774e-05,25836.74408,30472,1023.577209,0,0,,flat
2023-07-01,BTC,0.0001,9.69559933e-05,7.438353047e-05,25883.99941,30585.9,974.8238373,0,0,,flat
2023-07-02,BTC,0.0001,9.847799665e-05,7.603620592e-05,25931.09428,30617.03,950.6221347,0,0,,flat
2023-07-03,BTC,0.0001,9.923899832e-05,7.758225715e-05,25983.08543,31156.2,940.5584108,0,0,,flat
2023-07-04,BTC,0.0001,9.961949916e-05,7.902856314e-05,26030.68174,30766.51,925.56781,0,0,,flat
2023-07-05,BTC,0.0001,9.980974958e-05,8.038155907e-05,26075.20046,30504.81,907.889395,0,0,,flat
2023-07-06,BTC,6.404e-05,8.192487479e-05,7.932726494e-05,26113.21273,29895.43,960.8651525,0,0,,flat
2023-07-07,BTC,1.420333333e-05,4.806410406e-05,7.512572096e-05,26155.31712,30344.7,945.6590702,1,0,,flat
2023-07-08,BTC,2.691333333e-05,3.74887187e-05,7.201524434e-05,26196.40484,30284.63,902.5648509,1,1,27980.55232,enter_long
2023-07-09,BTC,6.227e-05,4.987935935e-05,7.13865189e-05,26235.8507,30160.71,865.5530758,1,1,27980.55232,hold
2023-07-10,BTC,1.887666667e-05,3.437801301e-05,6.79987865e-05,26277.40018,30411.57,881.9978561,1,1,27980.55232,hold
2023-07-11,BTC,6.743e-05,5.09040065e-05,6.796209059e-05,26320.63106,30622.1,855.6858664,1,1,27980.55232,hold
2023-07-12,BTC,6.056666667e-05,5.573533659e-05,6.748496647e-05,26361.02282,30380,849.7975902,1,1,27980.55232,hold
2023-07-13,BTC,1.838e-05,3.705766829e-05,6.431690412e-05,26411.70154,31454.23,900.0406195,1,1,27980.55232,hold
2023-07-14,BTC,0.0001,6.852883415e-05,6.661903933e-05,26450.51061,30312.01,959.3234324,0,1,27980.55232,hold
2023-07-15,BTC,-4.406666667e-06,3.206108374e-05,6.203673572e-05,26488.70974,30289.52,904.4360444,1,0,,exit
2023-07-16,BTC,4.782666667e-05,3.99438752e-05,6.111995707e-05,26525.95634,30231.99,866.774184,1,1,28028.42989,enter_long
2023-07-17,BTC,5.108e-05,4.55119376e-05,6.047221791e-05,26561.8971,30138,853.2731709,1,1,28028.42989,hold
2023-07-18,BTC,6.086e-05,5.31859688e-05,6.049723611e-05,26594.70541,29859.13,844.309373,1,1,28028.42989,hold
2023-07-19,BTC,7.638e-05,6.47829844e-05,6.152193055e-05,26627.68558,29909.21,814.5108463,0,1,28028.42989,hold
2023-07-20,BTC,5.952e-05,6.21514922e-05,6.139277374e-05,26659.25092,29800,816.7957859,0,0,,exit
2023-07-21,BTC,2.457e-05,4.33607461e-05,5.901711092e-05,26691.51432,29901.72,782.4075155,1,0,,flat
2023-07-22,BTC,1.105333333e-05,2.720703972e-05,5.592267366e-05,26722.38485,29794,753.2284072,1,1,27945.70121,enter_long
2023-07-23,BTC,7.426666667e-05,5.073685319e-05,5.710615708e-05,26755.83129,30083.75,743.7120924,1,1,27945.70121,hold
2023-07-24,BTC,8.112666667e-05,6.593175993e-05,5.865586737e-05,26779.91757,29176.5,778.9955144,0,1,27945.70121,hold
2023-07-25,BTC,8.026666667e-05,7.30992133e-05,6.005011249e-05,26804.28567,29228.91,746.8065491,0,0,,exit
2023-07-26,BTC,8.406333333e-05,7.858127332e-05,6.159935254e-05,26829.63568,29351.96,735.8246527,0,0,,flat
2023-07-27,BTC,3.280666667e-05,5.569396999e-05,5.974175991e-05,26853.44808,29222.78,717.8114632,1,0,,flat
2023-07-28,BTC,7.016e-05,6.2926985e-05,6.041390443e-05,26877.93259,29314.14,696.4749301,0,1,27428.25134,enter_long
2023-07-29,BTC,7.365666667e-05,6.829182583e-05,6.126827618e-05,26902.55915,29352.9,657.4938637,0,0,,exit
2023-07-30,BTC,6.022666667e-05,6.425924625e-05,6.120107557e-05,26926.22614,29281.09,640.2271592,0,0,,flat
2023-07-31,BTC,5.99e-05,6.207962312e-05,6.111713521e-05,26949.17167,29232.25,625.0823621,0,0,,flat
2023-08-01,BTC,7.689333333e-05,6.948647823e-05,6.213495445e-05,26976.60271,29705.99,662.8300505,0,0,,flat
2023-08-02,BTC,0.0001,8.474323911e-05,6.457786061e-05,26998.58688,29186.01,695.4850469,0,0,,flat
2023-08-03,BTC,0.0001,9.237161956e-05,6.686315993e-05,27020.42822,29193.64,679.0454007,0,0,,flat
2023-08-04,BTC,9.372e-05,9.304580978e-05,6.859585929e-05,27041.25969,29113.99,668.0807292,0,0,,flat
2023-08-05,BTC,8.060333333e-05,8.682457156e-05,6.937053503e-05,27061.46737,29072.13,632.7599628,0,0,,flat
2023-08-06,BTC,0.0001,9.341228578e-05,7.134662954e-05,27081.63606,29088.42,602.7921083,0,0,,flat
2023-08-07,BTC,9.223e-05,9.282114289e-05,7.269394377e-05,27102.82438,29211.06,600.8605292,0,0,,flat
2023-08-08,BTC,8.36e-05,8.821057144e-05,7.33975603e-05,27129.36763,29770.42,636.3383485,0,0,,flat
2023-08-09,BTC,8.838e-05,8.829528572e-05,7.436416931e-05,27153.77185,29581.99,646.8377522,0,0,,flat
2023-08-10,BTC,9.425666667e-05,9.127597619e-05,7.564755624e-05,27176.67712,29455.75,630.4779128,0,0,,flat
2023-08-11,BTC,9.041e-05,9.08429881e-05,7.659997196e-05,27199.05875,29426.03,607.7344904,0,0,,flat
2023-08-12,BTC,9.768333333e-05,9.426316072e-05,7.796018883e-05,27221.25888,29430.17,571.4527411,0,0,,flat
2023-08-13,BTC,8.212333333e-05,8.819324702e-05,7.822877879e-05,27241.98109,29303.84,545.086831,0,0,,flat
2023-08-14,BTC,0.0001,9.409662351e-05,7.963337371e-05,27263.76169,29430.93,548.4999145,0,0,,flat
2023-08-15,BTC,0.0001,9.704831176e-05,8.09473496e-05,27283.02775,29200,540.7256349,0,0,,flat
2023-08-16,BTC,0.0001,9.852415588e-05,8.217655285e-05,27297.43057,28730.51,540.4430896,0,0,,flat
2023-08-17,BTC,0.0001,9.926207794e-05,8.332645267e-05,27290.72389,26623.41,760.2314403,-1,0,,flat
2023-08-18,BTC,5.04e-05,7.483103897e-05,8.12021654e-05,27278.41818,26054,792.6149089,0,-1,28523.9886,enter_short
2023-08-19,BTC,-1.960666667e-05,2.761218615e-05,7.469836978e-05,27266.69272,26100.01,770.2788439,0,0,,exit
2023-08-20,BTC,-2.542e-05,1.096093076e-06,6.823912012e-05,27255.97925,26189.99,738.6839265,0,0,,flat
2023-08-21,BTC,-1.2e-05,-5.451953462e-06,6.306240269e-05,27244.74482,26126.92,717.8079318,0,0,,flat
2023-08-22,BTC,2.706666667e-06,-1.372643398e-06,5.916848424e-05,27232.91651,26056,726.4945081,0,0,,flat
2023-08-23,BTC,9.886666667e-06,4.257011634e-06,5.598901214e-05,27224.95435,26432.72,746.4913289,0,0,,flat
2023-08-24,BTC,1.528e-05,9.768505817e-06,5.336262426e-05,27214.55729,26180.05,744.161234,0,0,,flat
2023-08-25,BTC,2.453666667e-05,1.715258624e-05,5.150288506e-05,27203.06925,26060.01,729.3568601,0,0,,flat
2023-08-26,BTC,3.75e-05,2.732629312e-05,5.059947312e-05,27191.27124,26017.37,687.2492273,0,0,,flat
2023-08-27,BTC,1.769e-05,2.250814656e-05,4.84762813e-05,27180.43043,26101.77,653.5971396,0,0,,flat
2023-08-28,BTC,2.851e-05,2.550907328e-05,4.718813412e-05,27169.87888,26120,634.7323439,0,0,,flat
2023-08-29,BTC,-2.113666667e-05,2.186203307e-06,4.278008246e-05,27175.3163,27716.34,748.0264622,1,0,,flat
2023-08-30,BTC,4.847666667e-05,2.533143499e-05,4.314760402e-05,27176.55684,27299.99,748.2624292,1,1,25846.27384,enter_long
2023-08-31,BTC,5.957666667e-05,4.245405083e-05,4.420754355e-05,27164.26054,25940.78,832.8508271,0,0,,exit
2023-09-01,BTC,4.935e-05,4.590202541e-05,4.453931493e-05,27150.73605,25805.05,832.0936252,-1,0,,flat
2023-09-02,BTC,1.639e-05,3.114601271e-05,4.27232301e-05,27137.98753,25869.51,789.4462234,0,-1,27885.27406,enter_short
2023-09-03,BTC,2.654666667e-05,2.884633969e-05,4.167958084e-05,27126.3778,25971.21,756.9857789,0,0,,exit
2023-09-04,BTC,1.033333333e-05,1.958983651e-05,3.965724229e-05,27113.43891,25826.02,736.9732232,0,0,,flat
2023-09-05,BTC,1.798e-05,1.878491826e-05,3.825871053e-05,27100.29125,25792.1,709.5372787,0,0,,flat
2023-09-06,BTC,3.696666667e-06,1.124079246e-05,3.602890125e-05,27086.95452,25759.95,706.5339017,0,0,,flat
2023-09-07,BTC,4.879e-05,3.001539623e-05,3.685219795e-05,27078.67636,26255,715.1929087,0,0,,flat
2023-09-08,BTC,-9.013333333e-06,1.050103145e-05,3.389313141e-05,27067.05271,25910.5,721.1248438,0,0,,flat
2023-09-09,BTC,-1.337e-05,-1.434484276e-06,3.084389713e-05,27055.45626,25901.61,680.2194978,0,0,,flat
2023-09-10,BTC,1.943333333e-05,8.999424529e-06,3.010773172e-05,27043.37818,25841.61,664.7102479,0,0,,flat
2023-09-11,BTC,1.120333333e-05,1.010137893e-05,2.888809311e-05,27024.66316,25162.52,688.6373731,0,0,,flat
2023-09-12,BTC,1.551e-05,1.280568947e-05,2.802499033e-05,27012.87646,25840.1,741.9861322,0,0,,flat
2023-09-13,BTC,2.233666667e-05,1.757117807e-05,2.765800171e-05,27005.00704,26222,734.7764084,0,0,,flat
2023-09-14,BTC,-2.863333333e-06,7.353922366e-06,2.568888332e-05,27000.20826,26522.73,734.7009507,0,0,,flat
2023-09-15,BTC,1.386333333e-05,1.060862785e-05,2.492594461e-05,26996.22609,26600,729.6508828,0,0,,flat
2023-09-16,BTC,-2.954e-05,-9.465686075e-06,2.14120127e-05,26991.88224,26559.67,701.2472483,0,0,,flat
2023-09-17,BTC,8.96e-06,-2.528430375e-07,2.060865704e-05,26987.26162,26527.51,667.1760163,0,0,,flat
2023-09-18,BTC,-2.234333333e-05,-1.129808819e-05,1.783756089e-05,26985.02529,26762.51,693.2098723,0,0,,flat
2023-09-19,BTC,-4.2e-06,-7.749044093e-06,1.641578277e-05,26987.26643,27210.26,701.9648814,1,0,,flat
2023-09-20,BTC,-2.460666667e-05,-1.617785538e-05,1.376917313e-05,26988.63691,27125,693.8695327,1,1,25455.3378,enter_long
2023-09-21,BTC,3.901e-05,1.141607231e-05,1.539761357e-05,26984.45227,26568.08,700.1574232,0,1,25455.3378,hold
2023-09-22,BTC,1.036e-05,1.088803616e-05,1.507260624e-05,26980.42926,26580.14,669.7611787,0,0,,exit
2023-09-23,BTC,2.813666667e-05,1.951235141e-05,1.591544885e-05,26976.40469,26575.96,630.7646659,-1,0,,flat
2023-09-24,BTC,2.072e-05,2.011617571e-05,1.622541989e-05,26969.16066,26248.38,629.7429041,-1,-1,28152.88166,enter_short
2023-09-25,BTC,4.032333333e-05,3.021975452e-05,1.778012399e-05,26962.5502,26304.81,617.3105538,-1,-1,28152.88166,hold
2023-09-26,BTC,1.67e-06,1.594487726e-05,1.674076115e-05,26955.17825,26221.67,595.2969428,0,-1,28152.88166,hold
2023-09-27,BTC,5.132e-05,3.363243863e-05,1.897167978e-05,26949.38533,26372.99,605.4857326,-1,0,,exit
2023-09-28,BTC,-1.879666667e-05,7.417885982e-06,1.653501227e-05,26950.1018,27021.39,631.242466,1,-1,27886.71433,enter_short
2023-09-29,BTC,-1.995e-05,-6.266057009e-06,1.418114051e-05,26949.67253,26906.96,627.5630041,0,1,25443.28383,enter_long
2023-09-30,BTC,1.344e-05,3.586971495e-06,1.413332499e-05,26949.80076,26962.56,597.6427896,1,0,,exit
2023-10-01,BTC,-8.623333333e-06,-2.518180919e-06,1.266515349e-05,26960.17658,27992.57,634.3411617,1,1,25468.46303,enter_long
2023-10-02,BTC,1.694e-05,7.210909541e-06,1.294095004e-05,26965.49333,27494.51,681.7853645,1,1,25468.46303,hold
2023-10-03,BTC,2.779666667e-05,1.75037881e-05,1.389938337e-05,26970.08007,27426.46,669.9449813,0,1,25468.46303,hold
2023-10-04,BTC,3.124666667e-05,2.437522739e-05,1.501856294e-05,26978.12474,27778.57,667.6431969,0,0,,exit
2023-10-05,BTC,-3.459e-05,-5.107386307e-06,1.181801049e-05,26982.42589,27410.39,674.8393971,1,0,,flat
2023-10-06,BTC,-9.396666667e-06,-7.252026487e-06,1.044932164e-05,26991.86534,27931.09,706.5694402,1,1,25723.29151,enter_long
2023-10-07,BTC,2.352e-05,8.133986756e-06,1.129259121e-05,27001.46539,27956.67,669.4994802,1,1,25723.29151,hold
2023-10-08,BTC,2.150333333e-05,1.481866004e-05,1.195134877e-05,27010.57569,27917.05,650.7952316,0,1,25723.29151,hold
2023-10-09,BTC,5.115e-05,3.298433002e-05,1.448029401e-05,27016.3423,27590.12,656.3048579,0,0,,exit
2023-10-10,BTC,4.263666667e-05,3.781049834e-05,1.629683418e-05,27020.06148,27390.12,640.6402252,0,0,,flat
2023-10-11,BTC,6.855666667e-05,5.318358251e-05,1.966843628e-05,27018.62326,26875.52,661.932352,-1,0,,flat
2023-10-12,BTC,6.655e-05,5.986679125e-05,2.269305329e-05,27016.04621,26759.63,642.6543268,-1,-1,28530.35088,enter_short
2023-10-13,BTC,2.219666667e-05,4.103172896e-05,2.266102835e-05,27014.51341,26862,628.5361606,-1,-1,28530.35088,hold
2023-10-14,BTC,1.590666667e-05,2.846919781e-05,2.222526308e-05,27012.90114,26852.48,597.9678634,-1,-1,28530.35088,hold
2023-10-15,BTC,1.669e-05,2.257959891e-05,2.186814933e-05,27014.3066,27154.15,589.9044446,0,-1,28530.35088,hold
2023-10-16,BTC,3.394333333e-05,2.826146612e-05,2.264719346e-05,27029.09738,28500.78,754.0069843,0,0,,exit
2023-10-17,BTC,-2.046666667e-06,1.310739973e-05,2.105404119e-05,27042.69751,28395.91,739.0300568,1,0,,flat
2023-10-18,BTC,-9.716666667e-06,1.69536653e-06,1.906883423e-05,27055.40699,28320,746.2057671,1,1,26548.33486,enter_long
2023-10-19,BTC,-4.219333333e-05,-2.02489834e-05,1.511643633e-05,27071.90753,28713.71,751.207498,1,1,26548.33486,hold
2023-10-20,BTC,-1.549e-05,-1.78694917e-05,1.314182753e-05,27097.74965,29669.04,813.9255339,1,1,26548.33486,hold
2023-10-21,BTC,2.872e-05,5.42525415e-06,1.414687092e-05,27125.73026,29909.8,821.1608529,1,1,26548.33486,hold
2023-10-22,BTC,2.753666667e-05,1.648096041e-05,1.501072871e-05,27154.25494,29992.46,805.9350777,0,1,26548.33486,hold
2023-10-23,BTC,6.162666667e-05,3.905381354e-05,1.801820858e-05,27213.11799,33069.99,1095.390429,0,0,,exit
2023-10-24,BTC,0.0001,6.952690677e-05,2.330735641e-05,27279.88032,33922.73,1191.981113,0,0,,flat
2023-10-25,BTC,0.0001,8.476345338e-05,2.82552689e-05,27351.68302,34496.05,1210.682462,0,0,,flat
2023-10-26,BTC,0.0001,9.238172669e-05,3.288396123e-05,27419.34451,34151.66,1200.857286,0,0,,flat
2023-10-27,BTC,0.0001,9.619086335e-05,3.721402825e-05,27483.74926,33892.02,1176.085337,0,0,,flat
2023-10-28,BTC,0.0001,9.809543167e-05,4.12647361e-05,27549.39356,34081,1137.317099,0,0,,flat
2023-10-29,BTC,0.0001,9.904771584e-05,4.505410797e-05,27618.81145,34525.89,1114.659449,0,0,,flat
2023-10-30,BTC,0.0001,9.952385792e-05,4.859900423e-05,27687.02957,34474.73,1091.695202,0,0,,flat
2023-10-31,BTC,0.0001,9.976192896e-05,5.19151975e-05,27756.21108,34639.77,1063.394831,0,0,,flat
2023-11-01,BTC,0.0001,9.988096448e-05,5.501744282e-05,27832.48194,35421.43,1093.481629,0,0,,flat
2023-11-02,BTC,0.0001,9.994048224e-05,5.791954329e-05,27903.21935,34941.59,1135.732227,0,0,,flat
2023-11-03,BTC,0.0001,9.997024112e-05,6.063441146e-05,27971.01599,34716.78,1113.64421,0,0,,flat
2023-11-04,BTC,0.0001,9.998512056e-05,6.317412685e-05,28041.57376,35062.07,1081.942481,0,0,,flat
2023-11-05,BTC,0.0001,9.999256028e-05,6.554998964e-05,28110.93006,35011.88,1071.232304,0,0,,flat
2023-11-06,BTC,0.0001,9.999628014e-05,6.777257095e-05,28179.93664,35046.09,1034.032139,0,0,,flat
2023-11-07,BTC,0.0001,9.999814007e-05,6.985175992e-05,28251.76933,35399.12,1057.668415,0,0,,flat
2023-11-08,BTC,0.0001,9.999907003e-05,7.179680767e-05,28325.13204,35624.72,1053.977814,0,0,,flat
2023-11-09,BTC,0.0001334233333,0.0001167112017,7.577271255e-05,28408.47493,36701.09,1152.850113,0,0,,flat
2023-11-10,BTC,0.0001056066667,0.0001111589342,7.769748378e-05,28496.96406,37301.63,1156.310105,0,0,,flat
2023-11-11,BTC,0.0001375166667,0.0001243378004,8.15567859e-05,28582.86493,37130,1126.668669,0,0,,flat
2023-11-12,BTC,0.00022046,0.0001723989002,9.051828359e-05,28667.25565,37064.13,1081.272335,0,0,,flat
2023-11-13,BTC,0.00021284,0.0001926194501,9.841000723e-05,28744.82457,36462.93,1081.537883,0,0,,flat
2023-11-14,BTC,0.00016076,0.0001766897251,0.0001024325874,28812.54961,35551.19,1143.14232,0,0,,flat
2023-11-15,BTC,0.0001,0.0001383448625,0.0001022756463,28902.5561,37858.2,1248.632154,0,0,,flat
2023-11-16,BTC,0.0001240433333,0.0001311940979,0.0001036800132,28974.80442,36163.51,1332.982715,0,0,,flat
2023-11-17,BTC,0.0001,0.000115597049,0.000103442593,29050.81553,36613.92,1304.833949,0,0,,flat
2023-11-18,BTC,0.0001,0.0001077985245,0.0001032204902,29125.6144,36568.1,1259.267953,0,0,,flat
2023-11-19,BTC,0.0001,0.0001038992622,0.0001030127166,29207.54721,37359.86,1249.033099,0,0,,flat
2023-11-20,BTC,0.0001,0.0001019496311,0.0001028183478,29289.54955,37448.78,1236.459306,1,0,,flat
2023-11-21,BTC,0.0001,0.0001009748156,0.0001026365189,29353.74956,35741.65,1284.886499,1,1,34357.64173,enter_long
2023-11-22,BTC,0.0001,0.0001004874078,0.0001024664209,29433.89476,37408.34,1352.329606,1,1,34357.64173,hold
2023-11-23,BTC,0.0001,0.0001002437039,0.000102307297,29512.10757,37294.28,1311.694634,1,1,34357.64173,hold
2023-11-24,BTC,0.0001,0.0001001218519,0.0001021584391,29593.71417,37713.57,1301.03716,1,1,34357.64173,hold
2023-11-25,BTC,0.0001,0.000100060926,0.000102019185,29675.17644,37780.67,1229.313077,1,1,34357.64173,hold
2023-11-26,BTC,0.0001,0.000100030463,0.000101888915,29752.51231,37447.43,1188.978572,1,1,34357.64173,hold
2023-11-27,BTC,0.0001,0.0001000152315,0.0001017670495,29827.04156,37242.7,1165.639388,1,1,34357.64173,hold
2023-11-28,BTC,0.0001,0.0001000076157,0.0001016530463,29906.56225,37818.87,1190.13586,1,1,34357.64173,hold
2023-11-29,BTC,0.0001,0.0001000038079,0.0001015463982,29985.64762,37854.64,1167.983299,1,1,34357.64173,hold
2023-11-30,BTC,0.0001,0.0001000019039,0.0001014466305,30062.64577,37723.96,1130.688063,1,1,34357.64173,hold
2023-12-01,BTC,0.0001,0.000100000952,0.0001013532995,30148.41568,38682.52,1148.720344,1,1,34357.64173,hold
2023-12-02,BTC,8.488e-05,9.244047598e-05,0.000100290506,30240.97226,39450.35,1143.492463,1,1,34357.64173,hold
2023-12-03,BTC,0.0001,9.622023799e-05,0.0001002717637,30337.80101,39972.26,1131.467287,1,1,34357.64173,hold
2023-12-04,BTC,0.0001,9.8110119e-05,0.0001002542306,30453.75426,41991.1,1225.486766,1,1,34357.64173,hold
2023-12-05,BTC,0.0001,9.90550595e-05,0.0001002378286,30589.27235,44073.32,1357.523426,1,1,34357.64173,hold
2023-12-06,BTC,0.0001,9.952752975e-05,0.0001002224848,30720.35116,43762.69,1329.266753,1,1,34357.64173,hold
2023-12-07,BTC,0.0001,9.976376487e-05,0.000100208131,30845.25455,43273.14,1321.906985,1,1,34357.64173,hold
2023-12-08,BTC,0.0001784333333,0.0001390985491,0.0001052549182,30977.84896,44170.99,1343.120771,0,1,34357.64173,hold
2023-12-09,BTC,0.0001961833333,0.0001676409412,0.0001111212676,31104.57287,43713.6,1302.434288,0,0,,exit
2023-12-10,BTC,0.0002167666667,0.0001922038039,0.0001179370998,31230.79117,43789.51,1244.117553,0,0,,flat
2023-12-11,BTC,0.0001157666667,0.0001539852353,0.0001177970718,31330.51864,41253.4,1411.144871,0,0,,flat
2023-12-12,BTC,0.0001,0.0001269926177,0.0001166488736,31431.63181,41492.39,1412.071665,0,0,,flat
2023-12-13,BTC,0.0001155733333,0.0001212829755,0.0001165794839,31545.43679,42869.03,1519.795118,0,0,,flat
2023-12-14,BTC,0.0001,0.0001106414877,0.0001155098398,31659.63405,43022.26,1555.524038,1,0,,flat
2023-12-15,BTC,0.0001,0.0001053207439,0.000114509205,31761.92925,41940.3,1545.473035,1,1,39133.4499,enter_long
2023-12-16,BTC,0.0001,0.0001026603719,0.0001135731272,31866.56709,42278.03,1515.04139,1,1,39133.4499,hold
2023-12-17,BTC,0.0001,0.000101330186,0.0001126974416,31961.17489,41374.65,1490.543434,1,1,39133.4499,hold
2023-12-18,BTC,0.0001298866667,0.0001156084263,0.0001138064239,32067.60899,42657.8,1542.28176,0,1,39133.4499,hold
2023-12-19,BTC,0.0001,0.0001078042132,0.0001129156869,32169.18494,42275.99,1552.540205,1,0,,exit
2023-12-20,BTC,0.0001471433333,0.0001274737732,0.0001151239221,32283.61028,43668.93,1590.001619,0,1,38394.63949,enter_long
2023-12-21,BTC,0.0002843566667,0.00020591522,0.0001260421637,32398.81617,43861.8,1544.689361,0,0,,exit
2023-12-22,BTC,0.0002614233333,0.0002336692766,0.0001347764327,32513.94279,43969.04,1504.762978,0,0,,flat
2023-12-23,BTC,0.0001378366667,0.0001857529717,0.0001349738672,32625.26835,43702.16,1447.107051,0,0,,flat
2023-12-24,BTC,0.0001683966667,0.0001770748192,0.0001371301768,32728.41495,42991.5,1447.027976,0,0,,flat
2023-12-25,BTC,0.0001930266667,0.0001850507429,0.000140736402,32836.35243,43576.13,1420.946692,0,0,,flat
2023-12-26,BTC,0.0003223566667,0.0002537037048,0.0001524538384,32932.597,42508.93,1459.099071,0,0,,flat
2023-12-27,BTC,0.0003262233333,0.0002899635191,0.0001636647735,33037.03735,43428.85,1467.614137,0,0,,flat
2023-12-28,BTC,0.00033684,0.0003134017595,0.0001748373688,33131.83062,42563.76,1473.197413,0,0,,flat
2023-12-29,BTC,0.0005072133333,0.0004103075464,0.0001962809794,33220.73729,42066.95,1497.326169,0,0,,flat
2023-12-30,BTC,0.0003815166667,0.0003959121065,0.0002082316689,33309.48898,42140.28,1468.375729,0,0,,flat
2023-12-31,BTC,0.0003200833333,0.0003579977199,0.0002154479053,33398.78343,42283.58,1430.146034,0,0,,flat
2024-01-01,BTC,0.00032741,0.00034270386,0.0002226712663,33506.05475,44179.55,1471.087746,0,0,,flat
2024-01-02,BTC,0.00051585,0.00042927693,0.0002415860233,33619.89412,44946.91,1489.673621,0,0,,flat
2024-01-03,BTC,0.00016094,0.000295108465,0.000236383054,33711.68852,42845.23,1722.554077,0,0,,flat
2024-01-04,BTC,0.0001,0.0001975542325,0.0002275841473,33815.56328,44151.1,1750.643786,1,0,,flat
2024-01-05,BTC,0.0001,0.0001487771162,0.000219352912,33918.34485,44145.11,1761.844944,1,1,39774.49054,enter_long
2024-01-06,BTC,0.0001,0.0001243885581,0.0002116527241,34018.34462,43968.32,1694.382448,1,1,39774.49054,hold
2024-01-07,BTC,0.0001,0.0001121942791,0.0002044493226,34116.95832,43929.02,1638.247987,1,1,39774.49054,hold
2024-01-08,BTC,0.0001,0.0001060971395,0.0001977106566,34244.66064,46951.04,1812.229559,1,1,39774.49054,hold
2024-01-09,BTC,0.0001,0.0001030485698,0.0001914067433,34362.72373,46110,1913.022448,1,1,39774.49054,hold
2024-01-10,BTC,0.0001,0.0001015242849,0.000185509534,34485.02491,46653.99,2018.918702,1,1,39774.49054,hold
2024-01-11,BTC,0.0001,0.0001007621424,0.0001799927899,34602.97652,46339.16,2114.954509,1,1,39774.49054,hold
2024-01-12,BTC,0.0001,0.0001003810712,0.0001748319648,34684.36711,42782.73,2322.138472,1,1,39774.49054,hold
2024-01-13,BTC,0.0001,0.0001001905356,0.0001700040961,34765.5972,42847.99,2214.905724,1,1,39774.49054,hold
2024-01-14,BTC,0.0001,0.0001000952678,0.0001654877028,34834.91813,41732.35,2153.769601,1,1,39774.49054,hold
2024-01-15,BTC,0.0001,0.0001000476339,0.0001612626897,34911.29806,42511.1,2120.098915,1,1,39774.49054,hold
2024-01-16,BTC,0.0001,0.000100023817,0.0001573102581,34993.1553,43137.95,2077.80685,1,1,39774.49054,hold
2024-01-17,BTC,0.0001,0.0001000119085,0.0001536128221,35070.59755,42776.1,2000.628504,1,1,39774.49054,hold
2024-01-18,BTC,0.0001,0.0001000059542,0.0001501539303,35132.85529,41327.5,2018.206468,1,1,39774.49054,hold
2024-01-19,BTC,0.0001,0.0001000029771,0.0001469181929,35197.79236,41659.03,2010.967434,1,1,39774.49054,hold
2024-01-20,BTC,0.0001,0.0001000014886,0.0001438912127,35262.45155,41696.04,1897.05976,1,1,39774.49054,hold
2024-01-21,BTC,0.0001,0.0001000007443,0.0001410595216,35325.31602,41580.33,1788.727635,1,1,39774.49054,hold
2024-01-22,BTC,0.0001,0.0001000003721,0.0001384105202,35367.53198,39568.02,1822.252089,1,0,,exit
2024-01-23,BTC,0.0001,0.0001000001861,0.0001359324221,35412.60729,39897.6,1807.929797,1,1,35012.38978,enter_long
2024-01-24,BTC,0.0001,0.000100000093,0.0001336142013,35459.09757,40084.88,1755.278383,1,1,35012.38978,hold
2024-01-25,BTC,0.0001,0.0001000000465,0.0001314455432,35503.89352,39961.09,1683.489927,1,1,35012.38978,hold
2024-01-26,BTC,0.0001,0.0001000000233,0.0001294167984,35566.77529,41823.51,1736.404932,1,1,35012.38978,hold
2024-01-27,BTC,9.088666667e-05,9.544334496e-05,0.0001269309835,35631.98778,42120.63,1669.923152,1,1,35012.38978,hold
2024-01-28,BTC,8.241666667e-05,8.893000581e-05,0.0001240590921,35695.66014,42031.06,1637.919355,1,1,35012.38978,hold
2024-01-29,BTC,9.714e-05,9.303500291e-05,0.0001223223765,35771.35209,43302.7,1630.076544,1,1,35012.38978,hold
2024-01-30,BTC,8.213666667e-05,8.758583479e-05,0.00011972975,35842.69287,42941.1,1599.240362,1,1,35012.38978,hold
2024-01-31,BTC,7.384666667e-05,8.071625073e-05,0.0001167695511,35909.73076,42580,1589.885336,1,1,35012.38978,hold
2024-02-01,BTC,0.0001,9.035812536e-05,0.0001156876446,35981.10599,43082.94,1576.382812,1,1,35012.38978,hold
2024-02-02,BTC,0.0001,9.517906268e-05,0.0001146755385,36052.93579,43200,1531.013326,1,1,35012.38978,hold
2024-02-03,BTC,8.232333333e-05,8.875119801e-05,0.0001125882994,36122.17116,43011.09,1457.370231,1,1,35012.38978,hold
2024-02-04,BTC,9.051e-05,8.9630599e-05,0.000111163893,36186.45683,42582.88,1417.346643,1,1,35012.38978,hold
2024-02-05,BTC,0.0001,9.48152995e-05,0.0001104436419,36251.35477,42708.7,1409.797597,1,1,35012.38978,hold
2024-02-06,BTC,8.907666667e-05,9.194598308e-05,0.0001090651273,36319.49006,43098.95,1368.09634,1,1,35012.38978,hold
2024-02-07,BTC,7.068666667e-05,8.131632488e-05,0.0001065890976,36399.39166,44349.6,1385.26803,1,1,35012.38978,hold
2024-02-08,BTC,6.375e-05,7.253316244e-05,0.0001038252849,36487.842,45288.65,1377.977457,1,1,35012.38978,hold
2024-02-09,BTC,7.653666667e-05,7.453491455e-05,0.0001020647288,36593.76169,47132.77,1490.827638,1,1,35012.38978,hold
2024-02-10,BTC,9.347e-05,8.400245728e-05,0.0001015102302,36704.77989,47751.09,1482.197093,1,1,35012.38978,hold
2024-02-11,BTC,0.0001,9.200122864e-05,0.000101412796,36820.15513,48299.99,1450.290157,1,1,35012.38978,hold
2024-02-12,BTC,0.0001,9.600061432e-05,0.0001013216479,36950.47469,49917.27,1534.184432,1,1,35012.38978,hold
2024-02-13,BTC,0.0001,9.800030716e-05,0.0001012363803,37077.33157,49699.59,1572.28983,1,1,35012.38978,hold
2024-02-14,BTC,0.00010761,0.0001028051536,0.0001016475815,37223.77774,51795.17,1661.319128,0,1,35012.38978,hold
2024-02-15,BTC,0.0001,0.0001014025768,0.000101541286,37369.61081,51880,1649.983476,1,0,,exit
2024-02-16,BTC,0.0001,0.0001007012884,0.0001014418482,37516.42176,52124.11,1603.99037,1,1,47755.05131,enter_long
2024-02-17,BTC,0.0001201366667,0.0001104189775,0.0001026479655,37656.98116,51642.64,1599.263915,0,1,47755.05131,hold
2024-02-18,BTC,0.0001654666667,0.0001379428221,0.0001067007849,37801.06763,52137.67,1571.725064,0,0,,exit
2024-02-19,BTC,0.0001866166667,0.0001622797444,0.0001118566483,37940.10906,51774.73,1517.44256,0,0,,flat
2024-02-20,BTC,0.0001387733333,0.0001505265389,0.0001135932086,38082.5838,52258.82,1567.955948,0,0,,flat
2024-02-21,BTC,0.00010414,0.0001273332694,0.0001129833242,38219.56696,51849.39,1580.37338,0,0,,flat
2024-02-22,BTC,0.0001201233333,0.0001237283014,0.0001134439699,38349.60531,51288.42,1547.84671,0,0,,flat
2024-02-23,BTC,0.00010997,0.0001168491507,0.0001132198428,38472.93413,50744.15,1510.681945,0,0,,flat
2024-02-24,BTC,0.0001,0.0001084245753,0.0001123669497,38603.23549,51568.22,1482.276092,1,0,,flat
2024-02-25,BTC,0.0001383733333,0.0001233989543,0.0001140447809,38733.83863,51728.85,1424.881371,0,1,47862.51977,enter_long
2024-02-26,BTC,0.00025185,0.0001876244772,0.0001229354402,38890.48174,54476.47,1609.429845,0,0,,exit
2024-02-27,BTC,0.00042916,0.0003083922386,0.0001426918634,39071.04751,57037.34,1718.614856,0,0,,flat
2024-02-28,BTC,0.0003464966667,0.0003274444526,0.0001558405604,39303.49581,62432.1,2117.867366,0,0,,flat
2024-02-29,BTC,0.0006748633333,0.000501153893,0.0001893259006,39520.68473,61130.98,2203.137554,0,0,,flat
2024-03-01,BTC,0.0005471866667,0.0005241702798,0.000212413692,39748.21922,62387.9,2212.715586,0,0,,flat
2024-03-02,BTC,0.0004899866667,0.0005070784732,0.0002303216258,39969.50343,61987.28,2116.955187,0,0,,flat
2024-03-03,BTC,0.00044618,0.0004766292366,0.0002442479725,40199.79665,63113.97,2102.306959,0,0,,flat
2024-03-04,BTC,0.0005517466667,0.0005141879516,0.000264086598,40478.86048,68245.71,2394.927891,0,0,,flat
2024-03-05,BTC,0.00073359,0.0006238889758,0.00029437714,40710.15552,63724.01,2937.790184,0,0,,flat
2024-03-06,BTC,0.0003983666667,0.0005111278212,0.0003010861418,40962.5325,66074.04,3075.230886,0,0,,flat
2024-03-07,BTC,0.0004183733333,0.0004647505773,0.0003086530573,41219.85229,66823.17,3029.071537,0,0,,flat
2024-03-08,BTC,0.0004707633333,0.0004677569553,0.0003191117848,41487.55717,68124.19,3091.804998,0,0,,flat
2024-03-09,BTC,0.0002560733333,0.0003619151443,0.000315044788,41754.4797,68313.27,2919.533213,0,0,,flat
2024-03-10,BTC,0.0004964666667,0.0004291909055,0.0003267494253,42025.14042,68955.88,2839.056555,0,0,,flat
2024-03-11,BTC,0.0006010433333,0.0005151171194,0.0003444458065,42324.17487,72078.1,3048.769658,0,0,,flat
2024-03-12,BTC,0.0004590166667,0.000487066893,0.0003518374749,42614.00409,71452.01,3143.798968,0,0,,flat
2024-03-13,BTC,0.00047682,0.0004819434465,0.0003599008636,42917.07283,73072.41,3084.737613,0,0,,flat
2024-03-14,BTC,0.0003380133333,0.0004099783899,0.0003584887648,43200.37501,71388.94,3237.399212,0,0,,flat
2024-03-15,BTC,0.0002271633333,0.0003185708616,0.0003500161564,43462.06135,69499.85,3493.278554,1,0,,flat
2024-03-16,BTC,0.00018005,0.0002493104308,0.0003390505979,43679.36055,65300.63,3619.687229,1,1,60766.64361,enter_long
2024-03-17,BTC,0.00018563,0.0002174702154,0.0003291524948,43925.2722,68393.48,3673.380998,1,1,60766.64361,hold
2024-03-18,BTC,0.00025991,0.0002386901077,0.0003246852371,44160.94105,67609.99,3581.76807,1,1,60766.64361,hold
2024-03-19,BTC,0.0002666866667,0.0002526883872,0.0003209433938,44337.82125,61937.4,3795.149636,1,1,60766.64361,hold
2024-03-20,BTC,0.00014745,0.0002000691936,0.0003097502716,44571.67887,67840.51,4047.281805,1,1,60766.64361,hold
2024-03-21,BTC,0.0001640566667,0.0001820629301,0.0003003506842,44779.93352,65501.27,4023.294533,1,1,60766.64361,hold
2024-03-22,BTC,0.0001275466667,0.0001548047984,0.0002892020379,44969.15449,63796.64,4049.460638,1,1,60766.64361,hold
2024-03-23,BTC,0.0001026866667,0.0001287457325,0.0002771687882,45158.41675,63990.01,3974.427735,1,1,60766.64361,hold
2024-03-24,BTC,0.00013617,0.0001324578663,0.0002680720922,45377.8354,67209.99,3965.997183,1,1,60766.64361,hold
2024-03-25,BTC,0.0002356266667,0.0001840422665,0.0002659788389,45621.63815,69880.01,4023.064527,1,1,60766.64361,hold
2024-03-26,BTC,0.0002235833333,0.0002038127999,0.000263243645,45864.08953,69988,3898.638489,1,1,60766.64361,hold
2024-03-27,BTC,0.0003397966667,0.0002718047333,0.0002681825496,46098.97412,69469.99,3863.761454,0,1,60766.64361,hold
2024-03-28,BTC,0.0002784133333,0.0002751090333,0.0002688426002,46344.56245,70780.6,3776.952779,0,0,,exit
2024-03-29,BTC,0.0002462533333,0.0002606811833,0.0002673852281,46578.45279,69850.54,3643.396152,1,0,,flat
2024-03-30,BTC,0.0002875033333,0.0002740922583,0.0002686831704,46807.34561,69582.18,3438.946427,0,1,60742.03962,enter_long
2024-03-31,BTC,0.0003751366667,0.0003246144625,0.0002755511379,47050.85473,71280.01,3322.093825,0,0,,exit
2024-04-01,BTC,0.00043707,0.0003808422312,0.0002859717096,47275.71987,69649.8,3315.18498,0,0,,flat
2024-04-02,BTC,0.0001246066667,0.000252724449,0.0002755610617,47456.69769,65463.99,3444.402482,1,0,,flat
2024-04-03,BTC,0.0001,0.0001763622245,0.0002642345416,47640.8428,65963.28,3370.55659,1,1,56852.9838,enter_long
2024-04-04,BTC,0.0001,0.0001381811122,0.0002536387647,47848.27512,68487.79,3433.044691,1,1,56852.9838,hold
2024-04-05,BTC,0.0001,0.0001190905561,0.0002437265864,48047.00493,67820.62,3388.120784,1,1,56852.9838,hold
2024-04-06,BTC,0.0001,0.0001095452781,0.0002344539034,48254.45763,68896,3306.410014,1,1,56852.9838,hold
2024-04-07,BTC,0.0001,0.000104772639,0.000225779458,48464.46692,69360.39,3177.544299,1,1,56852.9838,hold
2024-04-08,BTC,0.0001839633333,0.0001443679862,0.0002230816435,48694.87024,71620,3218.773277,1,1,56852.9838,hold
2024-04-09,BTC,0.00020193,0.0001731489931,0.0002217170213,48898.36408,69146,3242.303043,1,1,56852.9838,hold
2024-04-10,BTC,0.00011462,0.0001438844965,0.0002148075361,49114.61003,70631.08,3271.715683,1,1,56852.9838,hold
2024-04-11,BTC,0.00017965,0.0001617672483,0.0002125393079,49322.48685,70006.23,3162.213134,1,1,56852.9838,hold
2024-04-12,BTC,0.0001636733333,0.0001627202908,0.0002093866644,49499.54192,67116.52,3374.955053,1,1,56852.9838,hold
2024-04-13,BTC,0.0001,0.0001313601454,0.0002023294603,49643.07395,63924.51,3653.060407,1,1,56852.9838,hold
2024-04-14,BTC,0.0001,0.0001156800727,0.0001957275596,49802.46466,65661.84,3656.841806,1,1,56852.9838,hold
2024-04-15,BTC,7.253e-05,9.410503635e-05,0.00018777933,49937.96243,63419.99,3723.686677,1,1,56852.9838,hold
2024-04-16,BTC,6.330333333e-05,7.870418484e-05,0.0001797486205,50075.82739,63793.39,3655.209057,1,1,56852.9838,hold
2024-04-17,BTC,5.494333333e-05,6.682375909e-05,0.0001716966665,50187.28553,61277.37,3738.46841,1,1,56852.9838,hold
2024-04-18,BTC,3.195e-05,4.938687954e-05,0.0001626807525,50319.45265,63470.08,3708.130667,1,1,56852.9838,hold
2024-04-19,BTC,3.133666667e-05,4.036177311e-05,0.0001542069405,50453.76666,63818.01,3861.120619,1,1,56852.9838,hold
2024-04-20,BTC,4.479333333e-05,4.257755322e-05,0.0001471479981,50597.91416,64940.59,3751.678432,1,1,56852.9838,hold
2024-04-21,BTC,3.121333333e-05,3.689544328e-05,0.0001396683423,50740.63293,64941.15,3587.848544,1,1,56852.9838,hold
2024-04-22,BTC,2.601333333e-05,3.14543883e-05,0.0001323357611,50900.61987,66819.32,3526.741505,1,1,56852.9838,hold
2024-04-23,BTC,9.736666667e-06,2.059552749e-05,0.0001244261421,51054.98187,66414,3376.059969,1,1,56852.9838,hold
2024-04-24,BTC,4.587333333e-05,3.323443041e-05,0.000119358219,51186.66952,64289.59,3382.367828,1,1,56852.9838,hold
2024-04-25,BTC,4.076333333e-05,3.699888187e-05,0.0001142875812,51319.12396,64498.34,3319.622984,1,1,56852.9838,hold
2024-04-26,BTC,2.652e-05,3.175944094e-05,0.0001086251566,51443.01338,63770.01,3191.259199,1,1,56852.9838,hold
2024-04-27,BTC,6.768e-05,4.971972047e-05,0.0001059835336,51562.60509,63461.98,3072.752828,1,1,56852.9838,hold
2024-04-28,BTC,5.69e-06,2.770486023e-05,9.951298303e-05,51677.59032,63118.62,2966.770483,1,1,56852.9838,hold
2024-04-29,BTC,4.948e-05,3.859243012e-05,9.628504864e-05,51798.86803,63866,2930.77402,1,1,56852.9838,hold
2024-04-30,BTC,9.631333333e-05,6.745288173e-05,9.628687346e-05,51887.15791,60672,3117.318733,1,1,56852.9838,hold
2024-05-01,BTC,9.616e-05,8.180644086e-05,9.627868808e-05,51951.61375,58364.97,3200.99668,1,0,,exit
2024-05-02,BTC,4.226666667e-05,6.203655376e-05,9.279404153e-05,52022.35004,59060.61,3166.151203,1,1,50362.4783,enter_long
2024-05-03,BTC,9.26e-06,3.564827688e-05,8.740474853e-05,52130.40636,62882.01,3262.974689,1,1,50362.4783,hold
2024-05-04,BTC,5.474333333e-05,4.519580511e-05,8.529756045e-05,52247.43754,63892.04,3172.688639,1,1,50362.4783,hold
2024-05-05,BTC,3.815333333e-05,4.167456922e-05,8.225599741e-05,52364.49787,64012,3076.341594,1,1,50362.4783,hold
2024-05-06,BTC,2.439e-05,3.303228461e-05,7.852270726e-05,52471.96745,63165.19,3056.602909,1,1,50362.4783,hold
2024-05-07,BTC,5.557666667e-05,4.430447564e-05,7.704231754e-05,52569.87902,62312.08,2992.660558,1,1,50362.4783,hold
2024-05-08,BTC,6.578666667e-05,5.504557115e-05,7.631614652e-05,52655.68152,61193.03,2931.200518,1,1,50362.4783,hold
2024-05-09,BTC,5.405333333e-05,5.454945224e-05,7.487983599e-05,52759.34649,63074.01,2921.759767,1,1,50362.4783,hold
2024-05-10,BTC,4.871e-05,5.162972612e-05,7.319145947e-05,52839.35289,60799.99,2947.491926,1,1,50362.4783,hold
2024-05-11,BTC,5.906333333e-05,5.534652973e-05,7.227996747e-05,52918.82192,60825.99,2810.378932,1,1,50362.4783,hold
2024-05-12,BTC,5.144666667e-05,5.33965982e-05,7.093588354e-05,53004.04748,61483.99,2700.923294,1,1,50362.4783,hold
2024-05-13,BTC,9.206666667e-05,7.273163243e-05,7.229915987e-05,53102.91348,62940.08,2700.913773,0,1,50362.4783,hold
2024-05-14,BTC,8.086e-05,7.679581622e-05,7.285147214e-05,53187.23763,61577.49,2649.104932,0,0,,exit
2024-05-15,BTC,3.996e-05,5.837790811e-05,7.072944168e-05,53316.78253,66206.5,2825.932437,1,0,,flat
2024-05-16,BTC,3.598e-05,4.717895405e-05,6.848754222e-05,53435.37385,65235.21,2777.597263,1,1,59141.67891,enter_long
2024-05-17,BTC,1.721333333e-05,3.219614369e-05,6.517952874e-05,53570.58407,67024,2746.684601,1,1,59141.67891,hold
2024-05-18,BTC,2.616e-05,2.917807185e-05,6.266213979e-05,53703.36632,66915.2,2607.636415,1,1,59141.67891,hold
2024-05-19,BTC,4.442666667e-05,3.680236926e-05,6.148565765e-05,53828.44736,66274.01,2553.001671,1,1,59141.67891,hold
2024-05-20,BTC,3.546e-05,3.613118463e-05,5.980658296e-05,54003.75256,71446.62,2760.305123,1,1,59141.67891,hold
2024-05-21,BTC,0.0001017233333,6.892725898e-05,6.251088944e-05,54164.39523,70148.34,2764.287614,0,1,59141.67891,hold
2024-05-22,BTC,0.0001191966667,9.406196282e-05,6.616803636e-05,54313.6711,69166.62,2697.110642,0,0,,exit
2024-05-23,BTC,0.0001,9.703098141e-05,6.835074369e-05,54449.5515,67969.65,2774.742739,0,0,,flat
2024-05-24,BTC,0.0001,9.851549071e-05,7.039263119e-05,54589.85437,68549.99,2765.823972,0,0,,flat
2024-05-25,BTC,0.0001,9.925774535e-05,7.230278402e-05,54736.13015,69290.57,2647.550831,0,0,,flat
2024-05-26,BTC,0.0001,9.962887268e-05,7.408970118e-05,54873.1604,68507.67,2560.884343,0,0,,flat
2024-05-27,BTC,0.0001,9.981443634e-05,7.576133336e-05,55018.06856,69436.43,2552.075461,0,0,,flat
2024-05-28,BTC,0.0001,9.990721817e-05,7.732511831e-05,55151.2061,68398.39,2535.062929,0,0,,flat
2024-05-29,BTC,0.0001085266667,0.0001042169424,7.933812143e-05,55275.59629,67652.42,2483.346291,0,0,,flat
2024-05-30,BTC,0.0001,0.0001021084712,8.067114585e-05,55405.71145,68352.17,2475.392984,0,0,,flat
2024-05-31,BTC,0.00012289,0.0001124992356,8.339494289e-05,55526.45075,67540.01,2468.157771,0,0,,flat
2024-06-01,BTC,0.0001008333333,0.0001066662845,8.452000034e-05,55648.24577,67766.85,2325.543645,0,0,,flat
2024-06-02,BTC,0.0001,0.0001033331422,8.551871e-05,55768.81676,67765.63,2245.328384,0,0,,flat
2024-06-03,BTC,0.0001137833333,0.0001085582378,8.734223408e-05,55898.57879,68809.9,2276.056357,0,0,,flat
2024-06-04,BTC,0.0001066933333,0.0001076257856,8.85906921e-05,56044.24308,70537.84,2291.775903,0,0,,flat
2024-06-05,BTC,0.0001320433333,0.0001198345594,9.139408831e-05,56194.13121,71108,2226.244767,0,0,,flat
2024-06-06,BTC,0.00010736,0.0001135972797,9.242414713e-05,56339.45389,70799.06,2180.252998,0,0,,flat
2024-06-07,BTC,0.0001005533333,0.0001070753065,9.294861075e-05,56468.96779,69355.6,2280.022069,0,0,,flat
2024-06-08,BTC,0.0001,0.0001035376533,9.340353909e-05,56596.74383,69310.46,2146.747636,0,0,,flat
2024-06-09,BTC,0.0001,0.0001017688266,9.382911721e-05,56726.60848,69648.14,2045.329948,0,0,,flat
2024-06-10,BTC,0.0001,0.0001008844133,9.422723868e-05,56854.10491,69540,1972.352808,0,0,,flat
2024-06-11,BTC,0.0001,0.0001004422067,9.45996749e-05,56958.18586,67314.24,2084.256894,0,0,,flat
2024-06-12,BTC,0.0001,0.0001002211033,9.494808297e-05,57070.68143,68263.99,2156.381401,0,0,,flat
2024-06-13,BTC,0.0001,0.0001001105517,9.52740131e-05,57167.22201,66773.01,2159.319873,0,0,,flat
2024-06-14,BTC,0.0001,0.0001000552758,9.557891548e-05,57255.54807,66043.99,2168.814167,0,0,,flat
2024-06-15,BTC,0.0001,0.0001000276379,9.586414674e-05,57344.82868,66228.25,2058.283155,0,0,,flat
2024-06-16,BTC,0.0001,0.000100013819,9.613097598e-05,57437.68482,66676.87,1980.134359,0,0,,flat
2024-06-17,BTC,0.0001,0.0001000069095,9.638059044e-05,57527.9002,66504.33,1993.61119,0,0,,flat
2024-06-18,BTC,9.412e-05,9.706345474e-05,9.623474589e-05,57603.99393,65175.32,2031.798248,0,0,,flat
2024-06-19,BTC,5.698e-05,7.702172737e-05,9.370218164e-05,57677.33101,64974.37,1962.494087,1,0,,flat
2024-06-20,BTC,5.588666667e-05,6.645419702e-05,9.1262471e-05,57748.89975,64869.99,1959.72951,1,1,60068.13478,enter_long
2024-06-21,BTC,6.890666667e-05,6.768043184e-05,8.982016104e-05,57812.52822,64143.56,1940.270973,1,1,60068.13478,hold
2024-06-22,BTC,8.048666667e-05,7.408354925e-05,8.921800011e-05,57876.70217,64262.01,1844.750904,1,1,60068.13478,hold
2024-06-23,BTC,5.661e-05,6.534677463e-05,8.711425817e-05,57929.76991,63210.01,1808.888696,1,1,60068.13478,hold
2024-06-24,BTC,9.007333333e-05,7.771005398e-05,8.730516624e-05,57953.28762,60293.3,2034.525218,1,0,,exit
2024-06-25,BTC,7.049333333e-05,7.410169366e-05,8.622053186e-05,57991.62317,61806.01,2043.697702,1,1,55206.98695,enter_long
2024-06-26,BTC,0.0001,8.705084683e-05,8.710952981e-05,58020.21388,60864.99,2024.562867,1,1,55206.98695,hold
2024-06-27,BTC,0.0001,9.352542341e-05,8.794117305e-05,58056.89305,61706.47,2007.27909,0,1,55206.98695,hold
2024-06-28,BTC,0.0001,9.676271171e-05,8.871916188e-05,58080.48456,60427.84,2018.352727,0,0,,exit
2024-06-29,BTC,0.0001,9.838135585e-05,8.944695789e-05,58109.40193,60986.68,1934.201103,0,0,,flat
2024-06-30,BTC,0.0001,9.919067793e-05,9.012779932e-05,58155.79604,62772.01,1963.654596,0,0,,flat
2024-07-01,BTC,0.0001,9.959533896e-05,9.076471549e-05,58203.00195,62899.99,1920.862125,0,0,,flat
2024-07-02,BTC,0.0001,9.979766948e-05,9.13605403e-05,58242.13099,62135.47,1889.554116,0,0,,flat
2024-07-03,BTC,0.0001,9.989883474e-05,9.191792479e-05,58261.69764,60208.58,1960.724536,0,0,,flat
2024-07-04,BTC,0.0001,9.994941737e-05,9.2439349e-05,58249.64105,57050.01,2086.900641,-1,0,,flat
2024-07-05,BTC,7.254e-05,8.624470869e-05,9.115552003e-05,58233.51318,56628.79,2227.841309,0,-1,62267.2716,enter_short
2024-07-06,BTC,5.497e-05,7.060735434e-05,8.882097035e-05,58233.47952,58230.13,2244.209787,0,0,,exit
2024-07-07,BTC,9.388e-05,8.224367717e-05,8.914735936e-05,58209.84101,55857.81,2278.558374,0,0,,flat
2024-07-08,BTC,8.709e-05,8.466683859e-05,8.90146265e-05,58194.96319,56714.62,2399.844919,0,0,,flat
2024-07-09,BTC,6.953666667e-05,7.710175263e-05,8.775798393e-05,58193.52077,58050,2371.752424,0,0,,flat
2024-07-10,BTC,8.236666667e-05,7.973420965e-05,8.741015701e-05,58188.86733,57725.85,2367.499394,0,0,,flat
2024-07-11,BTC,0.0001,8.986710482e-05,8.822240494e-05,58180.4198,57339.89,2384.10658,-1,0,,flat
2024-07-12,BTC,4.480333333e-05,6.733521908e-05,8.542117452e-05,58177.52109,57889.1,2355.542539,0,-1,63300.15645,enter_short
2024-07-13,BTC,8.394666667e-05,7.564094287e-05,8.532604498e-05,58187.73501,59204.02,2336.815929,1,0,,exit
2024-07-14,BTC,6.929666667e-05,7.246880477e-05,8.429189154e-05,58213.7069,60797.91,2328.949077,1,1,53361.97018,enter_long
2024-07-15,BTC,2.426e-05,4.836440238e-05,8.041886628e-05,58278.48733,64724.14,2467.431286,1,1,53361.97018,hold
2024-07-16,BTC,2.156333333e-05,3.496386786e-05,7.662173512e-05,58345.80577,65043.99,2506.595479,1,1,53361.97018,hold
2024-07-17,BTC,1.663333333e-06,1.83136006e-05,7.17857092e-05,58402.94193,64087.99,2490.026517,1,1,53361.97018,hold
2024-07-18,BTC,1.787333333e-05,1.809346696e-05,6.83074914e-05,58458.51385,63987.92,2447.511765,1,1,53361.97018,hold
2024-07-19,BTC,4.496666667e-05,3.153006682e-05,6.680163174e-05,58540.12068,66660,2564.498782,1,1,53361.97018,hold
2024-07-20,BTC,1.63e-06,1.658003341e-05,6.259701034e-05,58625.69122,67139.96,2479.573155,1,1,53361.97018,hold
2024-07-21,BTC,-8.243333333e-06,4.168350037e-06,5.802666559e-05,58720.6131,68165.34,2487.436501,1,1,53361.97018,hold
2024-07-22,BTC,5.952666667e-05,3.184750835e-05,5.812343985e-05,58808.2887,67532.01,2446.51818,1,1,53361.97018,hold
2024-07-23,BTC,4.553666667e-05,3.869208751e-05,5.731138997e-05,58879.2113,65936.01,2436.759738,1,1,53361.97018,hold
2024-07-24,BTC,0.0001,6.934604375e-05,6.006549384e-05,58943.85596,65376,2404.920471,0,1,53361.97018,hold
2024-07-25,BTC,0.0001,8.467302188e-05,6.264191359e-05,59012.0758,65799.95,2427.339723,0,0,,exit
2024-07-26,BTC,7.78e-05,8.123651094e-05,6.361985465e-05,59100.59237,67907.99,2430.913314,0,0,,flat
2024-07-27,BTC,7.892666667e-05,8.00815888e-05,6.460739091e-05,59188.11384,67896.5,2453.704506,0,0,,flat
2024-07-28,BTC,6.720333333e-05,7.364246107e-05,6.477487107e-05,59278.28067,68249.88,2367.852041,0,0,,flat
2024-07-29,BTC,7.994666667e-05,7.679456387e-05,6.575369659e-05,59352.97131,66784.69,2459.576181,0,0,,flat
2024-07-30,BTC,4.883e-05,6.281228193e-05,6.46618452e-05,59420.98154,66188,2405.130026,1,0,,flat
2024-07-31,BTC,4.689e-05,5.485114097e-05,6.351527454e-05,59472.79267,64628,2398.995024,1,1,60175.17494,enter_long
2024-08-01,BTC,9.402666667e-05,7.443890382e-05,6.548375145e-05,59531.31235,65354.02,2467.479665,0,1,60175.17494,hold
2024-08-02,BTC,0.0001,8.721945191e-05,6.771060619e-05,59550.88466,61498.33,2603.097546,0,0,,exit
2024-08-03,BTC,8.011666667e-05,8.366805929e-05,6.851099719e-05,59562.29865,60697.99,2584.892007,0,0,,flat
2024-08-04,BTC,8.447666667e-05,8.407236298e-05,6.954104038e-05,59548.35538,58161,2685.604006,-1,0,,flat
2024-08-05,BTC,6.798666667e-05,7.602951482e-05,6.944075821e-05,59493.33503,54018.81,3158.460149,-1,-1,64875.01002,enter_short
2024-08-06,BTC,1.735333333e-05,4.669142408e-05,6.608027919e-05,59458.79448,56022.01,3153.640853,0,-1,64875.01002,hold
2024-08-07,BTC,-1.449333333e-05,1.609904537e-05,6.08819816e-05,59415.76329,55134.16,3155.340077,0,0,,exit
2024-08-08,BTC,2.29e-05,1.949952269e-05,5.843153118e-05,59438.35261,61685.99,3502.468643,1,0,,flat
2024-08-09,BTC,4.008e-05,2.978976134e-05,5.724756142e-05,59452.27935,60837.99,3410.104454,1,1,52929.82839,enter_long
2024-08-10,BTC,-2.423333333e-05,2.778214005e-06,5.19907295e-05,59466.91846,60923.51,3254.281279,1,1,52929.82839,hold
2024-08-11,BTC,1.131666667e-05,7.047440336e-06,4.936659642e-05,59459.4127,58712.59,3276.923331,0,1,52929.82839,hold
2024-08-12,BTC,2.552666667e-05,1.62870535e-05,4.782853643e-05,59458.29059,59346.64,3262.063093,0,0,,exit
2024-08-13,BTC,9.196666667e-06,1.274186008e-05,4.533615774e-05,59469.52302,60587.15,3256.5743,1,0,,flat
2024-08-14,BTC,-2.663e-05,-6.944069958e-06,4.069317982e-05,59461.7008,58683.39,3264.448993,0,1,52445.72425,enter_long
2024-08-15,BTC,-2.776666667e-05,-1.735536831e-05,3.627641553e-05,59442.58995,57541.06,3300.619779,0,0,,exit
2024-08-16,BTC,-6.393e-05,-4.064268416e-05,2.98114855e-05,59436.93831,58874.6,3259.085509,0,0,,flat
2024-08-17,BTC,1.979e-05,-1.042634208e-05,2.916493805e-05,59437.48608,59491.99,3091.647259,1,0,,flat
2024-08-18,BTC,-1.686666667e-06,-6.056504372e-06,2.717451193e-05,59427.43498,58427.35,3004.820312,0,1,51762.87185,enter_long
2024-08-19,BTC,-4.107666667e-05,-2.356658552e-05,2.277121009e-05,59427.54508,59438.5,2920.928147,1,0,,exit
2024-08-20,BTC,3.733333333e-07,-1.159662609e-05,2.132618578e-05,59423.42821,59013.8,2915.988279,0,1,52136.17963,enter_long
2024-08-21,BTC,-2.317e-05,-1.738331305e-05,1.845546412e-05,59440.66803,61156.03,2924.66483,1,0,,exit
2024-08-22,BTC,-2.717333333e-05,-2.227832319e-05,1.551167074e-05,59449.97322,60375.84,2835.412343,1,1,53844.36792,enter_long
2024-08-23,BTC,-1.751666667e-05,-1.989749493e-05,1.338081026e-05,59495.61767,64037.24,2962.37289,1,1,53844.36792,hold
2024-08-24,BTC,1.633333333e-05,-1.782080797e-06,1.357129562e-05,59541.99968,64157.01,2819.596255,1,1,53844.36792,hold
2024-08-25,BTC,-1.076333333e-05,-6.272707065e-06,1.200131956e-05,59588.54695,64220,2705.820094,1,1,53844.36792,hold
2024-08-26,BTC,3.225333333e-05,1.299031313e-05,1.330790109e-05,59620.84002,62834,2632.618658,1,1,53844.36792,hold
2024-08-27,BTC,4.099666667e-05,2.69934899e-05,1.509427306e-05,59618.79186,59415,2814.430897,-1,1,53844.36792,hold
2024-08-28,BTC,-1.075666667e-05,8.118411617e-06,1.34264705e-05,59612.98199,59034.9,2783.041547,0,-1,66451.07724,enter_short
2024-08-29,BTC,-6.87e-06,6.242058084e-07,1.211702079e-05,59610.4549,59359.01,2759.531437,0,0,,exit
2024-08-30,BTC,2.480333333e-05,1.271376957e-05,1.293549257e-05,59605.61446,59123.99,2722.634191,0,0,,flat
2024-08-31,BTC,1.876333333e-05,1.573855145e-05,1.331148229e-05,59599.32964,58973.99,2579.473178,-1,0,,flat
2024-09-01,BTC,9.966666667e-07,8.367609059e-06,1.251697806e-05,59576.46924,57301.86,2529.195808,0,-1,65422.68294,enter_short
2024-09-02,BTC,-1.167e-05,-1.65119547e-06,1.095652786e-05,59572.04796,59132.13,2512.659679,0,0,,exit
2024-09-03,BTC,5.322e-05,2.578440226e-05,1.368320348e-05,59551.30847,57487.73,2504.230416,-1,0,,flat
2024-09-04,BTC,5.963333333e-06,1.58738678e-05,1.318514735e-05,59535.58302,57970.9,2533.428243,-1,-1,63748.31604,enter_short
2024-09-05,BTC,4.510333333e-05,3.048860057e-05,1.524438515e-05,59502.19413,56180,2544.14194,-1,-1,63748.31604,hold
2024-09-06,BTC,1.235666667e-05,2.142263362e-05,1.505808073e-05,59447.07747,53962.97,2680.846087,-1,-1,63748.31604,hold
2024-09-07,BTC,-5.142333333e-05,-1.500034986e-05,1.076895724e-05,59394.47829,54160.86,2568.247081,0,-1,63748.31604,hold
2024-09-08,BTC,-2.499666667e-05,-1.999850826e-05,8.461497637e-06,59349.45811,54869.95,2505.443004,0,0,,exit
2024-09-09,BTC,-6.189333333e-05,-4.09459208e-05,3.922476284e-06,59326.49833,57042,2576.199932,0,0,,flat
2024-09-10,BTC,-3.361333333e-05,-3.727962707e-05,1.500811148e-06,59309.67735,57635.99,2510.611366,0,0,,flat
2024-09-11,BTC,-5.470666667e-05,-4.599314687e-05,-2.125477743e-06,59290.05867,57338,2505.319125,0,0,,flat
2024-09-12,BTC,-1.815666667e-05,-3.207490677e-05,-3.159747997e-06,59278.53888,58132.32,2416.653473,0,0,,flat
2024-09-13,BTC,-1.127e-05,-2.167245338e-05,-3.682990061e-06,59290.67282,60498,2457.776797,1,0,,flat
2024-09-14,BTC,-1.838e-05,-2.002622669e-05,-4.631184251e-06,59297.66145,59993.03,2368.682026,1,1,54353.54801,enter_long
2024-09-15,BTC,-2.933333333e-07,-1.015978001e-05,-4.351322901e-06,59296.01308,59132,2321.258309,0,1,54353.54801,hold
2024-09-16,BTC,4.242666667e-05,1.613344333e-05,-1.33338809e-06,59285.24668,58213.99,2278.125573,-1,0,,exit
2024-09-17,BTC,5.255666667e-05,3.4345055e-05,2.143389636e-06,59295.48293,60313.99,2380.401604,0,-1,63909.30393,enter_short
2024-09-18,BTC,2.556666667e-05,2.995586083e-05,3.654568799e-06,59320.00539,61759.99,2396.904346,0,0,,exit
2024-09-19,BTC,3.511e-05,3.253293042e-05,5.683951457e-06,59356.10474,62947.99,2389.625464,0,0,,flat
2024-09-20,BTC,4.368333333e-05,3.810813187e-05,8.135524481e-06,59394.3629,63201.05,2346.317931,0,0,,flat
2024-09-21,BTC,7.624e-05,5.717406594e-05,1.252936161e-05,59433.71213,63348.96,2236.002365,0,0,,flat
2024-09-22,BTC,7.025333333e-05,6.371369964e-05,1.625348882e-05,59474.95638,63578.76,2193.578624,0,0,,flat
2024-09-23,BTC,4.404666667e-05,5.388018315e-05,1.804659707e-05,59513.41443,63339.99,2194.54658,0,0,,flat
2024-09-24,BTC,1.679e-05,3.533509158e-05,1.796552629e-05,59560.671,64262.7,2179.793253,0,0,,flat
2024-09-25,BTC,1.233333333e-05,2.383421245e-05,1.7602159e-05,59596.40572,63152.01,2157.730163,0,0,,flat
2024-09-26,BTC,5.965333333e-05,4.174377289e-05,2.031513799e-05,59651.90407,65173.99,2229.963723,0,0,,flat
2024-09-27,BTC,6.332333333e-05,5.253355311e-05,2.308986027e-05,59712.78015,65769.95,2190.544886,0,0,,flat
2024-09-28,BTC,5.056333333e-05,5.154844322e-05,2.48623424e-05,59773.92662,65858,2093.918108,0,0,,flat
2024-09-29,BTC,3.702e-05,4.428422161e-05,2.564670741e-05,59831.9175,65602.01,1990.3611,0,0,,flat
2024-09-30,BTC,7.005333333e-05,5.716877747e-05,2.851165102e-05,59866.70031,63327.59,2045.513879,0,0,,flat
2024-10-01,BTC,0.0001,7.858438874e-05,3.312380257e-05,59876.04439,60805.78,2182.736459,0,0,,flat
2024-10-02,BTC,7.744e-05,7.801219437e-05,3.598291208e-05,59883.73827,60649.28,2197.56314,0,0,,flat
2024-10-03,BTC,4.372333333e-05,6.086776385e-05,3.648229409e-05,59892.38476,60752.71,2158.385773,0,0,,flat
2024-10-04,BTC,3.153e-05,4.619888193e-05,3.616279125e-05,59914.21178,62086,2148.854647,0,0,,flat
2024-10-05,BTC,1.176666667e-06,2.36877743e-05,3.390562192e-05,59935.543,62058,2044.029315,1,0,,flat
2024-10-06,BTC,2.68e-05,2.524388715e-05,3.34471947e-05,59964.24317,62819.91,1982.029364,1,1,56947.93671,enter_long
2024-10-07,BTC,1.932666667e-05,2.228527691e-05,3.253619289e-05,59986.72831,62224,2008.326552,1,1,56947.93671,hold
2024-10-08,BTC,4.505333333e-05,3.366930512e-05,3.334375034e-05,60008.35778,62160.49,1960.566798,0,1,56947.93671,hold
2024-10-09,BTC,7.692333333e-05,5.529631923e-05,3.615533634e-05,60014.60318,60636.02,1980.722741,0,0,,exit
2024-10-10,BTC,4.540666667e-05,5.035149295e-05,3.675219636e-05,60017.70554,60326.39,2008.933974,0,0,,flat
2024-10-11,BTC,1.59e-06,2.597074647e-05,3.448366756e-05,60042.80299,62540,2103.290119,1,0,,flat
2024-10-12,BTC,3.577666667e-05,3.087370657e-05,3.456708686e-05,60074.27978,63206.22,2023.967253,1,1,57281.7647,enter_long
2024-10-13,BTC,2.089666667e-05,2.588518662e-05,3.368512427e-05,60102.09809,62870.02,1967.663878,1,1,57281.7647,hold
2024-10-14,BTC,8.476333333e-05,5.532425998e-05,3.698049259e-05,60161.6194,66083.99,2115.844315,0,1,57281.7647,hold
2024-10-15,BTC,0.0001,7.766212999e-05,4.104626727e-05,60230.4007,67074.14,2189.711864,0,0,,exit
2024-10-16,BTC,8.941666667e-05,8.353939833e-05,4.416693819e-05,60303.92915,67620.01,2152.840302,0,0,,flat
2024-10-17,BTC,0.0001,9.176969916e-05,4.776907121e-05,60374.75354,67421.78,2090.023138,0,0,,flat
2024-10-18,BTC,0.0001,9.588484958e-05,5.113880855e-05,60454.88535,68428,2069.852914,0,0,,flat
2024-10-19,BTC,0.0001,9.794242479e-05,5.429114349e-05,60533.72231,68378,1970.810563,0,0,,flat
2024-10-20,BTC,0.0001,9.89712124e-05,5.724010197e-05,60618.28219,69031.99,1922.895523,0,0,,flat
2024-10-21,BTC,0.0001,9.94856062e-05,5.999880507e-05,60685.53809,67377.5,1976.892271,0,0,,flat
2024-10-22,BTC,0.0001,9.97428031e-05,6.257952732e-05,60752.60736,67426,1926.013537,0,0,,flat
2024-10-23,BTC,0.0001,9.987140155e-05,6.499375137e-05,60811.47346,66668.65,1946.500428,0,0,,flat
2024-10-24,BTC,0.0001,9.993570077e-05,6.725221902e-05,60884.97402,68198.28,1974.60754,0,0,,flat
2024-10-25,BTC,0.0001,9.996785039e-05,6.936497908e-05,60942.81836,66698.33,2060.364144,0,0,,flat
2024-10-26,BTC,7.441333333e-05,8.719059186e-05,6.969067936e-05,61004.01181,67092.76,1985.670277,0,0,,flat
2024-10-27,BTC,9.908e-05,9.313529593e-05,7.158676456e-05,61073.83955,68021.7,1945.145257,0,0,,flat
2024-10-28,BTC,9.457e-05,9.385264797e-05,7.306955394e-05,61162.28105,69962.21,1995.634881,0,0,,flat
2024-10-29,BTC,0.0001,9.692632398e-05,7.480700208e-05,61277.44661,72736.42,2128.81239,0,0,,flat
2024-10-30,BTC,0.0001,9.846316199e-05,7.643235678e-05,61387.56894,72344.74,2085.682933,0,0,,flat
2024-10-31,BTC,0.0001,9.9231581e-05,7.795284989e-05,61476.17034,70292.01,2152.008438,0,0,,flat
2024-11-01,BTC,0.0001,9.96157905e-05,7.937524667e-05,61555.96974,69496.01,2199.20855,0,0,,flat
2024-11-02,BTC,0.0001,9.980789525e-05,8.070587592e-05,61633.76845,69374.74,2107.424368,0,0,,flat
2024-11-03,BTC,0.0001,9.990394762e-05,8.195065812e-05,61704.83533,68775.99,2093.48477,0,0,,flat
2024-11-04,BTC,0.0001,9.995197381e-05,8.311513179e-05,61765.98135,67850.01,2134.307286,0,0,,flat
2024-11-05,BTC,0.0001,9.997598691e-05,8.420447813e-05,61841.66323,69372.01,2203.376766,0,0,,flat
2024-11-06,BTC,0.0001,9.998799345e-05,8.522354405e-05,61978.28339,75571.99,2553.278426,0,0,,flat
2024-11-07,BTC,0.0001,9.999399673e-05,8.617686379e-05,62116.38893,75857.89,2544.757824,0,0,,flat
2024-11-08,BTC,0.0001,9.999699836e-05,8.706867903e-05,62259.60676,76509.78,2480.488693,0,0,,flat
2024-11-09,BTC,0.0001,9.999849918e-05,8.79029578e-05,62403.06798,76677.46,2387.978072,0,0,,flat
2024-11-10,BTC,0.00016572,0.0001328592496,9.292341214e-05,62581.84353,80370.01,2575.122496,0,0,,flat
2024-11-11,BTC,0.0001895933333,0.0001612262915,9.916018125e-05,62841.20817,88647.99,3056.508746,0,0,,flat
2024-11-12,BTC,0.0004387466667,0.0002999864791,0.0001210689868,63091.0669,87952.01,3185.900979,0,0,,flat
2024-11-13,BTC,0.0001498566667,0.0002249215729,0.0001229262564,63362.55081,90375.2,3468.168766,0,0,,flat
2024-11-14,BTC,0.0001,0.0001624607864,0.0001214471431,63600.98901,87325.59,3586.284568,0,0,,flat
2024-11-15,BTC,0.0001032566667,0.0001328587265,0.000120273564,63873.93509,91032.07,3671.308528,0,0,,flat
2024-11-16,BTC,0.00011077,0.0001218143633,0.0001196604308,64139.73594,90586.92,3532.178633,0,0,,flat
2024-11-17,BTC,0.00012114,0.0001214771816,0.0001197558869,64395.61906,89855.99,3474.736588,0,0,,flat
2024-11-18,BTC,0.0002258933333,0.0001736852575,0.0001266034641,64655.00674,90464.08,3456.333974,0,0,,flat
2024-11-19,BTC,0.0002326033333,0.0002031442954,0.0001334421653,64930.18866,92310.79,3462.917976,0,0,,flat
2024-11-20,BTC,0.0001,0.0001515721477,0.0001312846063,65222.29186,94286.56,3453.564549,0,0,,flat
2024-11-21,BTC,0.0001,0.0001257860739,0.0001292662446,65551.59364,98317.12,3560.309939,1,0,,flat
2024-11-22,BTC,0.0001,0.0001128930369,0.0001273780998,65883.33897,98892,3482.1378,1,1,89416.34515,enter_long
2024-11-23,BTC,0.0001,0.0001064465185,0.0001256117708,66199.64804,97672.4,3360.045814,1,1,89416.34515,hold
2024-11-24,BTC,0.0001645866667,0.0001355165926,0.0001281262802,66515.07483,97900.04,3322.130399,0,1,89416.34515,hold
2024-11-25,BTC,0.00018756,0.0001615382963,0.0001319607137,66778.70603,93010.01,3532.807513,0,0,,exit
2024-11-26,BTC,0.0002314566667,0.0001964974815,0.0001383798074,67029.31751,91965.16,3579.197691,0,0,,flat
2024-11-27,BTC,0.0001933333333,0.0001949154074,0.0001419251962,67316.22092,95863.11,3710.402856,0,0,,flat
2024-11-28,BTC,0.0001206166667,0.000157766037,0.0001405504524,67598.08917,95643.98,3582.802652,0,0,,flat
2024-11-29,BTC,0.0001809566667,0.0001693613519,0.0001431573049,67895.22261,97460,3559.388177,0,0,,flat
2024-11-30,BTC,0.0001265733333,0.0001479673426,0.0001420873713,68178.93174,96407.99,3403.141878,0,0,,flat
2024-12-01,BTC,0.0001516066667,0.0001497870046,0.0001427015193,68467.55113,97185.18,3313.068887,0,0,,flat
2024-12-02,BTC,0.00021223,0.0001810085023,0.0001471872278,68739.91997,95840.62,3343.206824,0,0,,flat
2024-12-03,BTC,0.0001655233333,0.0001732659178,0.0001483702023,69009.66893,95849.69,3299.217051,0,0,,flat
2024-12-04,BTC,0.00025374,0.0002135029589,0.0001551682538,69303.97392,98587.32,3378.71369,0,0,,flat
2024-12-05,BTC,0.0004904333333,0.0003519681461,0.0001767982589,69579.01527,96945.63,4107.948426,0,0,,flat
2024-12-06,BTC,0.0001154466667,0.0002337074064,0.0001728400917,69879.13293,99740.84,4237.185682,0,0,,flat
2024-12-07,BTC,0.0001947866667,0.0002142470365,0.0001742559997,70177.17131,99831.99,4048.47099,0,0,,flat
2024-12-08,BTC,0.0001704566667,0.0001923518516,0.0001740108815,70484.95658,101109.59,3951.673062,0,0,,flat
2024-12-09,BTC,0.0002085333333,0.0002004425925,0.0001762381364,70751.5388,97276.47,4174.116415,0,0,,flat
2024-12-10,BTC,0.0001,0.0001502212962,0.000171319547,71008.66777,96593,4162.640957,1,0,,flat
2024-12-11,BTC,0.0001,0.0001251106481,0.0001667182859,71308.33277,101125,4310.292317,1,1,86186.39761,enter_long
2024-12-12,BTC,0.0001,0.0001125553241,0.0001624138804,71593.86468,100004.29,4233.011437,1,1,86186.39761,hold
2024-12-13,BTC,0.0001,0.000106277662,0.0001583871784,71890.68444,101424.25,4122.814906,1,1,86186.39761,hold
2024-12-14,BTC,8.916666667e-05,9.772216435e-05,0.0001539213389,72184.50847,101420,3974.084555,1,1,86186.39761,hold
2024-12-15,BTC,9.398e-05,9.585108217e-05,0.0001500541558,72505.69735,104463.99,3976.85423,1,1,86186.39761,hold
2024-12-16,BTC,9.727e-05,9.656054109e-05,0.0001466487264,72839.55767,106058.66,4011.369642,1,1,86186.39761,hold
2024-12-17,BTC,9.288666667e-05,9.472360388e-05,0.0001431802064,73170.84307,106133.74,3941.379668,1,1,86186.39761,hold
2024-12-18,BTC,9.719666667e-05,9.596013527e-05,0.0001402135264,73439.82981,100204.01,4125.922549,1,1,86186.39761,hold
2024-12-19,BTC,0.0001,9.798006764e-05,0.0001376191053,73678.85498,97461.86,4338.364509,1,1,86186.39761,hold
2024-12-20,BTC,0.0001,9.899003382e-05,0.0001351920663,73918.92051,97805.44,4457.085616,1,1,86186.39761,hold
2024-12-21,BTC,7.068666667e-05,8.483835024e-05,0.0001310304276,74151.48836,97291.99,4363.166643,1,1,86186.39761,hold
2024-12-22,BTC,9.876333333e-05,9.180084179e-05,0.0001289486796,74360.78968,95186.27,4279.921169,1,1,86186.39761,hold
2024-12-23,BTC,9.660333333e-05,9.420208756e-05,0.0001268618831,74564.97555,94881.47,4261.278228,1,1,86186.39761,hold
2024-12-24,BTC,0.0001,9.710104378e-05,0.0001251288583,74804.76266,98663.58,4379.684783,1,1,86186.39761,hold
2024-12-25,BTC,0.0001,9.855052189e-05,0.0001235076417,75049.78592,99429.6,4205.216585,1,1,86186.39761,hold
2024-12-26,BTC,8.621666667e-05,9.238359428e-05,0.0001211017723,75256.17213,95791.6,4245.169686,1,1,86186.39761,hold
2024-12-27,BTC,0.0001,9.619179714e-05,0.0001197403677,75445.6533,94299.03,4230.841137,1,1,86186.39761,hold
2024-12-28,BTC,7.604e-05,8.611589857e-05,0.0001169209891,75643.20899,95300,4042.804627,1,1,86186.39761,hold
2024-12-29,BTC,9.337666667e-05,8.974628262e-05,0.0001154020006,75823.25865,93738.2,3920.495725,1,1,86186.39761,hold
2024-12-30,BTC,6.249666667e-05,7.612147464e-05,0.0001119887532,75992.10235,92792.05,3890.035316,1,1,86186.39761,hold
2024-12-31,BTC,0.0001,8.806073732e-05,0.0001112152853,76167.06651,93576,3913.337793,1,1,86186.39761,hold
2025-01-01,BTC,0.0001,9.403036866e-05,0.0001104917185,76350.39709,94591.79,3795.467237,1,1,86186.39761,hold
2025-01-02,BTC,0.0001,9.701518433e-05,0.0001098148334,76555.71443,96984.79,3770.612434,1,1,86186.39761,hold
2025-01-03,BTC,8.414e-05,9.057759217e-05,0.0001081583925,76770.82354,98174.18,3706.775832,1,1,86186.39761,hold
2025-01-04,BTC,6.165666667e-05,7.611712942e-05,0.0001051582812,76984.25316,98220.5,3532.266129,1,1,86186.39761,hold
2025-01-05,BTC,9.44e-05,8.525856471e-05,0.0001044641985,77196.98308,98363.61,3391.394263,1,1,86186.39761,hold
2025-01-06,BTC,0.0001,9.262928235e-05,0.0001041761857,77446.12355,102235.6,3474.866101,1,1,86186.39761,hold
2025-01-07,BTC,9.060666667e-05,9.161797451e-05,0.0001033007329,77640.23784,96954.61,3693.987808,1,1,86186.39761,hold
2025-01-08,BTC,0.0001,9.580898726e-05,0.0001030877824,77813.57488,95060.61,3770.685108,1,1,86186.39761,hold
2025-01-09,BTC,6.43e-05,8.005449363e-05,0.0001005853448,77960.23075,92552.49,3799.825457,1,1,86186.39761,hold
2025-01-10,BTC,3.661333333e-05,5.833391348e-05,9.645811826e-05,78127.05542,94726.11,3787.693639,1,1,86186.39761,hold
2025-01-11,BTC,4.114333333e-05,4.973862341e-05,9.288942245e-05,78290.96522,94599.99,3604.230522,1,1,86186.39761,hold
2025-01-12,BTC,4.955333333e-05,4.964597837e-05,9.009354574e-05,78452.6975,94545.06,3470.993342,1,1,86186.39761,hold
2025-01-13,BTC,4.378666667e-05,4.671632252e-05,8.710600515e-05,78612.73136,94536.1,3700.444532,1,1,86186.39761,hold
2025-01-14,BTC,9.832e-05,7.251816126e-05,8.782948869e-05,78791.31971,96560.86,3652.182779,1,1,86186.39761,hold
2025-01-15,BTC,6.542666667e-05,6.897241396e-05,8.638414533e-05,79007.30011,100497.35,3690.022581,1,1,86186.39761,hold
2025-01-16,BTC,4.298e-05,5.597620698e-05,8.358387789e-05,79216.05633,99987.3,3678.701682,1,1,86186.39761,hold
2025-01-17,BTC,5.805e-05,5.701310349e-05,8.193653093e-05,79463.43368,104077.48,3838.397991,1,1,86186.39761,hold
2025-01-18,BTC,8.902333333e-05,7.301821841e-05,8.239374399e-05,79713.11324,104556.23,3757.893134,1,1,86186.39761,hold
2025-01-19,BTC,0.0001,8.650910921e-05,8.352963147e-05,79928.22227,101331.57,3973.10291,0,1,86186.39761,hold
2025-01-20,BTC,0.0001,9.32545546e-05,8.45922359e-05,80150.42911,102260.01,4406.309845,0,0,,exit
2025-01-21,BTC,0.0001,9.66272773e-05,8.558628519e-05,80409.06982,106143.82,4600.271285,0,0,,flat
2025-01-22,BTC,0.0001,9.831363865e-05,8.651620228e-05,80640.88663,103706.66,4489.91905,0,0,,flat
2025-01-23,BTC,9.09e-05,9.460681933e-05,8.679902794e-05,80872.42348,103910.34,4568.333404,0,0,,flat
2025-01-24,BTC,5.803666667e-05,7.6321743e-05,8.494339173e-05,81111.21032,104870.5,4554.166732,1,0,,flat
2025-01-25,BTC,7.326333333e-05,7.479253816e-05,8.418983957e-05,81346.39081,104746.85,4313.185537,1,1,93485.09317,enter_long
2025-01-26,BTC,8.935333333e-05,8.207293575e-05,8.45229682e-05,81558.06852,102620,4217.92657,1,1,93485.09317,hold
2025-01-27,BTC,4.298e-05,6.252646787e-05,8.18427767e-05,81762.295,102082.83,4308.233958,1,1,93485.09317,hold
2025-01-28,BTC,7.854e-05,7.053323394e-05,8.162969434e-05,81957.05346,101335.52,4252.454389,1,1,93485.09317,hold
2025-01-29,BTC,9.983e-05,8.518161697e-05,8.28039076e-05,82173.73193,103733.24,4195.46979,0,1,93485.09317,hold
2025-01-30,BTC,9.029666667e-05,8.773914182e-05,8.328731142e-05,82398.10216,104722.94,4122.857662,0,0,,exit
2025-01-31,BTC,7.075e-05,7.924457091e-05,8.247845261e-05,82597.42015,102429.56,4146.367829,1,0,,flat
2025-02-01,BTC,6.478333333e-05,7.201395212e-05,8.133683202e-05,82776.90502,100635.65,4029.070127,1,1,92063.64043,enter_long
2025-02-02,BTC,2.781e-05,4.991197606e-05,7.788348801e-05,82925.3994,97700.59,4120.322261,1,1,92063.64043,hold
2025-02-03,BTC,8.281666667e-05,6.636432136e-05,7.820175761e-05,83108.51503,101328.52,4630.942814,1,0,,exit
2025-02-04,BTC,4.516666667e-05,5.576549402e-05,7.607046142e-05,83254.3321,97763.13,4698.897613,1,1,89751.15297,enter_long
2025-02-05,BTC,1.974333333e-05,3.775441367e-05,7.243645315e-05,83387.24849,96612.43,4577.119212,1,1,89751.15297,hold
2025-02-06,BTC,2.617e-05,3.196220684e-05,6.945152069e-05,83518.26443,96554.35,4496.136411,1,1,89751.15297,hold
2025-02-07,BTC,6.713e-05,4.954610342e-05,6.930174516e-05,83647.50359,96506.8,4497.673096,1,1,89751.15297,hold
2025-02-08,BTC,-8.796666667e-06,2.037471838e-05,6.426313795e-05,83774.83928,96444.74,4261.553589,1,1,89751.15297,hold
2025-02-09,BTC,5.437333333e-05,3.737402585e-05,6.362508604e-05,83901.08714,96462.75,4143.591904,1,1,89751.15297,hold
2025-02-10,BTC,6.145e-05,4.941201293e-05,6.348475791e-05,84035.71135,97430.82,4068.263911,1,1,89751.15297,hold
2025-02-11,BTC,2.954e-05,3.947600646e-05,6.129477352e-05,84152.55203,95778.2,4034.926489,1,1,89751.15297,hold
2025-02-12,BTC,3.719e-05,3.833300323e-05,5.973962685e-05,84289.04395,97869.99,4034.700311,1,1,89751.15297,hold
2025-02-13,BTC,4.974e-05,4.403650162e-05,5.909448963e-05,84411.62203,96608.14,3951.261003,1,1,89751.15297,hold
2025-02-14,BTC,5.567666667e-05,4.985658414e-05,5.887398492e-05,84541.85942,97500.48,3852.826646,1,1,89751.15297,hold
2025-02-15,BTC,2.362333333e-05,3.673995874e-05,5.659974934e-05,84671.48928,97569.66,3631.101885,1,1,89751.15297,hold
2025-02-16,BTC,2.457e-05,3.065497937e-05,5.453331389e-05,84785.3861,96118.12,3490.186751,1,1,89751.15297,hold
2025-02-17,BTC,4.881666667e-05,3.973582302e-05,5.416449794e-05,84894.78524,95780,3372.42984,1,1,89751.15297,hold
2025-02-18,BTC,9.829333333e-05,6.901457818e-05,5.701151958e-05,85002.01862,95671.74,3371.957708,0,1,89751.15297,hold
2025-02-19,BTC,7.915333333e-05,7.408395575e-05,5.84400237e-05,85117.86292,96644.37,3264.675015,0,0,,exit
2025-02-20,BTC,4.345e-05,5.876697788e-05,5.747292539e-05,85249.07821,98305,3195.503228,0,0,,flat
2025-02-21,BTC,7.706666667e-06,3.323682227e-05,5.426219902e-05,85357.8633,96181.98,3296.042283,1,0,,flat
2025-02-22,BTC,6.261333333e-05,4.79250778e-05,5.480098188e-05,85469.2379,96551.01,3147.004263,1,1,87941.88429,enter_long
2025-02-23,BTC,2.91e-05,3.85125389e-05,5.314285402e-05,85576.58876,96258,3023.793959,1,1,87941.88429,hold
2025-02-24,BTC,1.987e-05,2.919126945e-05,5.099621828e-05,85636.05435,91552.88,3175.718676,1,1,87941.88429,hold
2025-02-25,BTC,5.543333333e-05,4.231230139e-05,5.128248376e-05,85666.34635,88680.4,3412.431628,1,0,,exit
2025-02-26,BTC,6.508666667e-05,5.369948403e-05,5.217307621e-05,85652.25424,84250.09,3679.982226,-1,1,80149.31093,enter_long
2025-02-27,BTC,6.040333333e-05,5.705140868e-05,5.270406054e-05,85642.86445,84708.58,3728.695638,-1,-1,93450.04556,enter_short
2025-02-28,BTC,6.197333333e-05,5.951237101e-05,5.330207814e-05,85629.99953,84349.94,3952.46595,-1,-1,93450.04556,hold
2025-03-01,BTC,-2.326666667e-05,1.812285217e-05,4.836215912e-05,85634.32322,86064.53,3865.376953,1,-1,93450.04556,hold
2025-03-02,BTC,-2.248666667e-05,-2.181907248e-06,4.379126713e-05,85720.25035,94270,4299.950028,1,1,76401.09762,enter_long
2025-03-03,BTC,1.816666667e-06,-1.826202908e-07,4.108322839e-05,85725.22905,86220.61,4657.050026,1,1,76401.09762,hold
2025-03-04,BTC,-1.633333333e-06,-9.07976812e-07,3.832732118e-05,85740.71911,87281.98,4857.797881,1,1,76401.09762,hold
2025-03-05,BTC,3.954333333e-05,1.931767826e-05,3.840577358e-05,85789.12996,90606.01,4844.060175,1,1,76401.09762,hold
2025-03-06,BTC,5.589666667e-05,3.760717246e-05,3.95342183e-05,85830.35146,89931.89,4853.387306,1,1,76401.09762,hold
2025-03-07,BTC,-4.1e-07,1.859858623e-05,3.695717196e-05,85840.01711,86801.75,4979.287498,1,1,76401.09762,hold
2025-03-08,BTC,2.303e-05,2.081429312e-05,3.605864473e-05,85843.82242,86222.45,4743.536963,1,1,76401.09762,hold
2025-03-09,BTC,3.479666667e-05,2.780547989e-05,3.597722679e-05,85792.98209,80734.37,4868.998608,0,1,76401.09762,hold
2025-03-10,BTC,3.111e-05,2.945773995e-05,3.566321216e-05,85721.36894,78595.86,4997.18085,0,0,,exit
2025-03-11,BTC,5.570333333e-05,4.258053664e-05,3.69561232e-05,85693.62388,82932.99,5141.053647,-1,0,,flat
2025-03-12,BTC,3.468e-05,3.863026832e-05,3.680927655e-05,85673.58901,83680.12,5054.706958,-1,-1,95785.62412,enter_short
2025-03-13,BTC,1.896333333e-05,2.879680083e-05,3.565792537e-05,85628.23768,81115.78,5007.687175,0,-1,95785.62412,hold
2025-03-14,BTC,3.691333333e-05,3.285506708e-05,3.573891943e-05,85611.86914,83983.2,4970.771663,0,0,,exit
2025-03-15,BTC,-2.915e-05,1.85253354e-06,3.155253753e-05,85599.19821,84338.44,4691.307972,0,0,,flat
2025-03-16,BTC,1.971666667e-05,1.07846001e-05,3.078893296e-05,85569.10201,82574.53,4580.208832,0,0,,flat
2025-03-17,BTC,3.466e-05,2.272230005e-05,3.103867922e-05,85553.58885,84010.03,4417.396058,0,0,,flat
2025-03-18,BTC,2.092e-05,2.182115003e-05,3.038586121e-05,85525.34448,82715.03,4308.087768,0,0,,flat
2025-03-19,BTC,3.728333333e-05,2.955224168e-05,3.083085941e-05,85538.48474,86845.94,4318.427213,1,0,,flat
2025-03-20,BTC,2.273333333e-05,2.614278751e-05,3.030843837e-05,85525.39922,84223.39,4281.285269,0,1,76049.86197,enter_long
2025-03-21,BTC,3.152333333e-05,2.883306042e-05,3.038681869e-05,85511.1046,84088.79,4095.12775,0,0,,exit
2025-03-22,BTC,2.052666667e-05,2.467986354e-05,2.975067985e-05,85494.48256,83840.59,3867.909339,0,0,,flat
2025-03-23,BTC,1.978333333e-05,2.223159844e-05,2.910762524e-05,85500.33348,86082.5,3757.336529,1,0,,flat
2025-03-24,BTC,1.376333333e-05,1.799746589e-05,2.811767092e-05,85520.21235,87498.16,3720.836777,1,1,76689.15868,enter_long
2025-03-25,BTC,-9.576666667e-06,4.21039961e-06,2.568577817e-05,85538.84576,87392.87,3614.322008,1,1,76689.15868,hold
2025-03-26,BTC,-1.471e-05,-5.249800195e-06,2.307959894e-05,85552.48083,86909.17,3528.65615,1,1,76689.15868,hold
2025-03-27,BTC,1.629333333e-05,5.521766569e-06,2.264177535e-05,85569.19256,87232.01,3416.351425,1,1,76689.15868,hold
2025-03-28,BTC,3.081666667e-05,1.816921662e-05,2.316918769e-05,85557.80139,84424.38,3453.088466,0,1,76689.15868,hold
2025-03-29,BTC,5.369333333e-05,3.593127498e-05,2.513848741e-05,85528.85352,82648.54,3419.290718,-1,0,,exit
2025-03-30,BTC,1.785333333e-05,2.689230415e-05,2.466847747e-05,85497.62105,82389.99,3315.744238,-1,-1,91196.7568,enter_short
2025-03-31,BTC,3.502666667e-05,3.095948541e-05,2.533674774e-05,85468.29158,82550.01,3269.231079,-1,-1,91196.7568,hold
2025-04-01,BTC,3.474333333e-05,3.285140937e-05,2.594362423e-05,85465.20749,85158.34,3260.480287,-1,-1,91196.7568,hold
2025-04-02,BTC,5.523333333e-06,1.918737135e-05,2.462618611e-05,85435.86502,82516.29,3469.01741,0,-1,91196.7568,hold
2025-04-03,BTC,5.794666667e-05,3.856701901e-05,2.677589453e-05,85413.74786,83213.09,3420.286166,-1,0,,exit
2025-04-04,BTC,5.685666667e-05,4.771184284e-05,2.871658951e-05,85398.5849,83889.87,3394.622868,-1,-1,91763.80542,enter_short
2025-04-05,BTC,5.468e-05,5.119592142e-05,3.039164825e-05,85380.07151,83537.99,3286.867664,-1,-1,91763.80542,hold
2025-04-06,BTC,1.660333333e-05,3.389962738e-05,2.950207955e-05,85310.91657,78430,3528.077116,-1,-1,91763.80542,hold
2025-04-07,BTC,5.600333333e-05,4.495148035e-05,3.121183785e-05,85249.74566,79163.24,3757.184465,-1,-1,91763.80542,hold
2025-04-08,BTC,3.594333333e-05,4.044740684e-05,3.151709563e-05,85160.91655,76322.42,3819.392003,-1,-1,91763.80542,hold
2025-04-09,BTC,4.724e-05,4.384370342e-05,3.253147655e-05,85135.58624,82615.22,4187.149717,-1,-1,91763.80542,hold
2025-04-10,BTC,4.864666667e-05,4.624518504e-05,3.357116624e-05,85080.57841,79607.3,4194.414023,-1,-1,91763.80542,hold
2025-04-11,BTC,3.536666667e-06,2.489092586e-05,3.163345659e-05,85064.09345,83423.84,4275.557307,0,-1,91763.80542,hold
2025-04-12,BTC,4.894e-05,3.691546293e-05,3.275000778e-05,85066.21093,85276.9,4192.449642,0,0,,exit
2025-04-13,BTC,7.709333333e-05,5.700439813e-05,3.561086749e-05,85053.21381,83760,4111.972525,-1,0,,flat
2025-04-14,BTC,5.889333333e-05,5.794886573e-05,3.711296206e-05,85048.62044,84591.58,3969.830916,-1,-1,94039.93131,enter_short
2025-04-15,BTC,2.138666667e-05,3.96677662e-05,3.609836236e-05,85034.64402,83643.99,3893.158708,-1,-1,94039.93131,hold
2025-04-16,BTC,3.774333333e-05,3.870554977e-05,3.620448952e-05,85024.65134,84030.38,3785.673086,-1,-1,94039.93131,hold
2025-04-17,BTC,3.502666667e-05,3.686610822e-05,3.612850095e-05,85023.88774,84947.91,3639.107151,-1,-1,94039.93131,hold
2025-04-18,BTC,3.951333333e-05,3.818972077e-05,3.634687723e-05,85018.42309,84474.69,3438.322355,-1,-1,94039.93131,hold
2025-04-19,BTC,2.333666667e-05,3.076319372e-05,3.550750881e-05,85019.00604,85077.01,3286.552186,1,-1,94039.93131,hold
2025-04-20,BTC,-1.211333333e-05,9.324930194e-06,3.243519641e-05,85020.60041,85179.24,3149.744173,1,1,76860.61953,enter_long
2025-04-21,BTC,4.062666667e-05,2.497579843e-05,3.296367836e-05,85045.43255,87516.23,3161.993161,1,1,76860.61953,hold
2025-04-22,BTC,-1.333333333e-07,1.242123255e-05,3.082838729e-05,85128.99033,93442.99,3422.705792,1,1,76860.61953,hold
2025-04-23,BTC,1.524e-05,1.383061627e-05,2.982268488e-05,85214.18525,93691.08,3375.415378,1,1,76860.61953,hold
2025-04-24,BTC,1.246666667e-06,7.53864147e-06,2.79790708e-05,85301.41197,93980.47,3301.813566,1,1,76860.61953,hold
2025-04-25,BTC,-4.913333333e-06,1.312654069e-06,2.585698021e-05,85394.32011,94638.68,3273.261168,1,1,76860.61953,hold
2025-04-26,BTC,-3.334666667e-05,-1.60170063e-05,2.203739009e-05,85486.19752,94628,3134.336085,1,1,76860.61953,hold
2025-04-27,BTC,-8.603333333e-06,-1.231016982e-05,2.006056922e-05,85568.41745,93749.3,3036.627793,1,1,76860.61953,hold
2025-04-28,BTC,-1.734e-05,-1.482508491e-05,1.764762927e-05,85662.37528,95011.18,3021.867951,1,1,76860.61953,hold
2025-04-29,BTC,3.15e-06,-5.837542454e-06,1.671229835e-05,85747.89214,94256.82,2928.80524,1,1,76860.61953,hold
2025-04-30,BTC,-2.013e-05,-1.298377123e-05,1.433537588e-05,85831.71411,94172,2885.208437,1,1,76860.61953,hold
2025-05-01,BTC,4.153333333e-06,-4.415218947e-06,1.367846991e-05,85937.76581,96489.91,2914.378549,1,1,76860.61953,hold
2025-05-02,BTC,-0.00010101,-5.271260947e-05,6.279213786e-06,86046.71481,96887.14,2816.614367,1,1,76860.61953,hold
2025-05-03,BTC,-1.412666667e-05,-3.341963807e-05,4.962705369e-06,86144.32382,95856.42,2699.90334,1,1,76860.61953,hold
2025-05-04,BTC,2.448e-05,-4.469819035e-06,6.221885668e-06,86225.25214,94277.62,2660.845959,1,1,76860.61953,hold
2025-05-05,BTC,-3.383333333e-06,-3.926576184e-06,5.60219412e-06,86309.91311,94733.68,2591.135533,1,1,76860.61953,hold
2025-05-06,BTC,2.391666667e-05,9.995045241e-06,6.783772994e-06,86414.63059,96834.02,2659.172281,0,1,76860.61953,hold
2025-05-07,BTC,8.376666667e-06,9.185855954e-06,6.886540327e-06,86520.26114,97030.5,2608.330689,0,0,,exit
2025-05-08,BTC,4.218e-05,2.568292798e-05,9.163537726e-06,86686.84162,103261.6,2941.269212,0,0,,flat
2025-05-09,BTC,8.126e-05,5.347146399e-05,1.381492239e-05,86848.8829,102971.99,2877.332839,0,0,,flat
2025-05-10,BTC,7.971333333e-05,6.659239866e-05,1.806643277e-05,87027.59581,104809.53,2826.509779,0,0,,flat
2025-05-11,BTC,8.05e-05,7.354619933e-05,2.209440485e-05,87197.64958,104118,2740.826224,0,0,,flat
2025-05-12,BTC,5.585e-05,6.469809967e-05,2.427218518e-05,87352.81048,102791.32,2909.415779,0,0,,flat
2025-05-13,BTC,8.034333333e-05,7.25207165e-05,2.788967861e-05,87519.4862,104103.72,2954.925366,0,0,,flat
2025-05-14,BTC,6.879333333e-05,7.065702492e-05,3.052862408e-05,87678.57409,103507.82,2869.209269,0,0,,flat
2025-05-15,BTC,3.251e-05,5.158351246e-05,3.065645478e-05,87838.6252,103763.71,2864.953607,0,0,,flat
2025-05-16,BTC,5.602333333e-05,5.38034229e-05,3.229302759e-05,87994.10057,103463.9,2763.874063,0,0,,flat
2025-05-17,BTC,2.252666667e-05,3.816504478e-05,3.166293979e-05,88144.6732,103126.65,2644.837345,0,0,,flat
2025-05-18,BTC,7.548333333e-05,5.682418906e-05,3.449006195e-05,88326.85814,106454.26,2709.842534,0,0,,flat
2025-05-19,BTC,4.713333333e-05,5.19787612e-05,3.530575688e-05,88498.46891,105573.74,2881.183782,0,0,,flat
2025-05-20,BTC,5.583666667e-05,5.390771393e-05,3.663033171e-05,88681.07111,106849.99,2899.333512,0,0,,flat
2025-05-21,BTC,7.011e-05,6.200885697e-05,3.879031031e-05,88889.65737,109643.99,3027.764689,0,0,,flat
2025-05-22,BTC,0.0001,8.100442848e-05,4.273932255e-05,89116.58824,111696.21,3011.68364,0,0,,flat
2025-05-23,BTC,8.398666667e-05,8.249554757e-05,4.540044152e-05,89297.6998,107318.3,3153.706237,0,0,,flat
2025-05-24,BTC,5.317e-05,6.783277379e-05,4.590170336e-05,89481.42328,107761.91,3116.342935,0,0,,flat
2025-05-25,BTC,6.186e-05,6.484638689e-05,4.693127088e-05,89675.67967,109004.19,3086.557725,0,0,,flat
2025-05-26,BTC,9.037666667e-05,7.761152678e-05,4.973419964e-05,89872.28773,109434.79,2991.206459,0,0,,flat
2025-05-27,BTC,5.797333333e-05,6.779243006e-05,5.026575666e-05,90061.998,108938.17,3006.222426,0,0,,flat
2025-05-28,BTC,3.597333333e-05,5.18828817e-05,4.934366483e-05,90238.31424,107781.78,2971.154396,0,0,,flat
2025-05-29,BTC,4.792333333e-05,4.990310751e-05,4.925203054e-05,90391.06485,105589.75,3013.861225,0,0,,flat
2025-05-30,BTC,4.621e-05,4.805655376e-05,4.90557705e-05,90526.33266,103985.48,2990.879709,1,0,,flat
2025-05-31,BTC,6.915e-05,5.860327688e-05,5.035217241e-05,90666.28836,104591.88,2908.063301,0,1,96508.27073,enter_long
2025-06-01,BTC,1.956666667e-05,3.908497177e-05,4.836601075e-05,90815.30967,105642.93,2851.374494,1,0,,exit
2025-06-02,BTC,3.139333333e-05,3.523915255e-05,4.72709993e-05,90964.98808,105857.99,2810.258458,1,1,98514.49377,enter_long
2025-06-03,BTC,5.175666667e-05,4.349790961e-05,4.756039719e-05,91108.39009,105376.89,2746.823568,1,1,98514.49377,hold
2025-06-04,BTC,1.187333333e-05,2.768562147e-05,4.525800598e-05,91243.59874,104696.86,2680.693314,1,1,98514.49377,hold
2025-06-05,BTC,2.700333333e-05,2.73444774e-05,4.408028516e-05,91345.73885,101508.68,2884.747363,1,1,98514.49377,hold
2025-06-06,BTC,-3.172e-05,-2.187761299e-06,3.918994418e-05,91474.52195,104288.44,2981.351122,1,1,98514.49377,hold
2025-06-07,BTC,-1.918e-05,-1.068388065e-05,3.542414133e-05,91614.59785,105552.15,2913.319614,1,1,98514.49377,hold
2025-06-08,BTC,2.273e-05,6.023059675e-06,3.460516447e-05,91755.08941,105734,2814.082498,1,1,98514.49377,hold
2025-06-09,BTC,1.639e-05,1.120652984e-05,3.342999257e-05,91939.24793,110263.02,2985.348034,1,1,98514.49377,hold
2025-06-10,BTC,8.179666667e-05,4.650159825e-05,3.655042316e-05,92121.68715,110274.39,2919.89246,0,1,98514.49377,hold
2025-06-11,BTC,7.402666667e-05,6.026413246e-05,3.896824532e-05,92286.09942,108645.12,2877.615142,0,0,,exit
2025-06-12,BTC,3.433666667e-05,4.730039956e-05,3.866943379e-05,92419.28977,105671.73,2896.487632,0,0,,flat
2025-06-13,BTC,5.953333333e-06,2.662686645e-05,3.655871764e-05,92555.08381,106066.59,2940.682801,1,0,,flat
2025-06-14,BTC,2.317e-05,2.489843322e-05,3.56949294e-05,92683.03959,105414.64,2870.062601,1,1,98714.883,enter_long
2025-06-15,BTC,1.722333333e-05,2.106088328e-05,3.450321353e-05,92811.50696,105594.01,2781.775272,1,1,98714.883,hold
2025-06-16,BTC,2.933e-05,2.519544164e-05,3.416945781e-05,92950.64151,106794.53,2866.792038,1,1,98714.883,hold
2025-06-17,BTC,3.278e-05,2.898772082e-05,3.407981537e-05,93066.06966,104551.17,2976.32975,1,1,98714.883,hold
2025-06-18,BTC,2.878333333e-05,2.888552708e-05,3.373810686e-05,93183.68867,104886.78,2910.182625,1,1,98714.883,hold
2025-06-19,BTC,1.285666667e-05,2.087109687e-05,3.239091717e-05,93297.86679,104658.59,2794.948152,1,1,98714.883,hold
2025-06-20,BTC,4.609e-05,3.348054844e-05,3.327472896e-05,93397.3705,103297.99,2893.855427,0,1,98714.883,hold
2025-06-21,BTC,4.45e-05,3.899027422e-05,3.399894e-05,93484.16294,102120.01,2911.775753,0,0,,exit
2025-06-22,BTC,5.676e-05,4.787513711e-05,3.546739548e-05,93558.58788,100963.87,3075.193199,0,0,,flat
2025-06-23,BTC,3.396666667e-06,2.563590189e-05,3.33983162e-05,93675.75547,105333.93,3317.027257,1,0,,flat
2025-06-24,BTC,9.7e-06,1.766795094e-05,3.186939258e-05,93799.21064,106083,3199.238167,1,1,97041.37186,enter_long
2025-06-25,BTC,1.783333333e-06,9.725642139e-06,2.99283565e-05,93933.95063,107340.58,3136.954726,1,1,97041.37186,hold
2025-06-26,BTC,1.542666667e-05,1.25761544e-05,2.89927636e-05,94063.4343,106947.06,3035.025817,1,1,97041.37186,hold
2025-06-27,BTC,2.111e-05,1.68430772e-05,2.848419821e-05,94192.62988,107047.59,2916.708259,1,1,97041.37186,hold
2025-06-28,BTC,3.108666667e-05,2.396487193e-05,2.86520994e-05,94323.01954,107296.79,2763.103383,1,1,97041.37186,hold
2025-06-29,BTC,5.536666667e-05,3.96657693e-05,3.037561987e-05,94462.66044,108356.93,2662.59457,0,1,97041.37186,hold
2025-06-30,BTC,2.988666667e-05,3.477621798e-05,3.03440745e-05,94588.8678,107146.5,2619.31353,0,0,,exit
2025-07-01,BTC,2.165333333e-05,2.821477566e-05,2.978338152e-05,94699.23866,105681.14,2595.73042,1,0,,flat
2025-07-02,BTC,3.113333333e-05,2.96740545e-05,2.987047519e-05,94840.03828,108849.6,2741.021819,1,1,99191.80395,enter_long
2025-07-03,BTC,4.487e-05,3.727202725e-05,3.083818647e-05,94986.75213,109584.78,2688.004546,0,1,99191.80395,hold
2025-07-04,BTC,4.012e-05,3.869601362e-05,3.143701315e-05,95116.08036,107984.24,2676.189221,0,0,,exit
2025-07-05,BTC,2.708666667e-05,3.289134015e-05,3.115634563e-05,95246.24991,108198.12,2532.479277,0,0,,flat
2025-07-06,BTC,1.544666667e-05,2.416900341e-05,3.014281796e-05,95385.13141,109203.84,2487.301471,1,0,,flat
2025-07-07,BTC,3.356333333e-05,2.886616837e-05,3.036349637e-05,95513.26881,108262.94,2465.837081,1,1,102985.5963,enter_long
2025-07-08,BTC,3.079e-05,2.982808418e-05,3.039101273e-05,95646.69877,108922.98,2417.348003,1,1,102985.5963,hold
2025-07-09,BTC,3.580666667e-05,3.281737543e-05,3.074040976e-05,95801.79619,111233.99,2507.19886,0,1,102985.5963,hold
2025-07-10,BTC,6.810333333e-05,5.046035438e-05,3.315092096e-05,96002.87285,116010,2782.97037,0,0,,exit
2025-07-11,BTC,0.0001,7.523017719e-05,3.746376477e-05,96217.04984,117527.66,2844.741058,0,0,,flat
2025-07-12,BTC,0.0001,8.761508859e-05,4.149836059e-05,96428.02446,117420,2734.39884,0,0,,flat
2025-07-13,BTC,0.0001,9.38075443e-05,4.527265991e-05,96653.48332,119086.64,2700.742494,0,0,,flat
2025-07-14,BTC,9.350333333e-05,9.365543882e-05,4.838431626e-05,96884.20668,119841.18,2815.890887,0,0,,flat
2025-07-15,BTC,0.0001,9.682771941e-05,5.171436037e-05,97091.90701,117758.09,2915.03511,0,0,,flat
2025-07-16,BTC,0.0001,9.84138597e-05,5.482956292e-05,97306.22067,118630.43,2924.42903,0,0,,flat
2025-07-17,BTC,0.0001,9.920692985e-05,5.774378467e-05,97523.84594,119177.56,2968.765528,0,0,,flat
2025-07-18,BTC,0.0001,9.960346493e-05,6.046999211e-05,97726.8409,117924.84,3042.99299,0,0,,flat
2025-07-19,BTC,0.0001,9.980173246e-05,6.30203152e-05,97926.97184,117840,2912.962063,0,0,,flat
2025-07-20,BTC,0.0001,9.990086623e-05,6.540610132e-05,98119.39122,117265.12,2875.591915,0,0,,flat
2025-07-21,BTC,0.0001,9.995043312e-05,6.763796575e-05,98311.04265,117380.36,2896.03035,0,0,,flat
2025-07-22,BTC,0.0001,9.997521656e-05,6.972583893e-05,98526.39964,119954.42,2983.442468,0,0,,flat
2025-07-23,BTC,0.0001,9.998760828e-05,7.167901061e-05,98727.6891,118755.99,2969.55372,0,0,,flat
2025-07-24,BTC,0.0001,9.999380414e-05,7.350617121e-05,98922.84632,118340.99,2925.078454,0,0,,flat
2025-07-25,BTC,0.0001,9.999690207e-05,7.521545049e-05,99108.83103,117614.31,2982.459279,0,0,,flat
2025-07-26,BTC,0.0001,9.999845103e-05,7.681445368e-05,99296.00675,117919.99,2852.210045,0,0,,flat
2025-07-27,BTC,0.0001,9.999922552e-05,7.831029538e-05,99496.20121,119415.55,2787.134327,0,0,,flat
2025-07-28,BTC,0.0001,9.999961276e-05,7.970963116e-05,99680.93871,118062.32,2757.51759,0,0,,flat
2025-07-29,BTC,0.0001,9.999980638e-05,8.101868722e-05,99862.72797,117950.76,2726.452762,0,0,,flat
2025-07-30,BTC,0.0001,9.999990319e-05,8.224328804e-05,100041.6093,117840.3,2745.689707,0,0,,flat
2025-07-31,BTC,8.564666667e-05,9.282328493e-05,8.246286086e-05,100198.0518,115764.08,2794.029728,0,0,,flat
2025-08-01,BTC,1.940666667e-05,5.61149758e-05,7.83947193e-05,100328.3988,113297.93,2832.271891,1,0,,flat
2025-08-02,BTC,3.380333333e-05,4.495915457e-05,7.551785569e-05,100449.9705,112546.35,2777.144613,1,1,106217.2403,enter_long
2025-08-03,BTC,5.89e-05,5.192957728e-05,7.444573596e-05,100586.8743,114208.8,2784.489283,1,1,106217.2403,hold
2025-08-04,BTC,4.606333333e-05,4.899645531e-05,7.261461321e-05,100730.836,115055.03,2700.76862,1,1,106217.2403,hold
2025-08-05,BTC,6.824666667e-05,5.862156099e-05,7.233281021e-05,100864.1585,114129.75,2684.843004,1,1,106217.2403,hold
2025-08-06,BTC,7.578333333e-05,6.720244716e-05,7.255542461e-05,101004.7368,114992.27,2661.702076,1,1,106217.2403,hold
2025-08-07,BTC,6.230666667e-05,6.475455691e-05,7.189421442e-05,101168.5902,117472.01,2711.723356,1,1,106217.2403,hold
2025-08-08,BTC,4.035e-05,5.255227846e-05,6.985910381e-05,101322.8803,116674.74,2643.120973,1,1,106217.2403,hold
2025-08-09,BTC,7.691e-05,6.473113923e-05,7.031400034e-05,101473.5208,116462.25,2571.820904,1,1,106217.2403,hold
2025-08-10,BTC,9.949666667e-05,8.211390295e-05,7.2196753e-05,101650.8391,119294.01,2591.725125,0,1,106217.2403,hold
2025-08-11,BTC,0.0001,9.105695147e-05,7.399051087e-05,101820.3432,118686,2712.676902,0,0,,exit
2025-08-12,BTC,8.843666667e-05,8.974680907e-05,7.492252093e-05,102002.5694,120134.08,2670.125694,0,0,,flat
2025-08-13,BTC,9.041e-05,9.007840454e-05,7.592171312e-05,102214.5481,123306.43,2818.464573,0,0,,flat
2025-08-14,BTC,0.0001,9.503920227e-05,7.747515099e-05,102374.5535,118295.09,3138.145675,0,0,,flat
2025-08-15,BTC,4.550333333e-05,7.02712678e-05,7.541245307e-05,102523.4838,117342.05,3086.337413,1,0,,flat
2025-08-16,BTC,8.713666667e-05,7.870396723e-05,7.616885395e-05,102671.3164,117380.66,2919.814026,0,1,109626.1965,enter_long
2025-08-17,BTC,4.916e-05,6.393198362e-05,7.442634724e-05,102817.9203,117405.01,2811.455167,1,0,,exit
2025-08-18,BTC,2.486666667e-05,4.439932514e-05,7.12289485e-05,102951.3445,116227.05,2818.037655,1,1,110376.3721,enter_long
2025-08-19,BTC,5.522e-05,4.980966257e-05,7.019611311e-05,103050.0668,112872.94,2901.971394,1,1,110376.3721,hold
2025-08-20,BTC,3.614333333e-05,4.297649795e-05,6.799915958e-05,103161.7203,114271.24,2854.357723,1,1,110376.3721,hold
2025-08-21,BTC,5.438e-05,4.867824898e-05,6.712050412e-05,103254.6385,112500,2850.910029,1,1,110376.3721,hold
2025-08-22,BTC,7.721e-05,6.294412449e-05,6.777143934e-05,103390.7714,116935.99,3057.577884,1,1,110376.3721,hold
2025-08-23,BTC,9.903666667e-05,8.099039558e-05,6.978855078e-05,103510.6448,115438.05,3015.608035,0,1,110376.3721,hold
2025-08-24,BTC,0.0001,9.049519779e-05,7.173767653e-05,103609.9776,113493.59,3156.39889,0,0,,exit
2025-08-25,BTC,9.448e-05,9.248759889e-05,7.320492321e-05,103674.6741,110111.98,3244.740397,0,0,,flat
2025-08-26,BTC,6.140666667e-05,7.694713278e-05,7.244374537e-05,103755.1572,111763.22,3277.56894,0,0,,flat
2025-08-27,BTC,3.600333333e-05,5.647523306e-05,7.009275104e-05,103829.8522,111262.01,3206.284016,1,0,,flat
2025-08-28,BTC,7.500666667e-05,6.574094986e-05,7.040977786e-05,103916.788,112566.9,3164.655158,1,1,103246.3,enter_long
2025-08-29,BTC,3.587e-05,5.080547493e-05,6.818140509e-05,103961.1722,108377.4,3308.232647,1,1,103246.3,hold
2025-08-30,BTC,7.848e-05,6.464273747e-05,6.884583057e-05,104009.4822,108816.33,3184.505315,1,1,103246.3,hold
2025-08-31,BTC,4.505666667e-05,5.484970207e-05,6.73110458e-05,104051.6401,108246.35,3057.261364,1,1,103246.3,hold
2025-09-01,BTC,6.541e-05,6.012985103e-05,6.718839769e-05,104103.2399,109237.42,3028.699838,1,1,103246.3,hold
2025-09-02,BTC,7.369e-05,6.690992552e-05,6.76078559e-05,104174.2526,111240.01,3053.659135,1,1,103246.3,hold
2025-09-03,BTC,2.746e-05,4.718496276e-05,6.501767165e-05,104249.1924,111705.71,2981.723482,1,1,103246.3,hold
2025-09-04,BTC,4.711333333e-05,4.714914805e-05,6.386255305e-05,104313.6867,110730.87,2972.377519,1,1,103246.3,hold
2025-09-05,BTC,8.468e-05,6.591457402e-05,6.520561414e-05,104376.834,110659.99,2987.040554,0,1,103246.3,hold
2025-09-06,BTC,4.022333333e-05,5.306895368e-05,6.359385409e-05,104434.6563,110187.97,2868.730514,1,0,,exit
2025-09-07,BTC,4.183333333e-05,4.745114351e-05,6.218994952e-05,104501.3497,111137.34,2765.249763,1,1,103016.1537,enter_long
2025-09-08,BTC,7.799e-05,6.272057175e-05,6.320930762e-05,104576.6121,112065.23,2732.202637,1,1,103016.1537,hold
2025-09-09,BTC,7.933e-05,7.102528588e-05,6.424935229e-05,104645.9632,111546.39,2717.518877,0,1,103016.1537,hold
2025-09-10,BTC,6.943666667e-05,7.023097627e-05,6.458401773e-05,104738.6402,113960,2765.958958,0,0,,exit
2025-09-11,BTC,4.484e-05,5.753548814e-05,6.331021014e-05,104845.5461,115482.69,2715.396889,1,0,,flat
2025-09-12,BTC,5.598666667e-05,5.67610774e-05,6.283772346e-05,104956.8285,116029.42,2658.914254,1,1,108694.1978,enter_long
2025-09-13,BTC,1.278e-05,3.47705387e-05,5.960819292e-05,105065.8977,115918.29,2552.671093,1,1,108694.1978,hold
2025-09-14,BTC,5.359e-05,4.418026935e-05,5.921992241e-05,105167.4113,115268.01,2443.922444,1,1,108694.1978,hold
2025-09-15,BTC,7.551666667e-05,5.984846801e-05,6.027132526e-05,105268.7277,115349.71,2438.927269,1,1,108694.1978,hold
2025-09-16,BTC,4.82e-05,5.4024234e-05,5.949253008e-05,105383.3569,116788.96,2423.801036,1,1,108694.1978,hold
2025-09-17,BTC,7.238666667e-05,6.320545034e-05,6.032440986e-05,105493.4487,116447.59,2433.95239,0,1,108694.1978,hold
2025-09-18,BTC,6.025666667e-05,6.17310585e-05,6.032003933e-05,105608.6734,117073.53,2389.18722,0,0,,exit
2025-09-19,BTC,2.380666667e-05,4.276886258e-05,5.796433787e-05,105708.4118,115632.38,2387.101704,1,0,,flat
2025-09-20,BTC,9.08e-06,2.592443129e-05,5.481050962e-05,105807.6876,115685.63,2267.547296,1,1,109664.6357,enter_long
2025-09-21,BTC,3.276666667e-06,1.460054898e-05,5.148574556e-05,105901.4647,115232.29,2150.655347,1,1,109664.6357,hold
2025-09-22,BTC,4.415333333e-05,2.937694116e-05,5.101268671e-05,105968.6242,112650.99,2252.697822,1,1,109664.6357,hold
2025-09-23,BTC,7.207666667e-05,5.072680391e-05,5.237165316e-05,106028.6259,111998.8,2222.631549,1,1,109664.6357,hold
2025-09-24,BTC,5.649e-05,5.360840196e-05,5.263735295e-05,106101.0476,113307,2270.82501,0,1,109664.6357,hold
2025-09-25,BTC,3.69e-05,4.525420098e-05,5.162203986e-05,106129.838,108994.49,2457.103223,1,0,,exit
2025-09-26,BTC,5.073e-05,4.799210049e-05,5.15644889e-05,106164.7995,109643.46,2401.59085,1,1,102851.7319,enter_long
2025-09-27,BTC,3.745333333e-05,4.272271691e-05,5.065409177e-05,106199.3373,109635.85,2278.585075,1,1,102851.7319,hold
2025-09-28,BTC,4.517e-05,4.394635846e-05,5.030027939e-05,106258.6867,112163.95,2341.543998,1,1,102851.7319,hold
2025-09-29,BTC,1.216e-05,2.805317923e-05,4.783961621e-05,106338.8187,114311.96,2377.10157,1,1,102851.7319,hold
2025-09-30,BTC,3.61e-05,3.207658961e-05,4.708222161e-05,106415.5363,114048.93,2359.860744,1,1,102851.7319,hold
2025-10-01,BTC,5.604e-05,4.405829481e-05,4.76601428e-05,106536.7248,118594.99,2525.758548,1,1,102851.7319,hold
2025-10-02,BTC,9.109e-05,6.75741474e-05,5.046206907e-05,106675.9549,120529.35,2541.258651,0,1,102851.7319,hold
2025-10-03,BTC,9.975333333e-05,8.366374037e-05,5.364215064e-05,106830.7415,122232,2691.646605,0,0,,exit
2025-10-04,BTC,9.437333333e-05,8.901853685e-05,5.626996887e-05,106985.5699,122391,2591.52899,0,0,,flat
2025-10-05,BTC,9.404666667e-05,9.153260176e-05,5.870717518e-05,107149.7166,123482.31,2661.592634,0,0,,flat
2025-10-06,BTC,7.737e-05,8.445130088e-05,5.99112284e-05,107323.9337,124658.54,2694.023874,0,0,,flat
2025-10-07,BTC,8.267333333e-05,8.356231711e-05,6.13797513e-05,107463.3269,121332.95,2826.669312,0,0,,flat
2025-10-08,BTC,5.979333333e-05,7.167782522e-05,6.127740175e-05,107620.9655,123306,2848.415075,0,0,,flat
2025-10-09,BTC,2.716333333e-05,4.942057928e-05,5.907649411e-05,107760.6812,121662.4,2938.633284,1,0,,flat
2025-10-10,BTC,1.892333333e-05,3.41719563e-05,5.648596761e-05,107810.57,112774.5,4196.58805,1,0,,exit
2025-10-11,BTC,6.822333333e-05,5.119764482e-05,5.724321701e-05,107838.7673,110644.4,4165.460332,1,1,102283.0199,enter_long
2025-10-12,BTC,-3.701666667e-05,7.090489076e-06,5.116193419e-05,107909.6134,114958.8,4311.137451,1,1,102283.0199,hold
2025-10-13,BTC,-1.242666667e-05,-2.668088795e-06,4.705944381e-05,107981.8162,115166,4170.864062,1,1,102283.0199,hold
2025-10-14,BTC,-2.609e-05,-1.43790444e-05,4.234012486e-05,108032.0284,113028.14,4268.942343,1,1,102283.0199,hold
2025-10-15,BTC,-4.09e-06,-9.234522199e-06,3.934463293e-05,108059.205,110763.28,4210.328604,1,1,102283.0199,hold
2025-10-16,BTC,-2.658333333e-05,-1.790892777e-05,3.509121575e-05,108060.5491,108194.28,4234.980132,1,1,102283.0199,hold
2025-10-17,BTC,-4.033333333e-06,-1.097113055e-05,3.25670513e-05,108044.3414,106431.68,4340.465123,0,1,102283.0199,hold
2025-10-18,BTC,-4.958666667e-05,-3.027889861e-05,2.726681143e-05,108035.7909,107185.01,4114.489043,0,0,,exit
2025-10-19,BTC,9.626666667e-06,-1.032611597e-05,2.612873757e-05,108041.8306,108642.78,4059.647682,1,0,,flat
2025-10-20,BTC,-9.6e-06,-9.963057985e-06,2.382365773e-05,108066.6093,110532.09,4077.032848,1,1,98493.65079,enter_long
2025-10-21,BTC,-1.950333333e-05,-1.473319566e-05,2.102836798e-05,108068.9084,108297.67,4251.979073,1,1,98493.65079,hold
2025-10-22,BTC,1.311666667e-05,-8.082644963e-07,2.051793564e-05,108063.9186,107567.44,4126.636997,0,1,98493.65079,hold
2025-10-23,BTC,5.172333333e-05,2.545753442e-05,2.25311871e-05,108083.961,110078.18,4102.849354,0,0,,exit
2025-10-24,BTC,2.799333333e-05,2.672543388e-05,2.288358364e-05,108113.025,111004.89,3981.572257,0,0,,flat
2025-10-25,BTC,4.024666667e-05,3.348605027e-05,2.400378254e-05,108148.1817,111646.27,3787.912096,0,0,,flat
2025-10-26,BTC,3.114e-05,3.231302514e-05,2.446418367e-05,108211.9749,114559.4,3817.800518,0,0,,flat
2025-10-27,BTC,9.101333333e-05,6.166317923e-05,2.875767719e-05,108270.6383,114107.65,3728.671195,0,0,,flat
2025-10-28,BTC,5.619e-05,5.892658962e-05,3.052750447e-05,108316.6862,112898.45,3739.123252,0,0,,flat
2025-10-29,BTC,2.853e-05,4.372829481e-05,3.039863322e-05,108333.6474,110021.29,3789.452306,0,0,,flat
2025-10-30,BTC,2.702666667e-05,3.537748074e-05,3.018108699e-05,108333.5403,108322.88,3896.467141,-1,0,,flat
2025-10-31,BTC,6.737666667e-05,5.13770737e-05,3.25808018e-05,108346.2216,109608.01,3826.342345,0,-1,118064.0379,enter_short
2025-11-01,BTC,9.927333333e-05,7.532520352e-05,3.688354577e-05,108363.6532,110098.1,3636.580749,0,0,,exit
2025-11-02,BTC,7.328333333e-05,7.430426843e-05,3.923191917e-05,108385.3152,110540.68,3503.872839,0,0,,flat
2025-11-03,BTC,6.093333333e-05,6.761880088e-05,4.06320104e-05,108367.3821,106583.04,3642.41335,-1,0,,flat
2025-11-04,BTC,7.382333333e-05,7.072106711e-05,4.277338607e-05,108299.0223,101497.22,3979.000968,-1,-1,115689.0834,enter_short
2025-11-05,BTC,4.259666667e-05,5.665886689e-05,4.276198482e-05,108255.1032,103885.16,4092.496613,-1,-1,115689.0834,hold
2025-11-06,BTC,5.465e-05,5.565443344e-05,4.352895354e-05,108186.3563,101346.04,4078.678998,-1,-1,115689.0834,hold
2025-11-07,BTC,5.854333333e-05,5.709888339e-05,4.449762321e-05,108138.1247,103339.08,4132.737641,-1,-1,115689.0834,hold
2025-11-08,BTC,4.854333333e-05,5.282110836e-05,4.475863676e-05,108080.1627,102312.94,3976.986381,-1,-1,115689.0834,hold
2025-11-09,BTC,3.831666667e-05,4.556888751e-05,4.434302579e-05,108046.7577,104722.96,3985.460211,-1,-1,115689.0834,hold
2025-11-10,BTC,7.068e-05,5.812444376e-05,4.604218542e-05,108026.5027,106011.13,3872.576624,-1,-1,115689.0834,hold
2025-11-11,BTC,1.955333333e-05,3.883888855e-05,4.433322722e-05,107977.0747,103058.99,3954.814723,0,-1,115689.0834,hold
2025-11-12,BTC,2.978333333e-05,3.431111094e-05,4.339452439e-05,107914.1622,101654.37,3995.166528,0,0,,exit
2025-11-13,BTC,5.959e-05,4.695055547e-05,4.443939378e-05,107832.3499,99692.02,4144.41249,-1,0,,flat
2025-11-14,BTC,8.924333333e-05,6.80969444e-05,4.732997053e-05,107700.625,94594,4266.49517,-1,-1,110053.0612,enter_short
2025-11-15,BTC,8.143333333e-05,7.476513887e-05,4.953018748e-05,107580.1833,95596.24,4125.187658,-1,-1,110053.0612,hold
2025-11-16,BTC,8.268333333e-05,7.87242361e-05,5.166910012e-05,107447.6585,94261.44,4089.785682,-1,-1,110053.0612,hold
2025-11-17,BTC,8.925333333e-05,8.398878472e-05,5.409388936e-05,107296.0912,92215.14,4142.158133,-1,-1,110053.0612,hold
2025-11-18,BTC,7.908333333e-05,8.153605903e-05,5.570611155e-05,107153.4518,92960.83,4173.591838,-1,-1,110053.0612,hold
2025-11-19,BTC,5.496e-05,6.824802951e-05,5.565797532e-05,106998.2429,91554.96,4187.779564,-1,-1,110053.0612,hold
2025-11-20,BTC,7.752666667e-05,7.288734809e-05,5.706885863e-05,106795.6457,86637.23,4392.938166,-1,-1,110053.0612,hold
2025-11-21,BTC,3.812666667e-05,5.550700738e-05,5.584678173e-05,106580.0615,85129.43,4571.938297,0,-1,110053.0612,hold
2025-11-22,BTC,4.388333333e-05,4.969517036e-05,5.507494635e-05,106362.7449,84739.74,4396.799848,0,0,,exit
2025-11-23,BTC,1.024e-05,2.996758518e-05,5.218236917e-05,106168.3892,86830,4329.890573,0,0,,flat
2025-11-24,BTC,1.634666667e-05,2.315712592e-05,4.987038836e-05,105990.5944,88300.01,4303.184103,0,0,,flat
2025-11-25,BTC,-2.104333333e-05,1.056896294e-06,4.529530954e-05,105805.3144,87369.96,4167.527382,0,0,,flat
2025-11-26,BTC,3.002333333e-05,1.554011481e-05,4.431002075e-05,105652.8638,90484.02,4180.511854,0,0,,flat
2025-11-27,BTC,1.477666667e-05,1.515839074e-05,4.240464307e-05,105510.387,91333.95,4014.767436,0,0,,flat
2025-11-28,BTC,2.025e-05,1.770419537e-05,4.097531126e-05,105364.9175,90890.7,3935.953334,0,0,,flat
2025-11-29,BTC,8.103333333e-06,1.290376435e-05,3.885453849e-05,105220.0172,90802.44,3726.969524,0,0,,flat
2025-11-30,BTC,4.506e-05,2.898188218e-05,3.925489085e-05,105072.1563,90360,3579.550987,0,0,,flat
2025-12-01,BTC,2.745666667e-05,2.821927442e-05,3.849371509e-05,104885.2295,86286.01,3794.885916,0,0,,flat
2025-12-02,BTC,1.877666667e-05,2.349797054e-05,3.722164745e-05,104749.833,91277.88,3961.198351,0,0,,flat
2025-12-03,BTC,5.296666667e-06,1.439731861e-05,3.516197127e-05,104637.1973,93429.95,3903.953469,0,0,,flat
2025-12-04,BTC,3.656e-05,2.54786593e-05,3.525216667e-05,104512.2308,92078.06,3853.028221,0,0,,flat
2025-12-05,BTC,3.390666667e-05,2.969266298e-05,3.516536022e-05,104361.1642,89330.04,3908.980491,0,0,,flat
2025-12-06,BTC,1.263333333e-05,2.116299816e-05,3.371168107e-05,104210.6729,89236.79,3728.479027,0,0,,flat
2025-12-07,BTC,3.69e-05,2.903149908e-05,3.391737906e-05,104073.2066,90395.31,3750.781954,0,0,,flat
2025-12-08,BTC,3.133666667e-05,3.018408287e-05,3.375088149e-05,103939.4866,90634.34,3673.9511,0,0,,flat
2025-12-09,BTC,4.224666667e-05,3.621537477e-05,3.429899666e-05,103827.4399,92678.8,3775.025307,-1,0,,flat
2025-12-10,BTC,2.659333333e-05,3.140435405e-05,3.380185709e-05,103709.9069,92015.37,3713.441357,0,-1,102116.3733,enter_short
2025-12-11,BTC,2.371e-05,2.755717703e-05,3.315076954e-05,103598.4987,92513.38,3754.93626,0,0,,exit
2025-12-12,BTC,4.998333333e-05,3.877025518e-05,3.42367414e-05,103465.8611,90268.42,3720.58367,-1,0,,flat
2025-12-13,BTC,4.060666667e-05,3.968846092e-05,3.464770432e-05,103334.2606,90240.01,3516.839122,-1,-1,99569.88917,enter_short
2025-12-14,BTC,5.557e-05,4.762923046e-05,3.599752984e-05,103183.394,88172.17,3472.424899,-1,-1,99569.88917,hold
2025-12-15,BTC,7.926666667e-06,2.777794856e-05,3.418650641e-05,103016.7143,86432.08,3574.82312,0,-1,99569.88917,hold
2025-12-16,BTC,4.302e-05,3.539897428e-05,3.475640923e-05,102865.9352,87863.42,3527.334326,-1,0,,exit
2025-12-17,BTC,7.041666667e-05,5.290782047e-05,3.7057071e-05,102700.5351,86243.22,3636.228303,-1,-1,96681.76582,enter_short
2025-12-18,BTC,4.572666667e-05,4.931724357e-05,3.761639975e-05,102529.5487,85516.41,3735.611995,-1,-1,96681.76582,hold
2025-12-19,BTC,8.497e-05,6.714362179e-05,4.067147073e-05,102386.3387,88136.94,3775.191853,-1,-1,96681.76582,hold
2025-12-20,BTC,6.135e-05,6.424681089e-05,4.20055694e-05,102246.7821,88360.9,3561.057435,-1,-1,96681.76582,hold
2025-12-21,BTC,7.510666667e-05,6.967673878e-05,4.414112406e-05,102111.5789,88658.86,3412.534047,-1,-1,96681.76582,hold
2025-12-22,BTC,5.189e-05,6.078336939e-05,4.464105154e-05,101977.3422,88620.79,3360.798043,-1,-1,96681.76582,hold
2025-12-23,BTC,3.219666667e-05,4.649001803e-05,4.3838188e-05,101833.1497,87486,3287.748183,-1,-1,96681.76582,hold
2025-12-24,BTC,8.127333333e-05,6.388167568e-05,4.625335866e-05,101692.2174,87669.45,3169.329741,-1,-1,96681.76582,hold
2025-12-25,BTC,7.409333333e-05,6.898750451e-05,4.804948606e-05,101548.2677,87225.27,3061.379046,-1,-1,96681.76582,hold
2025-12-26,BTC,6.601666667e-05,6.750208559e-05,4.920865901e-05,101407.186,87369.56,3050.756971,-1,-1,96681.76582,hold
2025-12-27,BTC,3.482333333e-05,5.116270946e-05,4.828057348e-05,101272.5574,87877.01,2885.056473,-1,-1,96681.76582,hold
2025-12-28,BTC,5.794333333e-05,5.45530214e-05,4.890397734e-05,101140.0216,87952.71,2725.677439,-1,-1,96681.76582,hold
2025-12-29,BTC,8.275333333e-05,6.865317737e-05,5.108780676e-05,101001.6844,87237.13,2788.099051,-1,-1,96681.76582,hold
2025-12-30,BTC,7.652666667e-05,7.258992202e-05,5.272902353e-05,100877.1451,88485.49,2771.401976,-1,-1,96681.76582,hold
2025-12-31,BTC,2.708333333e-05,4.983662767e-05,5.107446287e-05,100745.514,87648.22,2712.730406,0,-1,96681.76582,hold
2026-01-01,BTC,7.237e-05,6.110331384e-05,5.244836849e-05,100627.0416,88839.04,2616.751091,-1,0,,exit
2026-01-02,BTC,4.88e-05,5.495165692e-05,5.221298988e-05,100521.2515,89995.13,2614.26387,-1,-1,95380.92773,enter_short
2026-01-03,BTC,3.701e-05,4.598082846e-05,5.123215182e-05,100422.8113,90628.01,2529.470023,0,-1,95380.92773,hold
2026-01-04,BTC,6.579e-05,5.588541423e-05,5.217136783e-05,100334.3229,91529.73,2433.222164,-1,0,,exit
2026-01-05,BTC,7.282e-05,6.435270711e-05,5.350353765e-05,100269.8989,93859.71,2493.297009,-1,-1,97612.79541,enter_short
2026-01-06,BTC,1.377e-05,3.906135356e-05,5.094008361e-05,100205.0041,93747.97,2542.454366,0,-1,97612.79541,hold
2026-01-07,BTC,6.489e-05,5.197567678e-05,5.184007821e-05,100117.0355,91364.16,2580.311197,-1,0,,exit
2026-01-08,BTC,8.376333333e-05,6.786950506e-05,5.389964306e-05,100027.3136,91099.99,2565.788254,-1,-1,97814.93799,enter_short
2026-01-09,BTC,1.554333333e-05,4.170641919e-05,5.142504243e-05,99933.92025,90641.28,2553.081236,0,-1,97814.93799,hold
2026-01-10,BTC,6.511666667e-05,5.341154293e-05,5.230837303e-05,99840.09717,90504.7,2401.289719,-1,0,,exit
2026-01-11,BTC,5.027e-05,5.184077147e-05,5.217686509e-05,99752.27182,91013.65,2304.618311,0,-1,96507.9243,enter_short
2026-01-12,BTC,3.121666667e-05,4.152871907e-05,5.082459423e-05,99668.1318,91296.2,2310.82486,0,0,,exit
2026-01-13,BTC,5.176e-05,4.664435953e-05,5.088494298e-05,99625.80213,95414,2535.218798,0,0,,flat
2026-01-14,BTC,2.234e-05,3.449217977e-05,4.904333376e-05,99599.19495,96951.78,2594.503884,0,0,,flat
2026-01-15,BTC,9.693333333e-06,2.209275655e-05,4.650462406e-05,99559.44973,95604.8,2556.243607,0,0,,flat
2026-01-16,BTC,5.724e-05,3.966637827e-05,4.719722895e-05,99519.56406,95550.94,2486.369778,0,0,,flat
2026-01-17,BTC,1.935e-05,2.950818914e-05,4.540063354e-05,99476.06362,95147.77,2352.899079,0,0,,flat
2026-01-18,BTC,6.563333333e-05,4.757076124e-05,4.670596901e-05,99418.32308,93673.14,2321.672002,-1,0,,flat
2026-01-19,BTC,2.636666667e-05,3.696871395e-05,4.539375595e-05,99350.78753,92631,2281.762574,0,-1,99477.32001,enter_short
2026-01-20,BTC,7.365666667e-05,5.531269031e-05,4.721716955e-05,99242.0997,88427.66,2474.066675,-1,0,,exit
2026-01-21,BTC,6.155e-05,5.843134515e-05,4.814186829e-05,99144.71293,89454.73,2533.80977,-1,-1,94612.82669,enter_short
2026-01-22,BTC,6.961333333e-05,6.402233924e-05,4.95271241e-05,99049.33937,89559.67,2484.581929,-1,-1,94612.82669,hold
2026-01-23,BTC,5.149333333e-05,5.775783629e-05,4.965397631e-05,98955.31868,89600.26,2496.156791,-1,-1,94612.82669,hold
2026-01-24,BTC,4.780333333e-05,5.278058481e-05,4.953457999e-05,98858.50297,89225.34,2374.667735,-1,-1,94612.82669,hold
2026-01-25,BTC,4.768e-05,5.023029241e-05,4.941492966e-05,98737.22792,86670.36,2436.792182,-1,-1,94612.82669,hold
2026-01-26,BTC,4.173333333e-05,4.598181287e-05,4.89193428e-05,98633.84336,88347.08,2430.619169,0,-1,94612.82669,hold
2026-01-27,BTC,5.932666667e-05,5.265423977e-05,4.959078305e-05,98540.47179,89250,2415.491372,-1,0,,exit
2026-01-28,BTC,5.413666667e-05,5.339545322e-05,4.988406587e-05,98448.52669,89299.99,2369.124131,-1,-1,95288.71843,enter_short
2026-01-29,BTC,5.696333333e-05,5.517939328e-05,5.03407928e-05,98311.22951,84650.16,2625.948836,-1,-1,95288.71843,hold
2026-01-30,BTC,2.167333333e-05,3.84263633e-05,4.849127929e-05,98171.42116,84260.49,2696.791776,0,-1,95288.71843,hold
2026-01-31,BTC,6.608666667e-05,5.225651499e-05,4.962646557e-05,97978.08453,78741.09,3114.886649,-1,0,,exit
2026-02-01,BTC,6.253333333e-06,2.925492416e-05,4.682819897e-05,97769.03105,76968.21,3158.394746,0,-1,86528.31662,enter_short
2026-02-02,BTC,-2.896e-05,1.474620797e-07,4.193863775e-05,97579.67363,78738.61,3272.509407,0,0,,exit
2026-02-03,BTC,-1.41e-06,-6.312689601e-07,3.914195144e-05,97362.66404,75770.21,3484.566592,0,0,,flat
2026-02-04,BTC,2.762666667e-05,1.349769885e-05,3.839902984e-05,97121.89952,73165.83,3598.77755,0,0,,flat
2026-02-05,BTC,1.504666667e-05,1.427218276e-05,3.689242577e-05,96781.48122,62909.86,4127.163439,0,0,,flat
2026-02-06,BTC,-9.587666667e-05,-4.080224195e-05,2.832667787e-05,96520.77255,70580.26,4671.746765,0,0,,flat
2026-02-07,BTC,-8.803666667e-05,-6.441945431e-05,2.081936532e-05,96249.81342,69289.38,4651.626996,0,0,,flat
2026-02-08,BTC,-3.937666667e-05,-5.189806049e-05,1.693575035e-05,95991.90861,70330.38,4561.040068,0,0,,flat
2026-02-09,BTC,-1.837666667e-05,-3.513736358e-05,1.46575299e-05,95734.65579,70138,4459.932206,0,0,,flat
2026-02-10,BTC,-7.481e-05,-5.497368179e-05,8.885431196e-06,95467.06011,68841.29,4336.193477,0,0,,flat
2026-02-11,BTC,-2.728666667e-05,-4.113017423e-05,6.551747463e-06,95184.62687,67082.52,4279.099657,0,0,,flat
2026-02-12,BTC,1.3e-06,-1.991508711e-05,6.212925046e-06,94896.94074,66272.17,4208.629681,0,0,,flat
2026-02-13,BTC,1.758666667e-05,-1.164210224e-06,6.946714828e-06,94637.8066,68853.96,4165.906847,0,0,,flat
2026-02-14,BTC,4.57e-06,1.702894888e-06,6.793378387e-06,94390.8926,69822.95,3999.047786,0,0,,flat
2026-02-15,BTC,4.083333333e-06,2.893114111e-06,6.618536771e-06,94136.58103,68832.58,3926.472945,0,0,,flat
2026-02-16,BTC,-1.576666667e-05,-6.436776278e-06,5.174330097e-06,93885.39545,68892.43,3848.336306,0,0,,flat
2026-02-17,BTC,4.544e-05,1.950161186e-05,7.772115252e-06,93622.88923,67503.52,3760.629427,-1,0,,flat
2026-02-18,BTC,2.226e-05,2.088080593e-05,8.706817494e-06,93352.62167,66461,3678.171611,-1,-1,76905.09357,enter_short
2026-02-19,BTC,-1.46e-05,3.140402965e-06,7.203151849e-06,93090.44365,67003.73,3536.028638,0,-1,76905.09357,hold
2026-02-20,BTC,1.998666667e-05,1.156353482e-05,8.027894741e-06,92840.9866,68020.01,3429.040164,-1,0,,exit
2026-02-21,BTC,3.392e-05,2.274176741e-05,9.698353145e-06,92593.5731,67975.93,3267.252295,-1,-1,76592.60041,enter_short
2026-02-22,BTC,1.914666667e-05,2.094421704e-05,1.030792176e-05,92345.31267,67643.4,3109.234274,-1,-1,76592.60041,hold
2026-02-23,BTC,-4e-07,1.027210852e-05,9.617088097e-06,92069.79732,64656.02,3158.293969,-1,-1,76592.60041,hold
2026-02-24,BTC,1.443666667e-05,1.235438759e-05,9.92802865e-06,91791.07446,64058.15,3112.4494,-1,-1,76592.60041,hold
2026-02-25,BTC,4.8e-06,8.577193796e-06,9.597188092e-06,91554.22835,67988.04,3324.100157,0,-1,76592.60041,hold
2026-02-26,BTC,2.936666667e-06,5.756930231e-06,9.167477032e-06,91314.73533,67485.18,3255.23586,0,0,,exit
2026-02-27,BTC,-3.256666667e-05,-1.340486822e-05,6.474951632e-06,91061.57478,65872.1,3258.600441,0,0,,flat
2026-02-28,BTC,-1.330333333e-05,-1.335410078e-05,5.198933247e-06,90821.89005,66973.26,3363.70041,0,0,,flat
2026-03-01,BTC,2.274333333e-05,4.694616279e-06,6.330830027e-06,90572.68189,65776.47,3348.006809,0,0,,flat
2026-03-02,BTC,-1.112666667e-05,-3.216025194e-06,5.204539918e-06,90356.3374,68830.06,3454.348466,0,0,,flat
2026-03-03,BTC,9.106666667e-06,2.945320736e-06,5.456290031e-06,90137.24946,68338,3429.043575,0,0,,flat
2026-03-04,BTC,6.043333333e-06,4.494327035e-06,5.494163792e-06,89963.41385,72666.77,3659.111891,0,0,,flat
2026-03-05,BTC,2.902e-05,1.675716352e-05,7.011959677e-06,89773.6358,70890.72,3605.795328,-1,0,,flat
2026-03-06,BTC,-1.182666667e-05,2.465248425e-06,5.796564429e-06,89558.11723,68114.02,3610.752804,0,-1,79905.50832,enter_short
2026-03-07,BTC,-2.433333333e-07,1.110957546e-06,5.406893605e-06,89336.27437,67262.91,3469.683318,0,0,,exit
2026-03-08,BTC,-2.826333333e-05,-1.357618789e-05,3.2346209e-06,89103.78607,65971.2,3406.242367,0,0,,flat
2026-03-09,BTC,-4.593333333e-05,-2.975476061e-05,6.249481997e-08,88898.09825,68432.16,3426.845055,0,0,,flat
2026-03-10,BTC,1.913333333e-06,-1.392071364e-05,1.819037563e-07,88709.54633,69948.63,3423.898265,0,0,,flat
2026-03-11,BTC,-7.376e-05,-4.384035682e-05,-4.588541647e-06,88525.29074,70191.86,3346.697675,0,0,,flat
2026-03-12,BTC,-6.858333333e-05,-5.621184508e-05,-8.717237885e-06,88346.34596,70541.34,3221.511412,0,0,,flat
2026-03-13,BTC,2.786666667e-06,-2.671258921e-05,-7.975050495e-06,88173.04898,70930,3243.384169,0,0,,flat
2026-03-14,BTC,-3.072666667e-05,-2.871962794e-05,-9.442896699e-06,88004.28183,71211.95,3082.493871,0,0,,flat
2026-03-15,BTC,-1.895e-05,-2.383481397e-05,-1.00562582e-05,87853.14709,72815.24,3029.471452,0,0,,flat
2026-03-16,BTC,3.889e-05,7.527593016e-06,-6.898435093e-06,87724.10751,74884.67,3001.557062,-1,0,,flat
2026-03-17,BTC,-1.174666667e-05,-2.109536825e-06,-7.211224227e-06,87586.64734,73909.36,2972.932272,-1,-1,82388.56266,enter_short
2026-03-18,BTC,-2.988e-05,-1.599476841e-05,-8.673725889e-06,87424.05921,71246.54,3058.604253,0,-1,82388.56266,hold
2026-03-19,BTC,-9.27e-06,-1.263238421e-05,-8.712195187e-06,87249.98896,69930,3041.59252,0,0,,exit
2026-03-20,BTC,3.85e-06,-4.391192103e-06,-7.901730981e-06,87083.42917,70510.73,2965.693055,-1,0,,flat
2026-03-21,BTC,-3.793333333e-06,-4.092262718e-06,-7.636673068e-06,86902.67983,68918.12,2934.537836,-1,-1,77924.96264,enter_short
2026-03-22,BTC,-3.485333333e-05,-1.947279803e-05,-9.392586634e-06,86713.19048,67859,2884.080134,0,-1,77924.96264,hold
2026-03-23,BTC,-1.594e-05,-1.770639901e-05,-9.815000399e-06,86555.90948,70906.45,2990.353696,0,0,,exit
2026-03-24,BTC,3.653333333e-05,9.41346716e-06,-6.82478532e-06,86396.71376,70556.74,2953.680575,-1,0,,flat
2026-03-25,BTC,2.701666667e-05,1.821506691e-05,-4.641465837e-06,86246.86119,71336.53,2858.281248,-1,-1,77940.94144,enter_short
2026-03-26,BTC,5.746666667e-06,1.198086679e-05,-3.97126374e-06,86073.46267,68820.31,2888.676873,-1,-1,77940.94144,hold
2026-03-27,BTC,-3.071333333e-05,-9.366233272e-06,-5.696558552e-06,85877.77926,66407.28,2941.685668,0,-1,77940.94144,hold
2026-03-28,BTC,-5.288333333e-05,-3.11247833e-05,-8.740866603e-06,85683.74195,66377.03,2828.48312,0,0,,exit
2026-03-29,BTC,-3.383333333e-06,-1.725405832e-05,-8.395219295e-06,85487.99258,66010.93,2778.627183,0,0,,flat
2026-03-30,BTC,5.166666667e-06,-6.043695826e-06,-7.52025891e-06,85302.01624,66797.37,2749.372384,-1,0,,flat
2026-03-31,BTC,-1.522666667e-05,-1.063518125e-05,-8.017446508e-06,85132.68752,68284.48,2738.0915,0,-1,73670.81096,enter_short
2026-04-01,BTC,-1.111e-05,-1.087259062e-05,-8.216966088e-06,84963.34655,68113.92,2666.17425,0,0,,exit
2026-04-02,BTC,-1.010666667e-05,-1.048962864e-05,-8.338882254e-06,84783.63156,66901.99,2685.823232,0,0,,flat
2026-04-03,BTC,-3.596666667e-06,-7.043147656e-06,-8.032932861e-06,84606.32477,66964.3,2571.723001,-1,0,,flat
2026-04-04,BTC,3.175666667e-05,1.235675951e-05,-5.465861924e-06,84434.12672,67300.42,2444.244215,-1,-1,73393.5975,enter_short
2026-04-05,BTC,2.702666667e-05,1.969171309e-05,-3.369569757e-06,84280.89342,69034.18,2449.979628,-1,-1,73393.5975,hold
2026-04-06,BTC,4.346666667e-05,3.157918988e-05,-3.478770845e-07,84127.38861,68853.66,2421.513941,-1,-1,73393.5975,hold
2026-04-07,BTC,3.593666667e-05,3.375792827e-05,1.993061222e-06,84005.96404,71924.22,2607.762231,-1,-1,73393.5975,hold
2026-04-08,BTC,3.877e-05,3.626396414e-05,4.36576695e-06,83877.24729,71069.93,2575.0485,-1,-1,73393.5975,hold
2026-04-09,BTC,1.035333333e-05,2.330864873e-05,4.752061555e-06,83756.95597,71787.97,2582.473607,-1,-1,73393.5975,hold
2026-04-10,BTC,2.273333333e-06,1.279099103e-05,4.592143605e-06,83649.55044,72962.7,2541.429064,-1,0,,exit
2026-04-11,BTC,-6.687666667e-05,-2.704283782e-05,-1.874738002e-08,83544.01421,73043.16,2451.106273,0,-1,79316.28266,enter_short
2026-04-12,BTC,-4.044333333e-05,-3.374308557e-05,-2.626785183e-06,83416.62084,70740.98,2463.98154,0,0,,exit
2026-04-13,BTC,-1.942e-05,-2.658154279e-05,-3.710218397e-06,83327.08222,74417.99,2597.483572,0,0,,flat
2026-04-14,BTC,-2.785333333e-05,-2.721743806e-05,-5.267838716e-06,83235.58439,74131.55,2572.129746,0,0,,flat
2026-04-15,BTC,-7.183e-05,-4.952371903e-05,-9.562171702e-06,83151.74763,74809.99,2524.906193,0,0,,flat
2026-04-16,BTC,-2.828e-05,-3.890185952e-05,-1.076977353e-05,83072.17094,75154.29,2503.477893,0,0,,flat
2026-04-17,BTC,-1.570333333e-05,-2.730259642e-05,-1.108806771e-05,83012.46774,77072,2596.343758,0,0,,flat
2026-04-18,BTC,-6.588666667e-05,-4.659463155e-05,-1.462346119e-05,82939.62488,75691.76,2551.956347,0,0,,flat
2026-04-19,BTC,-9.296666667e-05,-6.978064911e-05,-1.967786154e-05,82848.70115,73801.79,2546.656608,0,0,,flat
2026-04-20,BTC,-4.046e-05,-5.512032455e-05,-2.101864467e-05,82778.97248,75840.97,2567.203278,0,0,,flat
2026-04-21,BTC,-6.001e-05,-5.756516228e-05,-2.353421598e-05,82714.8648,76336.15,2534.260187,0,0,,flat
2026-04-22,BTC,1.913333333e-06,-2.782591447e-05,-2.189243861e-05,82669.72415,78178.23,2591.803745,0,0,,flat
2026-04-23,BTC,-6.039666667e-05,-4.411129057e-05,-2.437658235e-05,82625.82122,78257.48,2528.282049,0,0,,flat
2026-04-24,BTC,-4.948666667e-05,-4.679897862e-05,-2.599658779e-05,82574.19246,77437.13,2441.822617,0,0,,flat
2026-04-25,BTC,-4.337e-05,-4.508448931e-05,-2.71174531e-05,82524.94676,77625,2320.629573,0,0,,flat
2026-04-26,BTC,1.963333333e-06,-2.156057799e-05,-2.524127333e-05,82486.4652,78657.55,2271.619603,-1,0,,flat
2026-04-27,BTC,-4.696e-05,-3.426028899e-05,-2.66424815e-05,82435.56823,77371.32,2325.505346,0,-1,84336.59901,enter_short
2026-04-28,BTC,-6.376666667e-06,-2.031847783e-05,-2.533500957e-05,82374.94338,76342.77,2288.783536,-1,0,,exit
2026-04-29,BTC,6.786666667e-06,-6.765905582e-06,-2.326264336e-05,82309.32205,75780,2337.256855,-1,-1,82064.73884,enter_short
2026-04-30,BTC,-2.987e-05,-1.831795279e-05,-2.368892444e-05,82249.99118,76346.57,2266.416365,-1,-1,82064.73884,hold
2026-05-01,BTC,-2.899666667e-05,-2.365730973e-05,-2.403135942e-05,82210.00251,78231.13,2289.793767,-1,-1,82064.73884,hold
2026-05-02,BTC,-2.821666667e-05,-2.59369882e-05,-2.430137924e-05,82174.94627,78686.85,2209.05707,0,-1,82064.73884,hold
2026-05-03,BTC,5.316666667e-06,-1.031016077e-05,-2.239053757e-05,82139.06193,78568.57,2148.618708,-1,0,,exit
2026-05-04,BTC,3.286666667e-06,-3.511747049e-06,-2.073394375e-05,82116.39475,79861.01,2179.0738,-1,-1,83940.12677,enter_short
2026-05-05,BTC,-4.416333333e-05,-2.383754019e-05,-2.224551727e-05,82104.34624,80905.52,2165.051386,0,-1,83940.12677,hold
2026-05-06,BTC,-6.353e-05,-4.36837701e-05,-2.490903229e-05,82097.80558,81447.01,2161.752001,0,0,,exit
2026-05-07,BTC,-4.479333333e-05,-4.423855171e-05,-2.619189042e-05,82076.9916,80006,2165.078287,0,0,,flat
2026-05-08,BTC,-2.177666667e-05,-3.300760919e-05,-2.590703727e-05,82058.2471,80193.17,2104.609838,0,0,,flat
2026-05-09,BTC,5.646666667e-06,-1.368047126e-05,-2.387131444e-05,82044.51728,80678.4,2022.148421,-1,0,,flat
2026-05-10,BTC,3.493333333e-05,1.062643104e-05,-2.007746619e-05,82046.16457,82210.07,2034.819962,0,-1,85733.78105,enter_short
2026-05-11,BTC,4.315e-05,2.688821552e-05,-1.599827483e-05,82043.17438,81745.65,2026.406393,-1,0,,exit
2026-05-12,BTC,3.194666667e-05,2.941744109e-05,-1.29050528e-05,82027.86388,80504.47,2020.549508,-1,-1,86811.67598,enter_short
2026-05-13,BTC,4.184333333e-05,3.563038721e-05,-9.372898851e-06,82000.85638,79313.61,2059.795257,-1,-1,86811.67598,hold
2026-05-14,BTC,3.65e-05,3.606519361e-05,-6.41335699e-06,81991.79304,81089.99,2135.962025,-1,-1,86811.67598,hold
2026-05-15,BTC,-1.528e-05,1.03925968e-05,-6.985398475e-06,81963.15042,79113.21,2198.068309,-1,-1,86811.67598,hold
2026-05-16,BTC,2.894333333e-05,1.966796507e-05,-4.667415777e-06,81925.18922,78148.05,2154.475572,-1,-1,86811.67598,hold
2026-05-17,BTC,1.753666667e-05,1.860231587e-05,-3.234894329e-06,81880.73629,77457.67,2133.786603,-1,-1,86811.67598,hold
2026-05-18,BTC,3.941666667e-05,2.900949127e-05,-4.831807166e-07,81832.19036,77001.87,2106.301846,-1,-1,86811.67598,hold
2026-05-19,BTC,5.178666667e-05,4.039807897e-05,2.889067502e-06,81782.4607,76834.36,2046.559571,-1,-1,86811.67598,hold
2026-05-20,BTC,6.031666667e-05,5.035737282e-05,6.594073899e-06,81740.36886,77552.23,1995.826744,-1,-1,86811.67598,hold
2026-05-21,BTC,4.019333333e-05,4.527535308e-05,8.761768056e-06,81699.32558,77615.52,1959.019834,-1,-1,86811.67598,hold
2026-05-22,BTC,1.878333333e-05,3.20293432e-05,9.408320655e-06,81638.03379,75539.5,2000.576989,-1,-1,86811.67598,hold
2026-05-23,BTC,3.416333333e-05,3.309633827e-05,1.100541825e-05,81589.41664,76752.01,2080.148632,-1,-1,86811.67598,hold
2026-05-24,BTC,7.199666667e-05,5.254650247e-05,1.49403375e-05,81544.39717,77064.96,2034.077302,-1,-1,86811.67598,hold
2026-05-25,BTC,3.834e-05,4.544325123e-05,1.644999315e-05,81502.38336,77322.01,1959.591066,-1,-1,86811.67598,hold
2026-05-26,BTC,5.895333333e-05,5.219829228e-05,1.919214413e-05,81446.93686,75930.01,1991.193847,-1,-1,86811.67598,hold
2026-05-27,BTC,9.620666667e-05,7.420247948e-05,2.4160823e-05,81377.30864,74449.3,1986.834286,-1,-1,86811.67598,hold
2026-05-28,BTC,8.337e-05,7.878623974e-05,2.79807699e-05,81300.09671,73617.51,1988.342552,-1,-1,86811.67598,hold
2026-05-29,BTC,7.364333333e-05,7.621478654e-05,3.092674174e-05,81222.09356,73460.78,1989.290226,-1,-1,86811.67598,hold
2026-05-30,BTC,4.803333333e-05,6.212405993e-05,3.203039281e-05,81149.08148,73884.38,1913.466639,-1,-1,86811.67598,hold
2026-05-31,BTC,5.361e-05,5.786702997e-05,3.342262553e-05,81074.70644,73674.39,1839.337593,-1,-1,86811.67598,hold
2026-06-01,BTC,6.713666667e-05,6.250184832e-05,3.559772496e-05,80978.52926,71408.9,1951.193479,-1,-1,86811.67598,hold
2026-06-02,BTC,8.111666667e-05,7.180925749e-05,3.853443087e-05,80837.05962,66760.83,2184.386802,-1,-1,86811.67598,hold
2026-06-03,BTC,7.464666667e-05,7.322796208e-05,4.086425254e-05,80670.94709,64142.75,2272.895602,-1,-1,86811.67598,hold
2026-06-04,BTC,1.049e-05,4.185898104e-05,3.890462334e-05,80503.93259,63885.99,2352.028773,-1,-1,86811.67598,hold
2026-06-05,BTC,-3.263333333e-06,1.929782385e-05,3.618411001e-05,80310.4255,61056.47,2530.247432,0,-1,86811.67598,hold
2026-06-06,BTC,3.1e-06,1.119891193e-05,3.40496513e-05,80117.1339,60884.62,2494.519044,0,0,,exit
2026-06-07,BTC,1.07e-06,6.134455963e-06,3.192193186e-05,79950.11774,63332.01,2565.530541,0,0,,flat
2026-06-08,BTC,2.369666667e-05,1.491556131e-05,3.139126959e-05,79782.31548,63085.99,2510.27836,0,0,,flat
2026-06-09,BTC,6.94e-06,1.092778066e-05,2.981376833e-05,79602.69045,61730,2527.116334,0,0,,flat
2026-06-10,BTC,-1.593333333e-06,4.667223662e-06,2.77875037e-05,79422.67353,61510.99,2496.821596,0,0,,flat
2026-06-11,BTC,1.483333333e-05,9.750278498e-06,2.695175078e-05,79265.4926,63625.99,2491.479339,0,0,,flat
2026-06-12,BTC,6.61e-06,8.180139249e-06,2.563937976e-05,79109.41814,63580.01,2425.275815,0,0,,flat
2026-06-13,BTC,2.118333333e-05,1.468173629e-05,2.535189289e-05,78963.63299,64458.01,2348.049685,0,0,,flat
2026-06-14,BTC,-4.144e-05,-1.337913185e-05,2.104273851e-05,78832.11873,65746.45,2331.843993,0,0,,flat
2026-06-15,BTC,-8.833333333e-06,-1.110623259e-05,1.911525001e-05,78707.707,66328.74,2303.722994,0,0,,flat
2026-06-16,BTC,-4.306666667e-06,-7.70644963e-06,1.760415861e-05,78578.02842,65675.01,2255.677066,0,0,,flat
2026-06-17,BTC,-2.436666667e-05,-1.603655815e-05,1.489636343e-05,78438.04207,64509.4,2275.28299,0,0,,flat
2026-06-18,BTC,1.801333333e-05,9.883875924e-07,1.509745826e-05,78284.0119,62958.01,2293.757776,0,0,,flat
2026-06-19,BTC,3.615333333e-05,1.857086046e-05,1.645590181e-05,78137.34422,63543.91,2226.315078,-1,0,,flat
2026-06-20,BTC,4.144e-05,3.000543023e-05,1.806777912e-05,77999.6394,64298.01,2153.277572,-1,-1,69109.68769,enter_short
2026-06-21,BTC,2.667e-05,2.833771512e-05,1.862276111e-05,77853.49364,63311.99,2093.614888,-1,-1,69109.68769,hold
2026-06-22,BTC,4.299666667e-05,3.566719089e-05,2.019527114e-05,77715.84703,64020.01,2109.130968,-1,-1,69109.68769,hold
2026-06-23,BTC,1.269e-05,2.417859545e-05,1.97110601e-05,77566.7796,62734.57,2125.43447,-1,-1,69109.68769,hold
2026-06-24,BTC,1.438333333e-05,1.928096439e-05,1.93673358e-05,77402.71204,61077.99,2269.072008,0,-1,69109.68769,hold
2026-06-25,BTC,-5.486666667e-06,6.897148861e-06,1.776385177e-05,77227.50098,59794,2381.809007,0,0,,exit
2026-06-26,BTC,6.17e-05,3.429857443e-05,2.059844197e-05,77057.05092,60097.27,2384.750507,-1,0,,flat
2026-06-27,BTC,4.427e-05,3.928428722e-05,2.212563927e-05,76887.61757,60029,2291.983328,-1,-1,66059.14627,enter_short
2026-06-28,BTC,3.347666667e-05,3.638047694e-05,2.285796361e-05,76715.37272,59577.01,2245.413804,-1,-1,66059.14627,hold
2026-06-29,BTC,6.404666667e-05,5.02135718e-05,2.55152993e-05,76551.63976,60260.21,2219.352818,-1,-1,66059.14627,hold
2026-06-30,BTC,5.950333333e-05,5.485845257e-05,2.770807568e-05,76373.26235,58624.71,2209.080474,-1,-1,66059.14627,hold
2019-12-12,ETH,0.0001,9.911700771e-05,7.769106113e-05,148.4247453,144.87,5.346142194,-1,0,,flat
2019-12-13,ETH,0.0001,9.955850722e-05,7.981334856e-05,148.1940433,144.8,5.192846323,-1,-1,158.2353555,enter_short
2019-12-14,ETH,6.717e-05,8.336419183e-05,7.864629524e-05,147.8072199,141.79,5.099785871,-1,-1,158.2353555,hold
2019-12-15,ETH,0.0001,9.168211178e-05,8.056407004e-05,147.4997447,142.46,5.035515452,-1,-1,158.2353555,hold
2019-12-16,ETH,8.816333333e-05,8.992272088e-05,8.122972248e-05,146.6890086,132.73,5.732264348,-1,-1,158.2353555,hold
2019-12-17,ETH,7.677e-05,8.33463573e-05,8.08478881e-05,145.3857698,121.88,6.31353118,-1,-1,158.2353555,hold
2019-12-18,ETH,8.302333333e-05,8.318484528e-05,8.103029703e-05,144.7506227,132.78,7.191850382,-1,-1,158.2353555,hold
2019-12-19,ETH,0.0001,9.159242364e-05,8.259072042e-05,143.9442787,128.1,7.271718212,-1,-1,158.2353555,hold
2019-12-20,ETH,0.0001,9.579621207e-05,8.39978198e-05,143.2096099,128.19,7.005881197,-1,-1,158.2353555,hold
2019-12-21,ETH,0.0001,9.78981061e-05,8.527043631e-05,142.4800053,126.99,6.641175397,-1,-1,158.2353555,hold
2019-12-22,ETH,0.0001,9.894905306e-05,8.642451995e-05,142.0284521,132.09,6.613234297,-1,-1,158.2353555,hold
2019-12-23,ETH,0.0001,9.947452654e-05,8.747366408e-05,141.4301286,127.8,6.790860419,-1,-1,158.2353555,hold
2019-12-24,ETH,0.0001,9.973726327e-05,8.842952527e-05,140.872755,127.75,6.52579896,-1,-1,158.2353555,hold
2019-12-25,ETH,0.0001,9.986863163e-05,8.930215643e-05,140.2489231,125.09,6.400384749,-1,-1,158.2353555,hold
2019-12-26,ETH,9.899333333e-05,9.943098248e-05,9.002517046e-05,139.6857725,125.58,6.510357267,-1,-1,158.2353555,hold
2019-12-27,ETH,0.0001,9.971549124e-05,9.076191331e-05,139.1857207,126.29,6.416046033,-1,-1,158.2353555,hold
2019-12-28,ETH,0.0001,9.985774562e-05,9.143792351e-05,138.7832923,128.11,6.232042745,-1,-1,158.2353555,hold
2019-12-29,ETH,6.82e-05,8.402887281e-05,8.975205537e-05,138.6267066,134.36,6.540468263,0,-1,158.2353555,hold
2019-12-30,ETH,7.902333333e-05,8.152610307e-05,8.897990843e-05,138.3837875,131.59,6.497577673,0,0,,exit
2019-12-31,ETH,9.886666667e-05,9.019638487e-05,8.968619455e-05,138.073003,129.16,6.427036411,-1,0,,flat
2020-01-01,ETH,4.096666667e-06,4.714652577e-05,8.361391447e-05,137.8326441,130.77,6.280105239,0,-1,145.227591,enter_short
2020-01-02,ETH,8.349e-05,6.531826288e-05,8.360517934e-05,137.4902323,127.19,6.145812007,0,0,,exit
2020-01-03,ETH,0.0001,8.265913144e-05,8.475403638e-05,137.3913963,134.35,6.368254007,0,0,,flat
2020-01-04,ETH,0.0001,9.132956572e-05,8.581648262e-05,137.2930663,134.2,6.152664435,-1,0,,flat
2020-01-05,ETH,0.0001,9.566478286e-05,8.679980543e-05,137.2350256,135.37,5.99890269,-1,-1,149.5816611,enter_short
2020-01-06,ETH,0.0001,9.783239143e-05,8.771057288e-05,137.4395902,144.15,6.252552497,0,-1,149.5816611,hold
2020-01-07,ETH,0.0001,9.891619572e-05,8.855471845e-05,137.5951131,142.8,6.273798748,0,0,,exit
2020-01-08,ETH,0.0001,9.945809786e-05,8.933761396e-05,137.6840802,140.72,6.592813123,0,0,,flat
2020-01-09,ETH,0.0001,9.972904893e-05,9.006413267e-05,137.6856433,137.74,6.564755043,0,0,,flat
2020-01-10,ETH,0.0001,9.986452446e-05,9.073870398e-05,137.8820911,144.84,6.799415397,0,0,,flat
2020-01-11,ETH,0.0001,9.993226223e-05,9.136536107e-05,138.0034717,142.38,6.739457154,0,0,,flat
2020-01-12,ETH,0.0001,9.996613112e-05,9.194778255e-05,138.2299798,146.54,6.603781643,0,0,,flat
2020-01-13,ETH,0.0001,9.998306556e-05,9.248932891e-05,138.3696214,143.58,6.469940097,0,0,,flat
2020-01-14,ETH,0.0001,9.999153278e-05,9.299307459e-05,139.0700958,165.64,8.021372947,0,0,,flat
2020-01-15,ETH,0.0002121033333,0.0001560474331,0.0001009615228,139.7612236,166.4,8.36127488,0,0,,flat
2020-01-16,ETH,0.0003260366667,0.0002410420499,0.0001159831907,140.3701527,164.21,8.449755245,0,0,,flat
2020-01-17,ETH,0.0001636633333,0.0002023526916,0.0001191583325,141.0935678,169.85,8.751201299,0,0,,flat
2020-01-18,ETH,0.00010338,0.0001528663458,0.0001181097905,141.8928437,174.14,9.167544064,0,0,,flat
2020-01-19,ETH,0.00029455,0.0002237081729,0.0001298123613,142.4865652,166.79,9.683433773,0,0,,flat
2020-01-20,ETH,0.0004671533333,0.0003454307531,0.0001521464122,143.0600662,166.87,9.569617075,0,0,,flat
2020-01-21,ETH,0.00019029,0.0002678603766,0.0001546674921,143.6733786,169.49,9.280358713,0,0,,flat
2020-01-22,ETH,0.0001178333333,0.0001928468549,0.0001522367947,144.2321017,168.07,9.006047376,0,0,,flat
2020-01-23,ETH,0.00013998,0.0001664134275,0.0001514291557,144.6521264,162.81,9.004901135,0,0,,flat
2020-01-24,ETH,0.0002026166667,0.0001845150471,0.0001547974247,145.051495,162.54,8.997408197,0,0,,flat
2020-01-25,ETH,0.00015931,0.0001719125235,0.0001550939821,145.3888774,160.35,8.724736183,0,0,,flat
2020-01-26,ETH,0.00022782,0.0001998662618,0.0001598676542,145.8785135,167.86,8.720826455,0,0,,flat
2020-01-27,ETH,0.0001,0.0001499331309,0.0001559424019,146.3996832,170.08,8.622195994,1,0,,flat
2020-01-28,ETH,0.00050389,0.0003269115654,0.0001787318433,147.0221513,175.64,8.447039138,0,1,148.48451,enter_long
2020-01-29,ETH,0.0009465233333,0.0006367174494,0.000228970435,147.5841238,173.72,8.209393485,0,0,,exit
2020-01-30,ETH,0.0005296366667,0.000583177058,0.0002486257941,148.3566047,184.69,8.770865379,0,0,,flat
2020-01-31,ETH,0.001027823333,0.0008055001957,0.0002995204357,149.0080777,179.99,8.901517852,0,0,,flat
2020-02-01,ETH,0.0006521533333,0.0007288267645,0.0003225348408,149.7129769,183.6,8.626409434,0,0,,flat
2020-02-02,ETH,0.0002044266667,0.0004666267156,0.0003148323357,150.4939954,188.44,9.03380876,0,0,,flat
2020-02-03,ETH,0.0001,0.0002833133578,0.0003008316926,151.2764774,189.69,9.000679563,1,0,,flat
2020-02-04,ETH,0.00030226,0.0002927866789,0.0003009247147,152.0203189,188.91,8.851345308,1,1,167.2383011,enter_long
2020-02-05,ETH,0.00038505,0.0003389183394,0.0003064002367,153.0334258,203.78,9.606249215,0,1,167.2383011,hold
2020-02-06,ETH,0.0008107233333,0.0005748208364,0.0003392067199,154.1996646,213.19,10.01365999,0,0,,exit
2020-02-07,ETH,0.0003113533333,0.0004430870849,0.0003373958101,155.5273467,223.33,10.14554141,0,0,,flat
2020-02-08,ETH,0.0002792733333,0.0003611802091,0.000333618819,156.8122603,223.05,10.45871703,0,0,,flat
2020-02-09,ETH,0.00098838,0.0006747801045,0.0003761475013,158.1639701,228.49,10.26809438,0,0,,flat
2020-02-10,ETH,0.002066076667,0.001370428386,0.0004858654879,159.3738065,222.89,10.46537336,0,0,,flat
2020-02-11,ETH,0.001255113333,0.001312770859,0.0005357882095,160.8064505,236.69,11.21641812,0,0,,flat
2020-02-12,ETH,0.002668813333,0.001990792096,0.0006741646263,162.7342953,265.74,13.17595968,0,0,,flat
2020-02-13,ETH,0.00146644,0.001728616048,0.0007255438064,164.6579212,268.32,13.77839113,0,0,,flat
2020-02-14,ETH,0.001044176667,0.001386396357,0.0007462002967,166.8351188,285.15,14.71350605,0,0,,flat
2020-02-15,ETH,0.001001036667,0.001193716512,0.0007627157972,168.5924454,264.88,15.5589699,0,0,,flat
2020-02-16,ETH,0.0009888766667,0.001091296589,0.0007773686082,170.1973973,258.85,17.06118634,0,0,,flat
2020-02-17,ETH,0.0006864466667,0.000888871628,0.0007714794455,171.9203537,267.85,17.75467303,0,0,,flat
2020-02-18,ETH,0.00020082,0.000544845814,0.0007345263429,173.8584217,282.61,18.47791067,1,0,,flat
2020-02-19,ETH,0.00078567,0.000665257907,0.0007378373637,175.3284265,258.45,19.54663134,1,1,236.4452233,enter_long
2020-02-20,ETH,0.0002778033333,0.0004715306202,0.0007080615909,176.7365347,256.96,19.50687196,1,1,236.4452233,hold
2020-02-21,ETH,0.00060283,0.0005371803101,0.0007012518835,178.252631,265.27,19.15852396,1,1,236.4452233,hold
2020-02-22,ETH,0.00051304,0.000525110155,0.000689074767,179.6692407,261.57,18.56220082,1,1,236.4452233,hold
2020-02-23,ETH,0.0005626166667,0.0005438634109,0.0006808945529,181.2699788,274.48,18.28347219,1,1,236.4452233,hold
2020-02-24,ETH,0.00037408,0.0004589717054,0.0006610509876,182.6826203,265.52,18.41393846,1,1,236.4452233,hold
2020-02-25,ETH,0.0004135033333,0.0004362375194,0.0006450431341,183.7482486,246.67,18.65437143,1,1,236.4452233,hold
2020-02-26,ETH,0.0006614266667,0.000548832093,0.000646102429,184.4129686,223.93,19.79763061,1,0,,exit
2020-02-27,ETH,0.0001538933333,0.0003513627132,0.0006142825755,185.1258478,227.79,20.40494271,1,1,174.4859235,enter_long
2020-02-28,ETH,0.0002275866667,0.0002894746899,0.0005892871074,185.8056755,226.76,20.42316109,1,1,174.4859235,hold
2020-02-29,ETH,0.0004807333333,0.0003851040116,0.0005822712063,186.3152144,217.21,20.10722101,1,1,174.4859235,hold
2020-03-01,ETH,0.0002227666667,0.0003039353391,0.0005590388546,186.8230345,217.81,19.78027665,1,1,174.4859235,hold
2020-03-02,ETH,0.0001346166667,0.0002192760029,0.0005316142513,187.546515,231.97,19.67668546,1,1,174.4859235,hold
2020-03-03,ETH,0.0001713433333,0.0001953096681,0.0005083371998,188.1257216,223.91,19.19192222,1,1,174.4859235,hold
2020-03-04,ETH,0.00031328,0.0002542948341,0.0004957357636,188.6978571,224.26,18.43678491,1,1,174.4859235,hold
2020-03-05,ETH,0.0003497766667,0.0003020357504,0.000486307078,189.3224932,228.38,17.82415742,1,1,174.4859235,hold
2020-03-06,ETH,0.0001912666667,0.0002466512085,0.0004672495802,190.1919881,244.88,17.82457475,1,1,174.4859235,hold
2020-03-07,ETH,0.0001124633333,0.0001795572709,0.0004443346872,190.9239774,237.23,17.68924798,1,1,174.4859235,hold
2020-03-08,ETH,0.000387,0.0002832786355,0.0004406318267,191.0556065,199.43,19.40644455,1,1,174.4859235,hold
2020-03-09,ETH,0.0001254,0.0002043393177,0.0004202744972,191.2365043,202.81,19.35026994,1,1,174.4859235,hold
2020-03-10,ETH,0.0002014233333,0.0002028813255,0.0004061422137,191.3813576,200.7,18.72953637,1,1,174.4859235,hold
2020-03-11,ETH,0.0002118366667,0.0002073589961,0.0003935956969,191.4305137,194.61,18.92385521,1,1,174.4859235,hold
2020-03-12,ETH,0.00033639,0.000271874498,0.0003899020668,190.164224,107.82,24.31143698,0,0,,exit
2020-03-13,ETH,-0.00099923,-0.000363677751,0.0003002138616,189.3189111,134.06,26.40919148,0,0,,flat
2020-03-14,ETH,0.0001,-0.0001318388755,0.0002872878346,188.3178864,122.54,25.57139209,0,0,,flat
2020-03-15,ETH,0.0001,-1.591943774e-05,0.0002751968698,187.3553062,123.78,24.69772122,0,0,,flat
2020-03-16,ETH,-9.773333333e-06,-1.284638554e-05,0.0002568004813,186.2223925,111.02,24.59288399,0,0,,flat
2020-03-17,ETH,0.0001,4.357680723e-05,0.0002466785492,185.180401,115.67,23.65196371,0,0,,flat
2020-03-18,ETH,0.0001,7.178840362e-05,0.0002372103661,184.1945857,118.11,22.57968059,0,0,,flat
2020-03-19,ETH,0.0001,8.589420181e-05,0.0002283536645,183.4939473,136.3,22.94327483,0,0,,flat
2020-03-20,ETH,0.0001,9.29471009e-05,0.0002200689152,182.7657124,133.48,23.86232663,0,0,,flat
2020-03-21,ETH,0.0001,9.647355045e-05,0.0002123191491,182.0394894,132.66,23.00073187,0,0,,flat
2020-03-22,ETH,0.0001,9.823677523e-05,0.0002050697906,181.1778411,122.32,22.50282245,0,0,,flat
2020-03-23,ETH,0.0001,9.911838761e-05,0.0001982885027,180.5277602,135.92,22.18119227,0,0,,flat
2020-03-24,ETH,0.0001,9.955919381e-05,0.0001919450409,179.9255848,138.42,21.39396425,0,0,,flat
2020-03-25,ETH,0.0001,9.97795969e-05,0.0001860111181,179.3015579,136.1,20.56510967,0,0,,flat
2020-03-26,ETH,0.0001,9.988979845e-05,0.0001804602769,178.7216529,138.4,19.5590304,0,0,,flat
2020-03-27,ETH,0.0001,9.994489923e-05,0.0001752677714,178.0525596,131.33,18.98981395,0,0,,flat
2020-03-28,ETH,5.761666667e-05,7.878078295e-05,0.0001676752986,177.3907301,130.98,18.21125581,0,0,,flat
2020-03-29,ETH,0.0001,8.939039147e-05,0.0001633080316,176.6501418,124.5,17.48402325,0,0,,flat
2020-03-30,ETH,3.363333333e-05,6.15118624e-05,0.0001549399168,176.0283,132.06,17.04659302,0,0,,flat
2020-03-31,ETH,0.0001,8.07559312e-05,0.0001513946113,175.4267379,132.72,16.15897923,0,0,,flat
2020-04-01,ETH,4.210666667e-05,6.143129893e-05,0.0001443422972,174.8769518,135.69,15.60262357,0,0,,flat
2020-04-02,ETH,4.943333333e-05,5.543231613e-05,0.0001382179368,174.4139131,141.28,15.54172189,0,0,,flat
2020-04-03,ETH,0.0001,7.771615807e-05,0.0001357518109,173.9594112,141.31,15.10731318,0,0,,flat
2020-04-04,ETH,8.293666667e-05,8.032641237e-05,0.0001323437972,173.5509984,144.1,14.55679081,0,0,,flat
2020-04-05,ETH,7.851333333e-05,7.941987285e-05,0.0001288703061,173.1303173,142.68,13.86702004,0,0,,flat
2020-04-06,ETH,7.522333333e-05,7.732160309e-05,0.000125408691,173.1057384,171.32,14.97651861,0,0,,flat
2020-04-07,ETH,-4.725e-05,1.503580155e-05,0.0001142678548,172.9910779,164.63,14.90676728,0,0,,flat
2020-04-08,ETH,0.0001,5.751790077e-05,0.000113347227,172.992681,173.11,14.61985533,1,0,,flat
2020-04-09,ETH,0.0001,7.875895039e-05,0.0001124860097,172.9460344,169.52,14.16057995,0,1,136.6003617,enter_long
2020-04-10,ETH,0.0001,8.937947519e-05,0.000111680368,172.7434261,157.81,14.43410995,0,0,,exit
2020-04-11,ETH,6.192333333e-05,7.565140426e-05,0.0001084698911,172.551151,158.33,13.93595924,0,0,,flat
2020-04-12,ETH,7.328333333e-05,7.44673688e-05,0.000106199562,172.3655385,158.59,13.63910501,0,0,,flat
2020-04-13,ETH,0.0001,8.72336844e-05,0.0001057995526,172.1525278,156.29,13.30559751,0,0,,flat
2020-04-14,ETH,0.0001,9.36168422e-05,0.0001054253549,171.9715582,158.45,12.82805483,0,0,,flat
2020-04-15,ETH,0.0001,9.68084211e-05,0.0001050753032,171.7182595,152.73,12.57533663,0,0,,flat
2020-04-16,ETH,5.824666667e-05,7.752754388e-05,0.0001020538678,171.7257618,172.29,13.5670983,1,0,,flat
2020-04-17,ETH,0.0001,8.876377194e-05,0.0001019213506,171.7122136,170.69,13.07301985,0,1,138.3922543,enter_long
2020-04-18,ETH,9.818e-05,9.347188597e-05,0.0001016799569,171.9167771,187.4,13.50066129,1,0,,exit
2020-04-19,ETH,0.0001,9.673594299e-05,0.0001015715657,172.0222451,180.03,13.43632834,1,1,153.6483468,enter_long
2020-04-20,ETH,0.0001,9.836797149e-05,0.0001014701684,171.9986288,170.2,13.88801917,0,1,153.6483468,hold
2020-04-21,ETH,0.0001,9.918398575e-05,0.0001013753136,171.9823659,170.74,13.37458923,0,0,,exit
2020-04-22,ETH,0.0001,9.959199287e-05,0.0001012865791,172.1204394,182.7,13.43497571,1,0,,flat
2020-04-23,ETH,0.0001,9.979599644e-05,0.00010120357,172.2924304,185.51,13.58033459,1,1,149.1125607,enter_long
2020-04-24,ETH,0.0001,9.989799822e-05,0.0001011259168,172.488363,187.59,12.97316783,1,1,149.1125607,hold
2020-04-25,ETH,0.0001,9.994899911e-05,0.0001010532739,172.7657827,194.21,12.94651299,1,1,149.1125607,hold
2020-04-26,ETH,0.0001,9.997449955e-05,0.0001009853181,173.0792608,197.38,12.57176206,1,1,149.1125607,hold
2020-04-27,ETH,0.0001,9.998724978e-05,0.0001009217468,173.3746786,196.34,12.37092191,1,1,149.1125607,hold
2020-04-28,ETH,0.0001,9.999362489e-05,0.0001008622772,173.6642781,196.24,11.92585606,1,1,149.1125607,hold
2020-04-29,ETH,0.0001,9.999681244e-05,0.0001008066446,174.190943,215.36,12.68472349,1,1,149.1125607,hold
2020-04-30,ETH,0.00020181,0.0001509034062,0.0001073231877,174.5926615,206.08,13.58581467,0,1,149.1125607,hold
2020-05-01,ETH,0.00021057,0.0001807367031,0.0001139844613,175.0629031,212.02,13.41754219,0,0,,exit
2020-05-02,ETH,0.0003819266667,0.0002813316849,0.0001312715138,175.5495848,213.9,12.81700346,0,0,,flat
2020-05-03,ETH,0.0002817566667,0.0002815441758,0.0001409804743,175.9784342,209.86,13.00007464,0,0,,flat
2020-05-04,ETH,0.00016204,0.0002217920879,0.0001423391849,176.3587071,206.48,13.19792646,0,0,,flat
2020-05-05,ETH,0.0002158233333,0.0002188077106,0.0001470802007,176.7184973,205.29,13.01807457,0,0,,flat
2020-05-06,ETH,0.0003043233333,0.000261565522,0.000157225125,176.9945314,198.97,13.02106924,0,0,,flat
2020-05-07,ETH,0.00010037,0.000180967761,0.0001535569827,177.4277173,212,13.42456429,0,0,,flat
2020-05-08,ETH,0.00039227,0.0002866188805,0.0001689580964,177.8459898,211.31,13.15923827,0,0,,flat
2020-05-09,ETH,0.00026527,0.0002759444402,0.000175171871,178.2428409,210.07,12.66214982,0,0,,flat
2020-05-10,ETH,0.0001173833333,0.0001966638868,0.0001714435202,178.3570688,187.54,13.94271055,0,0,,flat
2020-05-11,ETH,0.0001,0.0001483319434,0.0001668341937,178.4474439,185.73,14.19680265,1,0,,flat
2020-05-12,ETH,0.0001,0.0001241659717,0.0001625222515,178.5857905,189.76,13.66560247,1,1,150.3079934,enter_long
2020-05-13,ETH,0.0001,0.0001120829858,0.0001584885065,178.8419548,199.58,13.59305943,1,1,150.3079934,hold
2020-05-14,ETH,0.0001,0.0001060414929,0.0001547150095,179.1395915,203.29,13.36141233,1,1,150.3079934,hold
2020-05-15,ETH,3.509666667e-05,7.05690798e-05,0.000146997611,179.330551,194.86,13.29416859,1,1,150.3079934,hold
2020-05-16,ETH,4.843333333e-05,5.950120656e-05,0.0001406385591,179.5865316,200.45,13.07958512,1,1,150.3079934,hold
2020-05-17,ETH,5.314333333e-05,5.632226995e-05,0.0001349936507,179.9180799,207,12.87175761,1,1,150.3079934,hold
2020-05-18,ETH,0.0001,7.816113497e-05,0.0001327359752,180.3403793,214.91,12.67163207,1,1,150.3079934,hold
2020-05-19,ETH,0.0001,8.908056749e-05,0.0001306239588,180.7527261,214.58,12.23080121,1,1,150.3079934,hold
2020-05-20,ETH,0.0001,9.454028374e-05,0.0001286482037,181.1039743,209.98,12.17717255,1,1,150.3079934,hold
2020-05-21,ETH,0.0001,9.727014187e-05,0.0001267999187,181.3154837,198.74,12.73094594,1,1,150.3079934,hold
2020-05-22,ETH,7.839333333e-05,8.78317376e-05,0.0001236768914,181.6271995,207.36,12.74659266,1,1,150.3079934,hold
2020-05-23,ETH,0.0001,9.39158688e-05,0.00012214934,181.9254863,206.6,12.31112175,1,1,150.3079934,hold
2020-05-24,ETH,0.0001,9.69579344e-05,0.0001207203416,182.1397551,199.9,12.22104163,1,1,150.3079934,hold
2020-05-25,ETH,0.0001,9.84789672e-05,0.0001193835377,182.4016165,204.15,11.89525294,1,1,150.3079934,hold
2020-05-26,ETH,0.0001,9.92394836e-05,0.0001181329802,182.6211501,200.89,11.62416344,1,1,150.3079934,hold
2020-05-27,ETH,0.0001,9.96197418e-05,0.0001169631046,182.9253602,208.29,11.34243748,1,1,150.3079934,hold
2020-05-28,ETH,0.0001,9.98098709e-05,0.0001158687057,183.3663945,220.21,11.66297766,1,1,150.3079934,hold
2020-05-29,ETH,0.0001,9.990493545e-05,0.0001148449137,183.8068258,220.67,11.34562212,1,1,150.3079934,hold
2020-05-30,ETH,0.0001,9.995246773e-05,0.0001138871734,184.5121828,243.66,12.54950625,1,1,150.3079934,hold
2020-05-31,ETH,0.0001,9.997623386e-05,0.0001129912233,185.0657338,231.57,12.78239866,1,1,150.3079934,hold
2020-06-01,ETH,0.0001,9.998811693e-05,0.0001121530769,185.8074037,248.23,13.29937019,1,1,150.3079934,hold
2020-06-02,ETH,0.0002099533333,0.0001549707251,0.000118462792,186.4157499,237.71,14.40655803,0,1,150.3079934,hold
2020-06-03,ETH,0.0001,0.0001274853626,0.0001172716404,187.0955815,244.52,14.25537531,0,0,,exit
2020-06-04,ETH,0.0001,0.0001137426813,0.0001161573377,187.7509848,243.21,13.99427708,1,0,,flat
2020-06-05,ETH,0.0001,0.0001068713406,0.000115114926,188.3605372,240.03,13.61825729,1,1,208.2343073,enter_long
2020-06-06,ETH,0.0001,0.0001034356703,0.000114139767,188.9841863,241.94,13.13623891,1,1,208.2343073,hold
2020-06-07,ETH,0.0001,0.0001017178352,0.0001132275217,189.6299812,244.56,12.96722184,1,1,208.2343073,hold
2020-06-08,ETH,0.0001825033333,0.0001421105842,0.000117696939,190.2885532,246.4,12.54884885,0,1,208.2343073,hold
2020-06-09,ETH,0.00014634,0.0001442252921,0.0001195448823,190.9083006,243.8,12.49678822,0,0,,exit
2020-06-10,ETH,0.0001,0.0001221126461,0.0001182839197,191.5658924,247.78,12.19558906,0,0,,flat
2020-06-11,ETH,0.0001448566667,0.0001334846564,0.0001199982936,192.0154674,230.51,13.03090413,0,0,,flat
2020-06-12,ETH,0.0001,0.0001167423282,0.0001187080789,192.5402865,237.55,12.89941098,1,0,,flat
2020-06-13,ETH,0.0001,0.0001083711641,0.0001175011041,193.0646849,238.11,12.26873877,1,1,205.3014726,enter_long
2020-06-14,ETH,0.0001,0.000104185582,0.0001163719989,193.5093979,231.77,12.01811457,1,1,205.3014726,hold
2020-06-15,ETH,0.0001,0.000102092791,0.0001153157394,193.937886,230.86,12.25110638,1,1,205.3014726,hold
2020-06-16,ETH,0.0001,0.0001010463955,0.0001143276259,194.4116734,235.3,11.89745593,1,1,205.3014726,hold
2020-06-17,ETH,0.0001,0.0001005231978,0.0001134032618,194.8624028,233.82,11.73692336,1,1,205.3014726,hold
2020-06-18,ETH,0.0001,0.0001002615989,0.0001125385342,195.2781933,231.27,11.37857169,1,1,205.3014726,hold
2020-06-19,ETH,0.0001,0.0001001307994,0.0001117295957,195.6627456,229,10.93795943,1,1,205.3014726,hold
2020-06-20,ETH,0.0001,0.0001000653997,0.0001109728468,196.0411082,228.89,10.53024804,1,1,205.3014726,hold
2020-06-21,ETH,0.0001,0.0001000326999,0.0001102649205,196.4049605,228.04,10.09094461,1,1,205.3014726,hold
2020-06-22,ETH,0.0001,0.0001000163499,0.000109602667,196.9355068,243.13,10.75444857,1,1,205.3014726,hold
2020-06-23,ETH,0.0001,0.000100008175,0.0001089831396,197.4594068,243.14,10.28055938,1,1,205.3014726,hold
2020-06-24,ETH,0.0001,0.0001000040875,0.0001084035818,197.8797234,234.58,10.84409086,1,1,205.3014726,hold
2020-06-25,ETH,0.0001,0.0001000020437,0.0001078614148,198.2711915,232.5,10.62879865,1,1,205.3014726,hold
2020-06-26,ETH,0.0001,0.0001000010219,0.0001073542264,198.6254129,229.64,10.28817018,1,1,205.3014726,hold
2020-06-27,ETH,0.0001,0.0001000005109,0.0001068797599,198.877055,220.94,10.65472945,1,1,205.3014726,hold
2020-06-28,ETH,0.0001,0.0001000002555,0.0001064359041,199.1704653,224.93,10.58224877,1,1,205.3014726,hold
2020-06-29,ETH,0.0001,0.0001000001277,0.0001060206843,199.4939331,227.93,10.44780243,1,1,205.3014726,hold
2020-06-30,ETH,0.0001,0.0001000000639,0.0001056322528,199.7871762,225.6,10.11510226,1,1,205.3014726,hold
2020-07-01,ETH,0.0001,0.0001000000319,0.0001052688815,200.1372209,230.99,10.00330924,1,1,205.3014726,hold
2020-07-02,ETH,0.0001,0.000100000016,0.0001049289535,200.4321455,226.46,9.941644296,1,1,205.3014726,hold
2020-07-03,ETH,0.0001,0.000100000008,0.0001046109564,200.7056082,224.87,9.528669703,1,1,205.3014726,hold
2020-07-04,ETH,0.0001,0.000100000004,0.0001043134752,201.0237339,229.17,9.296621867,1,1,205.3014726,hold
2020-07-05,ETH,0.0001,0.000100000002,0.0001040351864,201.3199473,227.56,9.118291734,1,1,205.3014726,hold
2020-07-06,ETH,0.0001,0.000100000001,0.0001037748517,201.7690323,241.6,9.543413753,1,1,205.3014726,hold
2020-07-07,ETH,0.0001,0.0001000000005,0.0001035313128,202.1879688,239.39,9.531027056,1,1,205.3014726,hold
2020-07-08,ETH,0.0001,0.0001000000002,0.0001033034861,202.685836,246.95,9.643096552,1,1,205.3014726,hold
2020-07-09,ETH,0.00010989,0.0001049450001,0.0001037284226,203.1223749,241.98,9.670018227,0,1,205.3014726,hold
2020-07-10,ETH,0.0001,0.0001024725001,0.0001034878791,203.5455746,241.26,9.439302639,1,0,,exit
2020-07-11,ETH,0.0001,0.00010123625,0.0001032628546,203.9406553,239.19,9.060066736,1,1,217.6717434,enter_long
2020-07-12,ETH,0.0001,0.000100618125,0.0001030523478,204.3707714,242.79,8.947204827,1,1,217.6717434,hold
2020-07-13,ETH,0.0001096633333,0.0001051407292,0.0001034788631,204.7592652,239.5,8.879547339,0,1,217.6717434,hold
2020-07-14,ETH,0.0001,0.0001025703646,0.0001032544203,205.153421,240.44,8.608865386,1,0,,exit
2020-07-15,ETH,0.0001,0.0001012851823,0.0001030444576,205.5226024,238.61,8.32394643,1,1,218.9278365,enter_long
2020-07-16,ETH,0.0001,0.0001006425911,0.000102848041,205.8317601,233.57,8.398664542,1,1,218.9278365,hold
2020-07-17,ETH,0.0001,0.0001003212956,0.0001026642964,206.1272727,232.67,8.026617075,1,1,218.9278365,hold
2020-07-18,ETH,0.0001,0.0001001606478,0.0001024924063,206.4522195,235.67,7.773287284,1,1,218.9278365,hold
2020-07-19,ETH,0.0001,0.0001000803239,0.0001023316058,206.811053,239.11,7.692338192,1,1,218.9278365,hold
2020-07-20,ETH,0.0001,0.0001000401619,0.0001021811796,207.1315495,236.01,7.547885464,1,1,218.9278365,hold
2020-07-21,ETH,0.0001,0.000100020081,0.0001020404583,207.5532483,245.59,7.800893645,1,1,218.9278365,hold
2020-07-22,ETH,0.0001,0.0001000100405,0.0001019088159,208.1687143,263.74,9.250829814,1,1,218.9278365,hold
2020-07-23,ETH,0.0006073566667,0.0003536833536,0.0001345183583,208.9033287,275.3,10.03862768,0,1,218.9278365,hold
2020-07-24,ETH,0.0006513266667,0.0005025050101,0.0001678608333,209.6712722,279.15,10.84586856,0,0,,exit
2020-07-25,ETH,0.0002507466667,0.0003766258384,0.0001732083069,210.7152326,305.26,12.20330652,0,0,,flat
2020-07-26,ETH,0.00074298,0.0005598029192,0.0002099677743,211.8094176,311,12.74235606,0,0,,flat
2020-07-27,ETH,0.0007927166667,0.0006762597929,0.0002475644803,213.0097661,321.93,13.44147348,0,0,,flat
2020-07-28,ETH,0.00116206,0.0009191598965,0.000306564196,214.1397112,316.77,13.97708252,0,0,,flat
2020-07-29,ETH,0.0008454533333,0.0008823066149,0.0003413312397,215.266529,317.71,13.88014805,0,0,,flat
2020-07-30,ETH,0.00063936,0.0007608333074,0.000360558903,216.5665753,334.87,14.88513748,0,0,,flat
2020-07-31,ETH,0.0008005466667,0.0007806899871,0.0003889452122,217.975761,346.33,15.3254848,0,0,,flat
2020-08-01,ETH,0.00044369,0.0006121899935,0.0003924771342,219.8096377,387,17.77366446,0,0,,flat
2020-08-02,ETH,0.0009716933333,0.0007919416634,0.0004298459234,221.4639393,372.42,22.99340271,0,0,,flat
2020-08-03,ETH,0.0004473066667,0.000619624165,0.000430972423,223.2452804,385.94,23.6010168,0,0,,flat
2020-08-04,ETH,0.00051471,0.0005671670825,0.0004363748476,225.045492,389.61,23.50165846,0,0,,flat
2020-08-05,ETH,0.0006802333333,0.0006237002079,0.0004521076539,226.9447901,400.72,23.45796857,0,0,,flat
2020-08-06,ETH,0.0006293866667,0.0006265434373,0.0004635450101,228.7576646,394.77,22.7216851,0,0,,flat
2020-08-07,ETH,0.0004288466667,0.000527695052,0.0004613064072,230.3828942,379.34,23.62799331,0,0,,flat
2020-08-08,ETH,0.0002494433333,0.0003885691927,0.0004476378212,232.1799959,397.03,23.45885093,1,0,,flat
2020-08-09,ETH,0.0003792566667,0.0003839129297,0.0004432261337,233.8819981,390.14,22.97179015,1,1,338.4028727,enter_long
2020-08-10,ETH,0.00064811,0.0005160114648,0.0004564444481,235.621334,395.44,22.33451942,0,1,338.4028727,hold
2020-08-11,ETH,0.00050863,0.0005123207324,0.000459811258,237.1636927,379,22.96848232,0,0,,exit
2020-08-12,ETH,0.0003091966667,0.0004107586995,0.0004500941873,238.7761529,387.18,22.99787644,1,0,,flat
2020-08-13,ETH,0.0004797666667,0.0004452626831,0.0004520085409,240.7712551,424.54,25.27659955,1,1,329.6853089,enter_long
2020-08-14,ETH,0.00135967,0.0009024663416,0.0005105673462,242.8889992,438.11,25.44684244,0,1,329.6853089,hold
2020-08-15,ETH,0.0007972533333,0.0008498598374,0.0005290632168,244.9202942,432.32,24.7663537,0,0,,exit
2020-08-16,ETH,0.0007508633333,0.0008003615854,0.000543372902,246.9421847,433.62,24.748757,0,0,,flat
2020-08-17,ETH,0.0007988266667,0.000799594126,0.0005598537904,248.9116535,430.89,24.81170293,0,0,,flat
2020-08-18,ETH,0.0009129233333,0.0008562587297,0.0005826324711,250.7629179,421.95,24.38300987,0,0,,flat
2020-08-19,ETH,0.00032043,0.0005883443648,0.0005657161823,252.4381003,407.46,25.03422345,0,0,,flat
2020-08-20,ETH,0.0002411966667,0.0004147705158,0.000544779439,254.1847372,415.94,24.45392177,1,0,,flat
2020-08-21,ETH,0.0001369733333,0.0002758719245,0.0005184693672,255.612875,387.97,25.1057845,1,1,354.8051956,enter_long
2020-08-22,ETH,0.0001,0.0001879359623,0.0004914713431,257.1022946,395.24,24.53537132,1,1,354.8051956,hold
2020-08-23,ETH,0.0002045766667,0.0001962563145,0.0004729620089,258.5264833,390.71,23.76855909,1,1,354.8051956,hold
2020-08-24,ETH,0.0002867933333,0.0002415248239,0.0004609511264,260.1152555,407.68,23.71223344,1,1,354.8051956,hold
2020-08-25,ETH,0.00015132,0.000196422412,0.0004409749245,261.4225517,382.93,24.80850248,1,1,354.8051956,hold
2020-08-26,ETH,0.0001530833333,0.0001747528726,0.0004224012732,262.7456701,385.81,24.14646659,1,1,354.8051956,hold
2020-08-27,ETH,0.00010427,0.0001395114363,0.0004018766747,264.0268162,383.27,24.25171897,1,1,354.8051956,hold
2020-08-28,ETH,0.00010742,0.0001234657182,0.0003828794697,265.4192543,395.11,23.82302476,1,1,354.8051956,hold
2020-08-29,ETH,0.0001,0.0001117328591,0.0003646291812,266.8335542,398.65,23.10780871,1,1,354.8051956,hold
2020-08-30,ETH,0.0001,0.0001058664295,0.0003475563306,268.5532378,428.94,23.71367951,1,1,354.8051956,hold
2020-08-31,ETH,0.0001,0.0001029332148,0.0003315849543,270.3049761,433.79,23.51698812,1,1,354.8051956,hold
2020-09-01,ETH,0.0003072666667,0.0002050999407,0.0003300160325,272.4778522,475.4,26.10934611,1,1,354.8051956,hold
2020-09-02,ETH,0.0003863666667,0.0002957333037,0.0003336515573,274.2462266,439.5,28.62939282,1,1,354.8051956,hold
2020-09-03,ETH,0.0001161966667,0.0002059649852,0.0003196222095,275.3800121,381.4,32.20586476,1,1,354.8051956,hold
2020-09-04,ETH,0.00014247,0.0001742174926,0.0003081930346,276.5419106,385.26,32.99187442,1,1,354.8051956,hold
2020-09-05,ETH,0.0001,0.0001371087463,0.0002947612258,277.1597813,335.01,36.81959767,1,0,,exit
2020-09-06,ETH,0.0001,0.0001185543731,0.0002821959854,277.9586279,352.8,37.3253407,1,1,242.9910058,enter_long
2020-09-07,ETH,8.826666667e-05,0.0001034105199,0.0002696844164,278.7568935,353.59,37.19567351,1,1,242.9910058,hold
2020-09-08,ETH,0.0001,0.00010170526,0.0002587370346,279.3753738,337.39,36.76741111,1,1,242.9910058,hold
2020-09-09,ETH,0.0001,0.00010085263,0.0002484959356,280.1288599,350.85,36.17616746,1,1,242.9910058,hold
2020-09-10,ETH,8.846e-05,9.465631499e-05,0.0002381710364,281.0539128,367.93,35.54501264,1,1,242.9910058,hold
2020-09-11,ETH,6.657333333e-05,8.061482416e-05,0.0002271002168,282.0287026,373.63,34.41894031,1,1,242.9910058,hold
2020-09-12,ETH,7.910333333e-05,7.985907875e-05,0.0002175520308,283.1415776,387.78,33.66330172,1,1,242.9910058,hold
2020-09-13,ETH,0.0001,8.992953937e-05,0.0002099680288,284.0174568,366.42,34.14663731,1,1,242.9910058,hold
2020-09-14,ETH,0.0001,9.496476969e-05,0.0002028733172,284.996106,377.12,33.77259179,1,1,242.9910058,hold
2020-09-15,ETH,0.0001,9.748238484e-05,0.000196236329,285.8267214,364.06,32.79812094,1,1,242.9910058,hold
2020-09-16,ETH,0.0001,9.874119242e-05,0.0001900275335,286.6591793,365.11,31.77325516,1,1,242.9910058,hold
2020-09-17,ETH,0.0001,9.937059621e-05,0.0001842193056,287.7369242,389.36,31.70659408,1,1,242.9910058,hold
2020-09-18,ETH,0.0001,9.968529811e-05,0.000178785802,288.7506527,384.39,30.67398022,1,1,242.9910058,hold
2020-09-19,ETH,0.0001,9.984264905e-05,0.000173702847,289.7622245,385.25,29.32012449,1,1,242.9910058,hold
2020-09-20,ETH,6.64e-05,8.312132453e-05,0.0001667800826,290.6137801,371.04,28.68654417,1,1,242.9910058,hold
2020-09-21,ETH,4.531333333e-05,6.421732893e-05,0.0001589435182,291.1347019,340.36,29.90893387,1,1,242.9910058,hold
2020-09-22,ETH,-7.216666667e-05,-3.974668868e-06,0.0001440331836,291.6901948,344.21,28.59901002,1,1,242.9910058,hold
2020-09-23,ETH,7.210666667e-05,3.40659989e-05,0.0001393927632,291.9938678,320.72,28.79622359,1,1,242.9910058,hold
2020-09-24,ETH,2.361e-05,2.883799945e-05,0.0001319229075,292.5895758,348.97,29.34149333,1,1,242.9910058,hold
2020-09-25,ETH,8.453666667e-05,5.668733306e-05,0.0001288657306,293.2095856,351.92,28.70424381,1,1,242.9910058,hold
2020-09-26,ETH,0.0001,7.834366653e-05,0.0001270034254,293.8436995,353.92,27.40536925,1,1,242.9910058,hold
2020-09-27,ETH,0.0001,8.917183326e-05,0.0001252612689,294.5081498,357.49,26.51212859,1,1,242.9910058,hold
2020-09-28,ETH,0.0001,9.458591663e-05,0.0001236315097,295.1285075,353.96,25.79697655,1,1,242.9910058,hold
2020-09-29,ETH,5.287333333e-05,7.372962498e-05,0.000119066466,295.8028991,359.79,24.68147822,1,1,242.9910058,hold
2020-09-30,ETH,6.573333333e-05,6.973147916e-05,0.0001156256187,296.4703545,359.83,23.62851549,1,1,242.9910058,hold
2020-10-01,ETH,9.979e-05,8.476073958e-05,0.0001146039659,297.0578097,352.85,23.72219296,1,1,242.9910058,hold
2020-10-02,ETH,3.619666667e-05,6.047870312e-05,0.0001095454305,297.5633642,345.6,23.47846489,1,1,242.9910058,hold
2020-10-03,ETH,-3.09e-05,1.478935156e-05,0.000100484435,298.0670646,345.95,22.32286026,1,1,242.9910058,hold
2020-10-04,ETH,9.82e-06,1.230467578e-05,9.463511657e-05,298.6320935,352.37,21.48837024,1,1,242.9910058,hold
2020-10-05,ETH,2.954333333e-05,2.092400456e-05,9.043564668e-05,299.2039895,353.62,20.49348665,1,1,242.9910058,hold
2020-10-06,ETH,1.686333333e-05,1.889366895e-05,8.568904582e-05,299.63589,340.75,20.33680903,1,1,242.9910058,hold
2020-10-07,ETH,9.043333333e-06,1.396850114e-05,8.074416114e-05,300.0717349,341.58,19.64632267,1,1,242.9910058,hold
2020-10-08,ETH,0.0001,5.698425057e-05,8.198647332e-05,300.6001824,350.95,19.60801391,1,1,242.9910058,hold
2020-10-09,ETH,0.0001,7.849212528e-05,8.314863633e-05,301.2689876,365.02,19.70815577,1,1,242.9910058,hold
2020-10-10,ETH,0.0001841566667,0.000131324396,8.966528346e-05,301.9876398,370.52,19.2782875,0,1,242.9910058,hold
2020-10-11,ETH,0.0001170733333,0.0001241988647,9.143354474e-05,302.7362885,374.16,18.5248384,0,0,,exit
2020-10-12,ETH,0.0001,0.0001120994323,9.198621927e-05,303.6049115,386.51,19.28877851,0,0,,flat
2020-10-13,ETH,0.0001397,0.0001258997162,9.506452771e-05,304.4074756,381.04,18.8567229,0,0,,flat
2020-10-14,ETH,0.0001,0.0001129498581,9.538294527e-05,305.1770466,378.69,18.52981412,0,0,,flat
2020-10-15,ETH,0.0001,0.000106474929,9.568081977e-05,305.9274593,377.64,18.05911312,0,0,,flat
2020-10-16,ETH,0.0001,0.0001032374645,9.595947656e-05,306.5441313,365.5,18.10131932,0,0,,flat
2020-10-17,ETH,0.0001,0.0001016187323,9.622015549e-05,307.1833546,368.32,17.3155108,0,0,,flat
2020-10-18,ETH,0.0001,0.0001008093661,9.646401643e-05,307.9169739,378.11,16.90297431,0,0,,flat
2020-10-19,ETH,0.0001,0.0001004046831,9.66921444e-05,308.6550235,379.3,16.53990472,0,0,,flat
2020-10-20,ETH,0.0001975666667,0.0001489856749,0.0001032001781,309.273744,368.52,16.46276867,0,0,,flat
2020-10-21,ETH,0.0003090333333,0.0002290095041,0.0001164797365,310.1116762,390.38,17.69757091,0,0,,flat
2020-10-22,ETH,0.0007019,0.000465454752,0.0001542487858,311.1843611,413.98,18.6134587,0,0,,flat
2020-10-23,ETH,0.00037011,0.000417782376,0.0001681753157,312.1952926,409.11,18.57178308,0,0,,flat
2020-10-24,ETH,0.0004275333333,0.0004226578547,0.0001849080911,313.2266829,412.14,17.93522714,0,0,,flat
2020-10-25,ETH,0.0001993166667,0.0003109872607,0.0001858376766,314.1822696,405.86,17.7184252,0,0,,flat
2020-10-26,ETH,0.0001377666667,0.0002243769637,0.0001827363211,314.9900906,392.52,18.51068055,0,0,,flat
2020-10-27,ETH,0.00012803,0.0001762034818,0.000179206881,315.9019619,403.45,18.64206051,1,0,,flat
2020-10-28,ETH,0.00011751,0.0001468567409,0.0001752264371,316.6472742,388.23,19.35905619,1,1,356.8048487,enter_long
2020-10-29,ETH,0.0001,0.0001234283705,0.0001703731186,317.3733139,387.13,18.9191236,1,1,356.8048487,hold
2020-10-30,ETH,0.0001,0.0001117141852,0.0001658329174,318.0438432,382.49,18.90204334,1,1,356.8048487,hold
2020-10-31,ETH,0.0001,0.0001058570926,0.0001615856324,318.7481038,386.46,18.62189739,1,1,356.8048487,hold
2020-11-01,ETH,0.0001,0.0001029285463,0.0001576123658,319.5499389,396.67,18.26890472,1,1,356.8048487,hold
2020-11-02,ETH,0.0001669833333,0.0001349559398,0.0001582169443,320.2028391,383.02,18.86255438,1,1,356.8048487,hold
2020-11-03,ETH,0.0001,0.0001174779699,0.0001544610124,320.8987825,387.88,18.92737193,1,1,356.8048487,hold
2020-11-04,ETH,0.0001,0.000108738985,0.0001509473987,321.7375288,402.49,19.85541679,1,1,356.8048487,hold
2020-11-05,ETH,0.00073024,0.0004194894925,0.0001883211149,322.7133053,416.69,20.17002988,0,1,356.8048487,hold
2020-11-06,ETH,0.00061617,0.0005178297462,0.0002159242688,324.0816511,455.91,21.8371706,0,0,,exit
2020-11-07,ETH,0.00070002,0.0006089248731,0.0002471562515,325.2229176,435.21,23.43022984,0,0,,flat
2020-11-08,ETH,0.0003819833333,0.0004954541032,0.0002558547729,326.5480906,454.3,23.76449914,0,0,,flat
2020-11-09,ETH,0.0003483033333,0.0004218787183,0.0002618191961,327.7568165,444.32,23.92489206,0,0,,flat
2020-11-10,ETH,0.00028942,0.0003556493591,0.0002635998932,329.0145282,450.34,23.38025691,0,0,,flat
2020-11-11,ETH,0.00034219,0.0003489196796,0.0002686702226,330.3897254,463.09,23.63666713,0,0,,flat
2020-11-12,ETH,0.0001973033333,0.0002731115065,0.0002640659072,331.7432226,462.39,23.29119091,0,0,,flat
2020-11-13,ETH,0.0002367733333,0.0002549424199,0.000262305096,333.2263538,476.43,23.11967727,1,0,,flat
2020-11-14,ETH,0.0002687933333,0.0002618678766,0.0002627236919,334.5345941,460.89,23.28755747,1,1,418.6208068,enter_long
2020-11-15,ETH,0.0001,0.0001809339383,0.0002522253892,335.6978111,448.08,23.24558908,1,1,418.6208068,hold
2020-11-16,ETH,0.0001,0.0001404669692,0.0002424043964,336.9764843,460.55,23.053047,1,1,418.6208068,hold
2020-11-17,ETH,0.0002402066667,0.0001903368179,0.0002422626074,338.4628455,482.15,23.19782936,1,1,418.6208068,hold
2020-11-18,ETH,0.00045879,0.000324563409,0.0002562321166,339.8952835,478.41,24.30584154,0,1,418.6208068,hold
2020-11-19,ETH,0.0002103,0.0002674317045,0.0002532687542,341.2393896,471.25,23.70471001,0,0,,exit
2020-11-20,ETH,0.0005819233333,0.0004246775189,0.0002744722754,342.9669969,510.12,25.13651643,0,0,,flat
2020-11-21,ETH,0.00033018,0.0003774287595,0.0002780663222,345.1083353,552.35,26.94819383,0,0,,flat
2020-11-22,ETH,0.0007978833333,0.0005876560464,0.0003116029036,347.3057091,560.03,29.99475142,0,0,,flat
2020-11-23,ETH,0.001193566667,0.0008906113565,0.0003685037915,349.976264,608.58,32.19012631,0,0,,flat
2020-11-24,ETH,0.0009098166667,0.0009002140116,0.0004034272028,352.5819176,604.97,32.60511729,0,0,,flat
2020-11-25,ETH,0.0008121866667,0.0008562003391,0.0004297987811,354.7979006,569.5,34.00260891,0,0,,flat
2020-11-26,ETH,0.0002403733333,0.0005482868362,0.0004175777845,356.4833814,519.83,38.44099399,0,0,,flat
2020-11-27,ETH,0.0001491666667,0.0003487267514,0.0004002609382,358.139468,518.68,38.33092299,1,0,,flat
2020-11-28,ETH,0.0001,0.0002243633757,0.0003808892647,359.9705324,537.52,38.54657135,1,1,422.7626925,enter_long
2020-11-29,ETH,0.0001,0.0001621816879,0.0003627673767,362.1781924,576.3,39.12038768,1,1,422.7626925,hold
2020-11-30,ETH,0.0004569366667,0.0003095591773,0.0003688428148,364.7745386,616.66,39.66750285,1,1,422.7626925,hold
2020-12-01,ETH,0.0004340433333,0.0003718012553,0.0003730492998,367.0234704,585.26,42.24125264,1,1,422.7626925,hold
2020-12-02,ETH,0.00025078,0.0003112906276,0.0003651609579,369.367503,596.89,41.36187746,1,1,422.7626925,hold
2020-12-03,ETH,0.0003244366667,0.0003178636472,0.0003625335843,371.8803537,615.85,41.09460049,1,1,422.7626925,hold
2020-12-04,ETH,0.0002075266667,0.0002626951569,0.000352533138,373.8715278,567.24,42.02927189,1,1,422.7626925,hold
2020-12-05,ETH,0.0001795166667,0.0002211059118,0.000341370785,376.1431432,596.8,41.61503818,1,1,422.7626925,hold
2020-12-06,ETH,0.0001,0.0001605529559,0.0003257984763,378.4393608,601.54,40.39253545,1,1,422.7626925,hold
2020-12-07,ETH,0.0001,0.0001302764779,0.0003112308326,380.6071485,591.28,38.85949721,1,1,422.7626925,hold
2020-12-08,ETH,0.0001903666667,0.0001603215723,0.0003034331445,382.3823166,554.94,39.35381884,1,1,422.7626925,hold
2020-12-09,ETH,0.0001128066667,0.0001365641195,0.0002911346621,384.3237725,573.09,39.9464032,1,1,422.7626925,hold
2020-12-10,ETH,0.0001,0.0001182820597,0.0002788033936,386.1015131,558.99,39.06380298,1,1,422.7626925,hold
2020-12-11,ETH,0.0001326066667,0.0001254443632,0.0002693713467,387.7126025,544.43,38.08067419,1,1,422.7626925,hold
2020-12-12,ETH,0.0001,0.0001127221816,0.000258444163,389.5471308,568.04,37.56776889,1,1,422.7626925,hold
2020-12-13,ETH,0.0001,0.0001063610908,0.0002482219589,391.593067,590.7,37.15435683,1,1,422.7626925,hold
2020-12-14,ETH,0.0001,0.0001031805454,0.0002386592519,393.5729023,586.29,35.63475991,1,1,422.7626925,hold
2020-12-15,ETH,0.0001,0.0001015902727,0.0002297134937,395.5560684,588.64,34.41941992,1,1,422.7626925,hold
2020-12-16,ETH,0.0004082,0.0002548951364,0.0002412287522,398.0120271,637.18,36.19588992,0,1,422.7626925,hold
2020-12-17,ETH,0.0008572266667,0.0005560609015,0.0002809705531,400.4985974,642.7,37.21689779,0,0,,exit
2020-12-18,ETH,0.0004629066667,0.0005094837841,0.0002927083669,403.0726617,653.85,37.07354794,0,0,,flat
2020-12-19,ETH,0.0006826533333,0.0005960685587,0.0003178661067,405.662499,658.03,36.17758023,0,0,,flat
2020-12-20,ETH,0.00054042,0.0005682442794,0.0003322244224,408.0239038,638.18,36.47775307,0,0,,flat
2020-12-21,ETH,0.00026224,0.0004152421397,0.0003277092983,410.0501421,607.58,37.59362786,0,0,,flat
2020-12-22,ETH,0.0001189966667,0.0002671194032,0.0003142439673,412.348477,636.45,38.46051158,1,0,,flat
2020-12-23,ETH,0.00020952,0.0002383197016,0.0003074875823,414.1065078,585.56,41.93904647,1,1,540.2587211,enter_long
2020-12-24,ETH,0.0001,0.0001691598508,0.0002941012867,416.1177965,612.31,42.48554315,1,1,540.2587211,hold
2020-12-25,ETH,0.0001029633333,0.0001360615921,0.0002817698058,418.2554953,626.82,41.59086149,1,1,540.2587211,hold
2020-12-26,ETH,0.0001,0.000118030796,0.0002700427216,420.4788177,637.44,41.30937139,1,1,540.2587211,hold
2020-12-27,ETH,0.00051641,0.000317220398,0.0002859373847,423.1626146,685.11,44.93941629,0,1,540.2587211,hold
2020-12-28,ETH,0.00080552,0.000561370199,0.0003194588437,426.2780138,730.41,46.5187437,0,0,,exit
2020-12-29,ETH,0.0006787766667,0.0006200734328,0.0003426406388,429.3773587,732,46.880262,0,0,,flat
2020-12-30,ETH,0.00073839,0.0006792317164,0.0003681728556,432.6491487,752.17,46.54024329,0,0,,flat
2020-12-31,ETH,0.00050677,0.0005930008582,0.0003771146069,435.7275645,736.42,45.6259402,0,0,,flat
2021-01-01,ETH,0.0005081166667,0.0005505587624,0.0003855663527,438.6981313,728.91,44.84623018,0,0,,flat
2021-01-02,ETH,0.0006133033333,0.0005819310479,0.0004002590611,442.1005135,774.56,46.84149946,0,0,,flat
2021-01-03,ETH,0.001026353333,0.0008041421906,0.0004406522399,447.5311958,978.28,60.80710664,0,0,,flat
2021-01-04,ETH,0.002519936667,0.001662039429,0.0005747996223,453.5454151,1041.43,75.96159902,0,0,,flat
2021-01-05,ETH,0.0008279566667,0.001244998048,0.0005911323349,460.0862399,1099.56,81.97505623,0,0,,flat
2021-01-06,ETH,0.002193186667,0.001719092357,0.0006944906788,467.6617119,1208.42,87.24398079,0,0,,flat
2021-01-07,ETH,0.001523566667,0.001621329512,0.0007479794522,475.3256969,1224.87,92.29798216,0,0,,flat
2021-01-08,ETH,0.00128851,0.001454919756,0.0007828523908,482.8304639,1216.93,100.6159834,0,0,,flat
2021-01-09,ETH,0.0009773666667,0.001216143211,0.0007954016989,490.8556931,1276,102.9298418,0,0,,flat
2021-01-10,ETH,0.002231633333,0.001723888272,0.0008880618044,498.5783639,1254.25,108.3155673,0,0,,flat
2021-01-11,ETH,0.0009449266667,0.001334407469,0.0008917305052,504.5300845,1087.01,125.2215983,0,0,,flat
2021-01-12,ETH,0.0003771433333,0.0008557754014,0.0008585313328,510.0479785,1050.16,126.5407698,1,0,,flat
2021-01-13,ETH,0.0002989166667,0.000577346034,0.0008224271608,516.3153518,1129.89,128.228572,1,1,734.0080755,enter_long
2021-01-14,ETH,0.0005958133333,0.0005865796837,0.0008078069139,523.5468067,1231.62,130.558674,1,1,734.0080755,hold
2021-01-15,ETH,0.0005684133333,0.0005774965085,0.0007923621667,530.0662997,1168.53,134.6301973,1,1,734.0080755,hold
2021-01-16,ETH,0.00073845,0.0006579732543,0.0007888839624,537.1181859,1227.83,135.4587546,1,1,734.0080755,hold
2021-01-17,ETH,0.0006921766667,0.0006750749605,0.000782644782,544.1443972,1232.45,133.2131293,1,1,734.0080755,hold
2021-01-18,ETH,0.00082319,0.0007491324802,0.0007852606026,551.3612199,1258.45,129.2814772,1,1,734.0080755,hold
2021-01-19,ETH,0.00173016,0.00123964624,0.000846221854,559.5840114,1365.36,133.3906574,0,1,734.0080755,hold
2021-01-20,ETH,0.0009171333333,0.001078389787,0.0008507967882,567.8399711,1376.99,136.1848961,0,0,,exit
2021-01-21,ETH,0.00046079,0.0007695898934,0.0008256350599,573.3247667,1110.96,148.1716893,1,0,,flat
2021-01-22,ETH,0.0001566266667,0.00046310828,0.0007824732281,579.9817905,1232.62,154.1222829,1,1,741.5507768,enter_long
2021-01-23,ETH,0.0002146966667,0.0003389024733,0.0007458424822,586.5805227,1233.6,148.5806913,1,1,741.5507768,hold
2021-01-24,ETH,0.0008202533333,0.0005795779033,0.0007506431822,594.7157603,1392.51,150.7413562,1,1,741.5507768,hold
2021-01-25,ETH,0.00083247,0.0007060239517,0.0007559223318,602.0144957,1317.88,152.9248307,1,1,741.5507768,hold
2021-01-26,ETH,0.0002532933333,0.0004796586425,0.0007234946545,609.7238294,1365.97,151.5680571,1,1,741.5507768,hold
2021-01-27,ETH,0.0001878066667,0.0003337326546,0.0006889341391,616.0734752,1239.03,152.6631959,1,1,741.5507768,hold
2021-01-28,ETH,0.00027226,0.0003029963273,0.0006620519366,623.2727998,1329.69,151.956539,1,1,741.5507768,hold
2021-01-29,ETH,0.001385413333,0.0008442048303,0.0007087204138,630.9009479,1379.5,151.9275005,0,1,741.5507768,hold
2021-01-30,ETH,0.0006823666667,0.0007632857485,0.0007070201721,638.4364923,1378.05,146.7605362,0,0,,exit
2021-01-31,ETH,0.001002813333,0.0008830495409,0.0007261036018,645.2344988,1312.55,143.393355,0,0,,flat
2021-02-01,ETH,0.00047379,0.0006784197705,0.0007098253049,652.5843646,1374.17,140.8652583,1,0,,flat
2021-02-02,ETH,0.001123163333,0.0009007915519,0.0007364922745,661.2474022,1511.87,144.2048827,0,1,1021.926854,enter_long
2021-02-03,ETH,0.0015846,0.001242695776,0.0007912089019,671.360438,1664.49,145.4016768,0,0,,exit
2021-02-04,ETH,0.0014221,0.001332397888,0.0008319115534,680.6765891,1595.67,145.0701284,0,0,,flat
2021-02-05,ETH,0.001485436667,0.001408917277,0.000874074464,691.1424573,1719.19,146.814405,0,0,,flat
2021-02-06,ETH,0.001226976667,0.001317946972,0.000896842348,701.0698571,1676.35,143.5226618,0,0,,flat
2021-02-07,ETH,0.0009599366667,0.001138941819,0.0009009129492,710.2438172,1611.62,147.7381859,0,0,,flat
2021-02-08,ETH,0.001114283333,0.001126612576,0.0009146787804,720.7197543,1750.15,152.3054583,0,0,,flat
2021-02-09,ETH,0.001880323333,0.001503467955,0.000976978429,731.2800547,1769.13,149.5257828,0,0,,flat
2021-02-10,ETH,0.00153335,0.001518408977,0.001012873369,741.4471793,1740.78,150.121084,0,0,,flat
2021-02-11,ETH,0.001061353333,0.001289881155,0.001016001109,751.9622355,1785.62,147.6524351,0,0,,flat
2021-02-12,ETH,0.0009882833333,0.001139082244,0.001014212865,762.9203251,1840.26,146.034404,0,0,,flat
2021-02-13,ETH,0.001653466667,0.001396274456,0.001055455046,773.5120734,1814.96,143.2262323,0,0,,flat
2021-02-14,ETH,0.00137289,0.001384582228,0.00107593472,783.8495844,1800.42,137.7022157,0,0,,flat
2021-02-15,ETH,0.0005814433333,0.0009830127805,0.00104403205,793.8687545,1779.25,140.7270575,1,0,,flat
2021-02-16,ETH,0.00110621,0.00104461139,0.001048043531,803.8135105,1781.99,138.0522676,1,1,1427.512356,enter_long
2021-02-17,ETH,0.001437086667,0.001240849028,0.001073143088,814.3402446,1849.88,136.9049628,0,1,1427.512356,hold
2021-02-18,ETH,0.00172004,0.001480444514,0.001114878373,825.6627354,1939.61,134.3267512,0,0,,exit
2021-02-19,ETH,0.001302823333,0.001391633924,0.001127003854,837.0248835,1955,130.576269,0,0,,flat
2021-02-20,ETH,0.001906616667,0.001649125295,0.001177301455,847.8489628,1913,138.3351069,0,0,,flat
2021-02-21,ETH,0.00067433,0.001161727648,0.001144851684,858.7694853,1933.53,135.1183135,0,0,,flat
2021-02-22,ETH,0.0005318266667,0.0008467771571,0.001105301682,868.010508,1777.58,152.9877197,1,0,,flat
2021-02-23,ETH,0.0001538933333,0.0005003352452,0.001043920499,875.149421,1577.89,172.5878826,1,0,,exit
2021-02-24,ETH,0.0002717466667,0.000386040956,0.000994102832,882.6733133,1623.39,175.4387481,1,1,1146.320294,enter_long
2021-02-25,ETH,0.00024316,0.000314600478,0.0009456549074,888.6966626,1481.75,178.0809804,1,1,1146.320294,hold
2021-02-26,ETH,0.0002086266667,0.0002616135723,0.0008981046983,894.2852478,1444.59,176.9501961,1,1,1146.320294,hold
2021-02-27,ETH,0.00030047,0.0002810417862,0.000859547621,899.9531869,1458.13,171.7394678,1,1,1146.320294,hold
2021-02-28,ETH,0.0001,0.0001905208931,0.0008105445487,905.1720803,1419.18,172.0130772,1,1,1146.320294,hold
2021-03-01,ETH,0.0003084866667,0.0002495037799,0.0007781537176,911.8523689,1569.86,171.304286,1,1,1146.320294,hold
2021-03-02,ETH,0.0004146833333,0.0003320935566,0.0007547040154,917.6299651,1486.78,169.5954084,1,1,1146.320294,hold
2021-03-03,ETH,0.00035697,0.0003445317783,0.0007290437563,924.1619396,1567.69,170.4435935,1,1,1146.320294,hold
2021-03-04,ETH,0.0003218,0.0003331658892,0.0007027699656,930.3416997,1539.23,166.7340512,1,1,1146.320294,hold
2021-03-05,ETH,0.0001914866667,0.0002623262779,0.0006697839463,936.3490709,1528.31,162.4887618,1,1,1146.320294,hold
2021-03-06,ETH,0.0004062633333,0.0003342948056,0.0006527826164,943.5214522,1650.35,162.2074217,1,1,1146.320294,hold
2021-03-07,ETH,0.0004889533333,0.0004116240695,0.0006422129853,951.3825741,1726.16,158.0361773,1,1,1146.320294,hold
2021-03-08,ETH,0.0003743433333,0.0003929837014,0.0006249310722,960.2388522,1833.18,159.5071646,1,1,1146.320294,hold
2021-03-09,ETH,0.0006724366667,0.000532710184,0.0006279959493,969.3802525,1870.51,153.2973671,1,1,1146.320294,hold
2021-03-10,ETH,0.00071877,0.000625740092,0.0006338523397,977.671981,1795.12,150.9682695,1,1,1146.320294,hold
2021-03-11,ETH,0.0006476366667,0.0006366883793,0.0006347416511,986.1875445,1825.78,148.8776788,0,1,1146.320294,hold
2021-03-12,ETH,0.0007978233333,0.0007172558563,0.0006452630499,994.0176717,1766.1,146.9692732,0,0,,exit
2021-03-13,ETH,0.0007517366667,0.0007344962615,0.0006521323155,1003.337063,1922.35,151.9393251,0,0,,flat
2021-03-14,ETH,0.00110293,0.0009187131308,0.0006812160371,1011.816763,1848.1,148.0222304,0,0,,flat
2021-03-15,ETH,0.0005729533333,0.000745833232,0.0006742313465,1019.662382,1793.48,149.0034997,0,0,,flat
2021-03-16,ETH,0.0003177366667,0.0005317849494,0.0006512316898,1027.545401,1805.12,146.0618211,1,0,,flat
2021-03-17,ETH,0.00043668,0.0004842324747,0.0006373896453,1035.533886,1823.58,142.6074053,1,1,1439.855447,enter_long
2021-03-18,ETH,0.0006844666667,0.0005843495707,0.0006404268725,1042.964892,1776.08,138.918305,1,1,1439.855447,hold
2021-03-19,ETH,0.00019254,0.0003884447853,0.0006115309452,1050.652023,1809.1,136.648426,1,1,1439.855447,hold
2021-03-20,ETH,0.0007185233333,0.0005534840593,0.0006184336799,1058.231291,1806.1,131.7428242,1,1,1439.855447,hold
2021-03-21,ETH,0.0003244266667,0.000438955363,0.0005994654855,1065.501959,1782.98,127.344051,1,1,1439.855447,hold
2021-03-22,ETH,0.00047124,0.0004550976815,0.0005911928736,1071.675821,1680.97,129.1309045,1,1,1439.855447,hold
2021-03-23,ETH,0.0002099633333,0.0003325305074,0.0005665974193,1077.657965,1668.08,124.9908399,1,1,1439.855447,hold
2021-03-24,ETH,0.0003431766667,0.000337853587,0.0005521831772,1082.714684,1581.84,130.6300656,1,1,1439.855447,hold
2021-03-25,ETH,0.00018646,0.0002621567935,0.0005285881335,1087.759401,1585.74,126.4850609,1,1,1439.855447,hold
2021-03-26,ETH,0.0002081033333,0.0002351300634,0.0005079116948,1093.887298,1698.84,125.6068423,1,1,1439.855447,hold
2021-03-27,ETH,0.0001999633333,0.0002175466984,0.0004880440586,1100.091547,1712.63,121.3677821,1,1,1439.855447,hold
2021-03-28,ETH,0.0002890533333,0.0002533000159,0.0004752059473,1105.976236,1687.01,117.2886548,1,1,1439.855447,hold
2021-03-29,ETH,0.0005002366667,0.0003767683413,0.0004768208324,1113.102107,1816.74,120.5644652,1,1,1439.855447,hold
2021-03-30,ETH,0.0005577,0.0004672341706,0.0004820388432,1120.393795,1840.46,117.1548606,1,1,1439.855447,hold
2021-03-31,ETH,0.0007406333333,0.000603933752,0.0004987223587,1128.402851,1919.37,121.5823705,0,1,1439.855447,hold
2021-04-01,ETH,0.001102526667,0.0008532302093,0.0005376774754,1136.818977,1968.05,120.0229155,0,0,,exit
2021-04-02,ETH,0.00096273,0.0009079801047,0.0005651002189,1146.810291,2133.69,125.5584215,0,0,,flat
2021-04-03,ETH,0.001041686667,0.0009748333857,0.0005958477316,1155.446301,2008.52,126.7199628,0,0,,flat
2021-04-04,ETH,0.00068261,0.0008287216928,0.0006014452973,1164.668275,2075.69,125.9963941,0,0,,flat
2021-04-05,ETH,0.0007756733333,0.0008021975131,0.0006126858158,1174.114736,2107.38,126.1745088,0,0,,flat
2021-04-06,ETH,0.00095699,0.0008795937565,0.000634898989,1183.514277,2112.21,124.7584724,0,0,,flat
2021-04-07,ETH,0.0005054933333,0.0006925435449,0.000626550237,1191.328745,1963.47,130.0614387,0,0,,flat
2021-04-08,ETH,0.00026666,0.0004796017725,0.000603331512,1200.236443,2080.46,130.5756216,1,0,,flat
2021-04-09,ETH,0.0004875266667,0.0004835642196,0.0005958602317,1208.918157,2066.87,124.9937915,1,1,1753.950946,enter_long
2021-04-10,ETH,0.001133066667,0.0008083154431,0.0006305187114,1218.179657,2133.49,126.2085207,0,1,1753.950946,hold
2021-04-11,ETH,0.00077783,0.0007930727216,0.0006400226655,1227.526764,2151.36,120.8807692,0,0,,exit
2021-04-12,ETH,0.00110677,0.0009499213608,0.0006701353967,1236.642719,2137.69,119.4935714,0,0,,flat
2021-04-13,ETH,0.00110854,0.00102923068,0.0006984195647,1247.284217,2299.19,123.9918877,0,0,,flat
2021-04-14,ETH,0.00150669,0.00126796034,0.0007505660444,1259.154481,2432.6,126.98961,0,0,,flat
2021-04-15,ETH,0.00109507,0.00118151517,0.000772792106,1271.72064,2514.04,128.1667808,0,0,,flat
2021-04-16,ETH,0.00130212,0.001241817585,0.0008069422927,1283.245272,2422.67,136.7470107,0,0,,flat
2021-04-17,ETH,0.0007952266667,0.001018522126,0.0008061864459,1293.601772,2317.6,140.1936528,0,0,,flat
2021-04-18,ETH,0.00039585,0.0007071860629,0.0007797131268,1303.033365,2235.64,158.2655347,1,0,,flat
2021-04-19,ETH,0.0002397333333,0.0004734596981,0.0007448757208,1311.623912,2161.12,162.6751394,1,1,1839.986163,enter_long
2021-04-20,ETH,0.0001375966667,0.0003055281824,0.000705696427,1321.818841,2330.03,171.8854866,1,1,1839.986163,hold
2021-04-21,ETH,0.0001,0.0002027640912,0.0006666192381,1332.181674,2357.06,176.3493804,1,1,1839.986163,hold
2021-04-22,ETH,0.00014822,0.0001754920456,0.000633174126,1342.849348,2397.94,188.1122818,1,1,1839.986163,hold
2021-04-23,ETH,0.00030081,0.0002381510228,0.0006117312791,1353.103847,2367.39,198.6678331,1,1,1839.986163,hold
2021-04-24,ETH,0.00016797,0.0002030605114,0.0005831015192,1361.713439,2213.35,199.7587022,1,1,1839.986163,hold
2021-04-25,ETH,0.0001,0.0001515302557,0.0005519336793,1371.308594,2320.49,198.9645092,1,1,1839.986163,hold
2021-04-26,ETH,0.0001,0.0001257651278,0.0005227766677,1382.929791,2532.6,201.8356156,1,1,1839.986163,hold
2021-04-27,ETH,0.00020221,0.0001639875639,0.0005020949472,1395.770215,2666.13,201.683786,1,1,1839.986163,hold
2021-04-28,ETH,0.0002111833333,0.0001875854486,0.000483326456,1409.303028,2748.24,201.6035155,1,1,1839.986163,hold
2021-04-29,ETH,0.0001,0.0001437927243,0.0004585957169,1422.787732,2757.04,196.4889787,1,1,1839.986163,hold
2021-04-30,ETH,0.0002583,0.0002010463622,0.0004456734126,1436.290654,2772.42,187.8261945,1,1,1839.986163,hold
2021-05-01,ETH,0.00019139,0.0001962181811,0.0004292680311,1451.381999,2944.77,189.4721806,1,1,1839.986163,hold
2021-05-02,ETH,0.00024391,0.0002200640905,0.0004173094485,1466.369475,2949.56,185.419882,1,1,1839.986163,hold
2021-05-03,ETH,0.00027209,0.0002460770453,0.0004079404518,1486.022598,3431.04,208.2241761,1,1,1839.986163,hold
2021-05-04,ETH,0.0005801033333,0.0004130901893,0.0004190477345,1503.557268,3239.01,219.5653064,1,1,1839.986163,hold
2021-05-05,ETH,0.0006821966667,0.000547643428,0.0004360250849,1523.768763,3524.26,228.8184988,0,1,1839.986163,hold
2021-05-06,ETH,0.0008192433333,0.0006834433807,0.0004607488429,1543.4317,3489.73,228.8264632,0,0,,exit
2021-05-07,ETH,0.0003773466667,0.0005303950237,0.0004553680573,1562.794962,3479.53,229.179573,0,0,,flat
2021-05-08,ETH,0.0004916133333,0.0005110041785,0.0004577064622,1586.271179,3910.26,249.171032,0,0,,flat
2021-05-09,ETH,0.0005155366667,0.0005132704226,0.0004614374432,1609.648349,3923.95,249.7709583,0,0,,flat
2021-05-10,ETH,0.0007030533333,0.000608161878,0.0004770255651,1633.009881,3945.88,271.7873184,0,0,,flat
2021-05-11,ETH,0.0003800733333,0.0004941176056,0.0004707705824,1658.412174,4173.45,281.5582243,0,0,,flat
2021-05-12,ETH,0.00037281,0.0004334638028,0.0004644505448,1680.057297,3823.21,309.385494,1,0,,flat
2021-05-13,ETH,0.0002189,0.0003261819014,0.0004486085742,1700.432149,3717.91,325.4843872,1,1,3036.686265,enter_long
2021-05-14,ETH,0.0001,0.0002130909507,0.0004261176984,1724.172507,4075.01,336.6590739,1,1,3036.686265,hold
2021-05-15,ETH,0.0004564733333,0.000334782142,0.0004280761265,1743.392281,3646.68,348.4727115,1,1,3036.686265,hold
2021-05-16,ETH,0.0002088833333,0.0002718327377,0.000413934656,1761.773424,3582.1,361.8632321,1,1,3036.686265,hold
2021-05-17,ETH,0.00039706,0.0003344463688,0.0004128459685,1776.975176,3282.51,370.6630012,1,1,3036.686265,hold
2021-05-18,ETH,0.00029973,0.0003170881844,0.0004055481641,1792.949488,3375.07,367.4520725,1,1,3036.686265,hold
2021-05-19,ETH,-0.0009767366667,-0.0003298242411,0.0003163684976,1799.406216,2438.92,452.1862102,1,0,,exit
2021-05-20,ETH,0.0001060933333,-0.0001118654539,0.0003028023579,1809.09345,2768.62,479.5336238,1,1,1308.454474,enter_long
2021-05-21,ETH,0.0001,-5.932726948e-06,0.0002897183349,1815.308891,2430.98,505.1055078,1,1,1308.454474,hold
2021-05-22,ETH,0.0001,4.703363653e-05,0.0002774784423,1820.10165,2294.87,493.3122572,1,1,1308.454474,hold
2021-05-23,ETH,0.0001,7.351681826e-05,0.0002660282202,1822.862769,2096.39,504.7063817,1,1,1308.454474,hold
2021-05-24,ETH,0.0001,8.675840913e-05,0.0002553167221,1831.112811,2648.43,511.1602116,1,1,1308.454474,hold
2021-05-25,ETH,0.0001,9.337920457e-05,0.0002452962884,1839.846448,2705.11,501.1816251,1,1,1308.454474,hold
2021-05-26,ETH,0.0001,9.668960228e-05,0.0002359223343,1850.289365,2884.94,484.4543661,1,1,1308.454474,hold
2021-05-27,ETH,0.0001,9.834480114e-05,0.0002271531515,1859.201552,2742.23,468.1404828,1,1,1308.454474,hold
2021-05-28,ETH,0.0001,9.917240057e-05,0.0002189497224,1864.725831,2412.1,465.7783055,1,1,1308.454474,hold
2021-05-29,ETH,0.0001,9.958620029e-05,0.0002112755467,1868.862279,2278.74,458.9491408,1,1,1308.454474,hold
2021-05-30,ETH,0.0001,9.979310014e-05,0.0002040964792,1874.028632,2385.98,447.3020593,1,1,1308.454474,hold
2021-05-31,ETH,0.0001,9.989655007e-05,0.0001973805773,1882.341746,2706.15,447.3919122,1,1,1308.454474,hold
2021-06-01,ETH,0.0001,9.994827504e-05,0.0001910979594,1889.856406,2634.57,430.8824899,1,1,1308.454474,hold
2021-06-02,ETH,0.0001,9.997413752e-05,0.0001852206717,1898.011446,2706.22,418.1758835,1,1,1308.454474,hold
2021-06-03,ETH,0.0001,9.998706876e-05,0.0001797225639,1907.593356,2857.25,404.7026061,1,1,1308.454474,hold
2021-06-04,ETH,0.0001,9.999353438e-05,0.0001745791726,1915.40368,2689.51,397.7952771,1,1,1308.454474,hold
2021-06-05,ETH,0.0001,9.999676719e-05,0.0001697676131,1922.518614,2627.73,388.2841859,1,1,1308.454474,hold
2021-06-06,ETH,0.0001,9.999838359e-05,0.0001652664768,1930.403098,2711.92,369.906744,1,1,1308.454474,hold
2021-06-07,ETH,0.0001,9.99991918e-05,0.0001610557363,1937.01133,2592.05,363.3098337,1,1,1308.454474,hold
2021-06-08,ETH,0.0001,9.99995959e-05,0.0001571166566,1942.706205,2507.23,359.9362742,1,1,1308.454474,hold
2021-06-09,ETH,0.0001,9.999979795e-05,0.000153431711,1949.372139,2610.18,350.0372546,1,1,1308.454474,hold
2021-06-10,ETH,0.0001,9.999989897e-05,0.0001499845038,1954.582245,2471.09,339.2738793,1,1,1308.454474,hold
2021-06-11,ETH,9.561e-05,9.780494949e-05,0.0001464764713,1958.570964,2354.01,327.655745,1,1,1308.454474,hold
2021-06-12,ETH,0.0001,9.890247474e-05,0.0001434779893,1962.68677,2370.74,318.4167633,1,1,1308.454474,hold
2021-06-13,ETH,0.0001,9.945123737e-05,0.0001406729577,1968.145206,2509.33,312.8155659,1,1,1308.454474,hold
2021-06-14,ETH,7.928333333e-05,8.936728535e-05,0.0001367123368,1974.262277,2580.77,301.0551683,1,1,1308.454474,hold
2021-06-15,ETH,0.0001,9.468364268e-05,0.000134343799,1979.946329,2543.54,289.0012277,1,1,1308.454474,hold
2021-06-16,ETH,0.0001,9.734182134e-05,0.00013212807,1983.819686,2367.89,283.0018543,1,1,1308.454474,hold
2021-06-17,ETH,0.0001,9.867091067e-05,0.0001300552913,1987.708053,2373.28,273.8231504,1,1,1308.454474,hold
2021-06-18,ETH,6.323666667e-05,8.095378867e-05,0.0001257444123,1990.167845,2234.09,271.3357825,1,1,1308.454474,hold
2021-06-19,ETH,-2.793e-05,2.651189433e-05,0.0001158299341,1991.909956,2164.67,260.3225124,1,1,1308.454474,hold
2021-06-20,ETH,-6.344666667e-05,-1.846738617e-05,0.0001042637018,1994.421277,2243.47,258.8230472,1,1,1308.454474,hold
2021-06-21,ETH,-3.415333333e-05,-2.631035975e-05,9.533357046e-05,1993.333853,1885.49,268.5228295,0,1,1308.454474,hold
2021-06-22,ETH,4.558333333e-05,9.636486792e-06,9.212387774e-05,1992.195328,1879.28,270.594056,0,0,,exit
2021-06-23,ETH,-3.917333333e-05,-1.476842327e-05,8.365308993e-05,1991.955208,1968.14,267.198052,0,0,,flat
2021-06-24,ETH,5.189333333e-05,1.856245503e-05,8.160407338e-05,1991.9309,1989.52,258.9567626,0,0,,flat
2021-06-25,ETH,9.069e-05,5.462622752e-05,8.219026219e-05,1990.1032,1808.82,256.8005652,0,0,,flat
2021-06-26,ETH,-5.507e-05,-2.218862422e-07,7.33347614e-05,1988.501604,1829.64,248.1348106,0,0,,flat
2021-06-27,ETH,-0.0001569666667,-7.859427645e-05,5.847660475e-05,1988.439508,1982.28,243.2851813,0,0,,flat
2021-06-28,ETH,1.110333333e-05,-3.374547156e-05,5.542026466e-05,1989.397338,2084.41,239.0848112,1,0,,flat
2021-06-29,ETH,9.113333333e-06,-1.231606911e-05,5.243272071e-05,1991.153174,2165.33,234.2523247,1,1,1486.707972,enter_long
2021-06-30,ETH,0.0001,4.384196544e-05,5.550157743e-05,1993.992713,2275.68,231.79073,1,1,1486.707972,hold
2021-07-01,ETH,8.284333333e-05,6.334264939e-05,5.726556169e-05,1995.114589,2106.41,229.7206779,0,1,1486.707972,hold
2021-07-02,ETH,-5.742333333e-05,2.959658027e-06,4.986627814e-05,1996.701448,2154.13,223.4192009,1,0,,exit
2021-07-03,ETH,2.040333333e-05,1.168149568e-05,4.796544299e-05,1998.999494,2226.99,216.6028294,1,1,1595.401998,enter_long
2021-07-04,ETH,0.0001,5.584074784e-05,5.132251118e-05,2002.229504,2322.69,215.441913,0,1,1595.401998,hold
2021-07-05,ETH,6.607333333e-05,6.095704059e-05,5.227417713e-05,2004.168315,2196.53,212.0046335,0,0,,exit
2021-07-06,ETH,2.849666667e-05,4.472685363e-05,5.074014419e-05,2007.344671,2322.5,208.0757311,1,0,,flat
2021-07-07,ETH,7.680666667e-05,6.076676015e-05,5.242185532e-05,2010.430077,2316.57,201.5774646,0,1,1802.320672,enter_long
2021-07-08,ETH,5.854666667e-05,5.965671341e-05,5.281700444e-05,2011.486702,2116.33,204.3797886,0,0,,exit
2021-07-09,ETH,7.490333333e-05,6.728002337e-05,5.424192889e-05,2012.83866,2146.99,199.9876608,0,0,,flat
2021-07-10,ETH,0.0001,8.364001169e-05,5.719406251e-05,2013.814927,2110.69,194.3213993,0,0,,flat
2021-07-11,ETH,0.0001,9.182000584e-05,5.995573589e-05,2015.078336,2140.45,187.0827279,0,0,,flat
2021-07-12,ETH,0.0001,9.591000292e-05,6.25392368e-05,2015.242965,2031.58,185.2303902,0,0,,flat
2021-07-13,ETH,6.188e-05,7.889500146e-05,6.24967054e-05,2014.493819,1940.15,181.2389338,-1,0,,flat
2021-07-14,ETH,6.15e-05,7.019750073e-05,6.243240182e-05,2014.295159,1994.58,179.3061528,-1,-1,2393.537334,enter_short
2021-07-15,ETH,8.551666667e-05,7.78570837e-05,6.392170923e-05,2013.349608,1919.51,178.0614276,-1,-1,2393.537334,hold
2021-07-16,ETH,8.928333333e-05,8.357020852e-05,6.555794304e-05,2011.982074,1876.26,173.5570399,-1,-1,2393.537334,hold
2021-07-17,ETH,8.437666667e-05,8.397343759e-05,6.677205425e-05,2010.860938,1899.59,166.4986799,-1,-1,2393.537334,hold
2021-07-18,ETH,0.0001,9.19867188e-05,6.891579268e-05,2009.671713,1891.64,162.9409171,-1,-1,2393.537334,hold
2021-07-19,ETH,3.996666667e-06,4.799169273e-05,6.472746197e-05,2007.767121,1818.73,159.4451373,0,-1,2393.537334,hold
2021-07-20,ETH,-0.0001629766667,-5.749248697e-05,5.003687303e-05,2005.555408,1786.03,157.7233418,0,0,,exit
2021-07-21,ETH,-0.0001806066667,-0.0001190495768,3.515664466e-05,2005.455113,1995.5,167.0059602,0,0,,flat
2021-07-22,ETH,0.0001,-9.524788409e-06,3.934008694e-05,2005.645666,2024.56,162.1041059,1,0,,flat
2021-07-23,ETH,9.547666667e-05,4.297593913e-05,4.296180176e-05,2006.828597,2124.25,160.3595269,0,1,1619.009735,enter_long
2021-07-24,ETH,5.795333333e-05,5.046463623e-05,4.392899735e-05,2008.603102,2184.75,155.6138464,0,0,,exit
2021-07-25,ETH,4.482666667e-05,4.764565145e-05,4.39869115e-05,2010.410133,2189.79,151.0328574,0,0,,flat
2021-07-26,ETH,0.0001,7.382282572e-05,4.760065914e-05,2012.580969,2228.08,158.9647961,0,0,,flat
2021-07-27,ETH,0.0001,8.691141286e-05,5.098126178e-05,2015.442267,2299.49,159.6644536,0,0,,flat
2021-07-28,ETH,8.539333333e-05,8.61523731e-05,5.320139543e-05,2018.289027,2300.9,155.5348497,0,0,,flat
2021-07-29,ETH,8.574333333e-05,8.594785322e-05,5.530087529e-05,2021.92527,2382.92,153.9880748,0,0,,flat
2021-07-30,ETH,0.0001,9.297392661e-05,5.818468979e-05,2026.311875,2461.81,154.1160694,0,0,,flat
2021-07-31,ETH,0.0001,9.64869633e-05,6.088245174e-05,2031.3451,2531.05,152.6206359,0,0,,flat
2021-08-01,ETH,0.0001,9.824348165e-05,6.340616453e-05,2036.573729,2555.69,155.0313048,0,0,,flat
2021-08-02,ETH,0.0001,9.912174083e-05,6.576705714e-05,2042.261049,2606.93,155.314783,0,0,,flat
2021-08-03,ETH,6.919666667e-05,8.415920375e-05,6.598832227e-05,2046.915446,2509.04,157.8008699,0,0,,flat
2021-08-04,ETH,6.554333333e-05,7.485126854e-05,6.595961331e-05,2053.674501,2724.78,169.0315221,0,0,,flat
2021-08-05,ETH,0.0001,8.742563427e-05,6.815576729e-05,2061.385146,2826.99,179.3914133,0,0,,flat
2021-08-06,ETH,0.0001,9.371281713e-05,7.021023391e-05,2069.662759,2891.58,182.7698838,0,0,,flat
2021-08-07,ETH,0.00012734,0.0001105264086,7.389602527e-05,2080.537037,3160.31,191.5363207,0,0,,flat
2021-08-08,ETH,0.00011209,0.0001113082043,7.636015268e-05,2089.822489,3011.85,195.0665835,0,0,,flat
2021-08-09,ETH,0.0001513166667,0.0001313124355,8.11960568e-05,2100.497429,3160.52,202.045399,0,0,,flat
2021-08-10,ETH,0.0002191133333,0.0001752128844,9.009394561e-05,2110.877698,3141.66,200.5978705,0,0,,flat
2021-08-11,ETH,0.0002628666667,0.0002190397755,0.0001012405728,2121.342104,3160.5,197.2501654,0,0,,flat
2021-08-12,ETH,0.0001406233333,0.0001798315544,0.000103781396,2130.560076,3045.96,201.7115822,0,0,,flat
2021-08-13,ETH,0.00020732,0.0001935757772,0.000110461306,2142.44109,3322.32,208.3057549,0,0,,flat
2021-08-14,ETH,0.00028897,0.0002412728886,0.0001219779959,2153.613662,3263.16,202.7824867,0,0,,flat
2021-08-15,ETH,0.00020921,0.0002252414443,0.0001276058671,2165.11258,3307.09,203.2173091,0,0,,flat
2021-08-16,ETH,0.0001526433333,0.0001889423888,0.0001292211875,2174.896072,3146.53,202.971787,0,0,,flat
2021-08-17,ETH,0.0001,0.0001444711944,0.0001273359496,2183.237996,3011.72,209.7673736,0,0,,flat
2021-08-18,ETH,0.0001,0.0001222355972,0.00012557234,2191.524822,3014.55,207.3418469,1,0,,flat
2021-08-19,ETH,0.0001,0.0001111177986,0.0001239225116,2201.419199,3184.12,208.936715,1,1,2495.825383,enter_long
2021-08-20,ETH,0.0002501666667,0.0001806422326,0.0001320672958,2212.218551,3284.82,202.7869497,0,1,2495.825383,hold
2021-08-21,ETH,0.0001891533333,0.000184897783,0.000135750266,2222.298139,3223.43,195.5993104,0,0,,exit
2021-08-22,ETH,0.0001688866667,0.0001768922248,0.0001378880983,2232.422308,3238,192.0265025,0,0,,flat
2021-08-23,ETH,0.0005289433333,0.0003529177791,0.0001631174683,2243.275481,3321.28,188.8724666,0,0,,flat
2021-08-24,ETH,0.0003964133333,0.0003746655562,0.0001781688144,2252.518615,3170.62,190.4201476,0,0,,flat
2021-08-25,ETH,0.00015487,0.0002647677781,0.0001766656651,2262.230115,3226.87,188.8187085,0,0,,flat
2021-08-26,ETH,0.0001,0.0001823838891,0.0001717194931,2270.512371,3093.2,189.3816579,0,0,,flat
2021-08-27,ETH,0.0001,0.0001411919445,0.0001670924291,2280.508458,3273.45,191.5558252,1,0,,flat
2021-08-28,ETH,0.00011833,0.0001297609723,0.0001639464659,2290.116018,3244.48,183.3511234,1,1,2795.000437,enter_long
2021-08-29,ETH,0.0001225966667,0.0001261788195,0.0001612787369,2299.418272,3223.47,179.7303288,1,1,2795.000437,hold
2021-08-30,ETH,0.0001,0.0001130894097,0.00015732527,2308.689158,3229.64,181.5317339,1,1,2795.000437,hold
2021-08-31,ETH,0.00013569,0.0001243897049,0.0001559294461,2319.856346,3429.2,189.0816101,1,1,2795.000437,hold
2021-09-01,ETH,0.0001,0.0001121948524,0.0001523210948,2334.874745,3826.82,208.4172093,1,1,2795.000437,hold
2021-09-02,ETH,0.0004481333333,0.0002801640929,0.0001714057553,2349.334636,3785.82,202.0845515,0,1,2795.000437,hold
2021-09-03,ETH,0.0004350133333,0.0003575887131,0.0001884126959,2365.167874,3938.11,210.7092264,0,0,,exit
2021-09-04,ETH,0.0007465766667,0.0005520826899,0.0002244232746,2380.318994,3885.52,205.479996,0,0,,flat
2021-09-05,ETH,0.00069819,0.0006251363449,0.0002549888698,2395.964353,3950.29,201.5171391,0,0,,flat
2021-09-06,ETH,0.0005710666667,0.0005981015058,0.0002753809857,2411.219183,3926.77,194.6730577,0,0,,flat
2021-09-07,ETH,0.00044872,0.0005234107529,0.0002865641479,2421.416957,3434.57,248.0642679,0,0,,flat
2021-09-08,ETH,0.0001,0.0003117053765,0.0002745277513,2432.155,3499,254.9768202,0,0,,flat
2021-09-09,ETH,0.0001,0.0002058526882,0.0002632678964,2442.047791,3424.93,249.3827616,1,0,,flat
2021-09-10,ETH,0.0001,0.0001529263441,0.0002527344837,2449.6888,3208.86,257.5775644,1,1,2801.483096,enter_long
2021-09-11,ETH,0.0001,0.0001264631721,0.000242880646,2457.834988,3267.21,249.777024,1,1,2801.483096,hold
2021-09-12,ETH,0.0001,0.000113231586,0.0002336625399,2467.265006,3404.21,249.2972366,1,1,2801.483096,hold
2021-09-13,ETH,0.0001,0.000106615793,0.0002250391502,2475.416582,3285.35,254.4767197,1,1,2801.483096,hold
2021-09-14,ETH,0.0001,0.0001033078965,0.0002169721082,2484.971667,3434.37,248.2355254,1,1,2801.483096,hold
2021-09-15,ETH,0.0001,0.0001016539483,0.0002094255206,2496.216753,3613.55,248.9601308,1,1,2801.483096,hold
2021-09-16,ETH,0.0001,0.0001008269741,0.0002023658096,2506.89559,3567.98,245.1158357,1,1,2801.483096,hold
2021-09-17,ETH,0.0001,0.0001004134871,0.0001957615638,2515.792292,3399.81,245.043276,1,1,2801.483096,hold
2021-09-18,ETH,0.0001,0.0001002067435,0.0001895833984,2524.957226,3435.64,239.903042,1,1,2801.483096,hold
2021-09-19,ETH,0.0001,0.0001001033718,0.0001838038243,2532.96444,3328.62,235.5378247,1,1,2801.483096,hold
2021-09-20,ETH,0.0001,0.0001000516859,0.000178397126,2537.391276,2977.28,249.7444087,1,1,2801.483096,hold
2021-09-21,ETH,0.0001,0.0001000258429,0.0001733392469,2539.667941,2765.9,264.3219509,1,0,,exit
2021-09-22,ETH,0.0001,0.0001000129215,0.0001686076826,2545.02059,3076.92,270.5375259,1,1,2105.915123,enter_long
2021-09-23,ETH,0.0001,0.0001000064607,0.0001641813805,2551.072837,3152.5,261.2598454,1,1,2105.915123,hold
2021-09-24,ETH,-3.43e-05,3.285323037e-05,0.0001513761301,2554.833352,2928.53,272.9927136,1,1,2105.915123,hold
2021-09-25,ETH,2.476666667e-06,1.766494852e-05,0.0001417697131,2558.488609,2921.73,265.3468055,1,1,2105.915123,hold
2021-09-26,ETH,5.153666667e-05,3.460080759e-05,0.0001359482262,2563.478646,3059.37,273.3463194,1,1,2105.915123,hold
2021-09-27,ETH,0.0001,6.73004038e-05,0.0001336289858,2567.08614,2925.59,271.1237252,1,1,2105.915123,hold
2021-09-28,ETH,1.158e-05,3.94402019e-05,0.0001257548577,2569.455405,2804.91,264.7448876,1,1,2105.915123,hold
2021-09-29,ETH,-2.043333333e-06,1.869843428e-05,0.0001175098131,2572.254715,2850.45,257.8345385,1,1,2105.915123,hold
2021-09-30,ETH,2.349666667e-05,2.109755047e-05,0.0001114444489,2576.522003,3000.61,254.5056429,1,1,2105.915123,hold
2021-10-01,ETH,5.557e-05,3.833377524e-05,0.0001078396457,2583.82795,3309.91,262.1073827,1,1,2105.915123,hold
2021-10-02,ETH,0.0001,6.916688762e-05,0.0001073338621,2591.836557,3387.76,258.5282839,1,1,2105.915123,hold
2021-10-03,ETH,0.0001,8.458344381e-05,0.0001068607097,2600.063844,3417.73,250.4541208,1,1,2105.915123,hold
2021-10-04,ETH,0.0001,9.22917219e-05,0.0001064180833,2607.896088,3386.31,244.5066836,1,1,2105.915123,hold
2021-10-05,ETH,0.0001,9.614586095e-05,0.0001060040134,2616.934852,3515.27,239.9862062,1,1,2105.915123,hold
2021-10-06,ETH,0.00011441,0.0001052779305,0.0001065463351,2626.477371,3574.89,243.5664772,1,1,2105.915123,hold
2021-10-07,ETH,0.0002541333333,0.0001797056319,0.0001160680769,2636.050042,3587.47,239.2531574,0,1,2105.915123,hold
2021-10-08,ETH,0.00018435,0.000182027816,0.0001204733623,2645.284799,3563.13,233.8065033,0,0,,exit
2021-10-09,ETH,0.0001,0.000141013908,0.0001191525002,2654.543913,3574.82,224.0296102,0,0,,flat
2021-10-10,ETH,0.0001,0.000120506954,0.000117916855,2662.110976,3414.22,222.2417809,0,0,,flat
2021-10-11,ETH,0.0001769,0.000148703477,0.0001217222192,2670.876571,3542.12,224.4245108,0,0,,flat
2021-10-12,ETH,0.0001,0.0001243517385,0.0001203207857,2679.050153,3491.46,218.6727601,0,0,,flat
2021-10-13,ETH,0.0001,0.0001121758692,0.0001190097673,2688.297267,3607.42,217.3604201,1,0,,flat
2021-10-14,ETH,0.00026477,0.0001884729346,0.0001284136533,2699.278932,3790.82,218.8318186,0,1,3064.00895,enter_long
2021-10-15,ETH,0.0003451733333,0.000266823134,0.0001423981488,2710.929707,3868.99,215.6059744,0,0,,exit
2021-10-16,ETH,0.0003600166667,0.0003134199003,0.0001564380531,2722.075569,3829.96,212.1655477,0,0,,flat
2021-10-17,ETH,0.0004150533333,0.0003642366168,0.0001731229099,2733.278531,3846.85,216.9530086,0,0,,flat
2021-10-18,ETH,0.0002729133333,0.0003185749751,0.0001795610018,2743.354967,3744.96,216.9663651,0,0,,flat
2021-10-19,ETH,0.00030957,0.0003140724875,0.0001879486791,2754.646358,3877.03,212.532339,0,0,,flat
2021-10-20,ETH,0.0004177566667,0.0003659145771,0.0002027750008,2768.654982,4161.15,221.7050291,0,0,,flat
2021-10-21,ETH,0.0006085266667,0.0004872206219,0.0002289525277,2781.446697,4052.99,231.7168127,0,0,,flat
2021-10-22,ETH,0.00033938,0.0004133003109,0.0002360768807,2793.306244,3972.2,235.123469,0,0,,flat
2021-10-23,ETH,0.0002121533333,0.0003127268221,0.0002345334261,2806.988889,4167.12,235.0782212,0,0,,flat
2021-10-24,ETH,0.00034886,0.0003307934111,0.0002419093341,2819.690666,4082.33,234.3633482,0,0,,flat
2021-10-25,ETH,0.0003854933333,0.0003581433722,0.0002511728179,2833.640621,4220.37,229.6438234,0,0,,flat
2021-10-26,ETH,0.0003999533333,0.0003790483528,0.0002607715608,2846.56663,4131.52,228.0114074,0,0,,flat
2021-10-27,ETH,0.0003430266667,0.0003610375097,0.0002660783418,2857.277129,3922,240.1534497,0,0,,flat
2021-10-28,ETH,0.0001318533333,0.0002464454215,0.0002574186639,2871.506193,4286.02,251.9160605,1,0,,flat
2021-10-29,ETH,0.0003456133333,0.0002960293774,0.0002631086425,2886.916684,4418.89,247.8149133,0,1,3656.219849,enter_long
2021-10-30,ETH,0.0002798466667,0.000287938022,0.0002641885151,2901.215413,4322.68,244.5324195,0,0,,exit
2021-10-31,ETH,0.0001515366667,0.0002197373444,0.0002569206539,2915.018376,4287.21,243.8365324,1,0,,flat
2021-11-01,ETH,0.0002152433333,0.0002174903388,0.0002542317945,2929.004631,4319.43,243.5824944,1,1,3677.888669,enter_long
2021-11-02,ETH,0.0003932733333,0.0003053818361,0.0002632022163,2945.544916,4589.89,248.6958876,0,1,3677.888669,hold
2021-11-03,ETH,0.00026726,0.000286320918,0.0002634640088,2962.054385,4603.35,245.9940385,0,0,,exit
2021-11-04,ETH,0.00035816,0.000322240459,0.0002695734276,2977.69195,4532.32,241.7494643,0,0,,flat
2021-11-05,ETH,0.0002337333333,0.0002779868962,0.0002672611635,2992.595272,4474.24,233.8566454,0,0,,flat
2021-11-06,ETH,0.0003113033333,0.0002946451148,0.0002701025938,3007.785837,4518,231.7118851,0,0,,flat
2021-11-07,ETH,0.00024648,0.0002705625574,0.0002685785555,3023.766961,4612.59,224.8474647,0,0,,flat
2021-11-08,ETH,0.0002423966667,0.000256479612,0.0002668894014,3041.534551,4807.98,223.8562172,1,0,,flat
2021-11-09,ETH,0.0001,0.000178239806,0.0002561223432,3058.371733,4732.33,216.7514874,1,1,4248.339457,enter_long
2021-11-10,ETH,0.0002313666667,0.0002048032363,0.0002545252028,3074.009959,4628.78,230.2742383,1,1,4248.339457,hold
2021-11-11,ETH,0.0001432466667,0.0001740249515,0.0002473459424,3090.390747,4719,228.292507,1,1,4248.339457,hold
2021-11-12,ETH,0.0001,0.0001370124758,0.0002378397526,3106.075144,4665.46,233.5473279,1,1,4248.339457,hold
2021-11-13,ETH,0.0001,0.0001185062379,0.0002289468653,3121.392331,4644.28,225.6882331,1,1,4248.339457,hold
2021-11-14,ETH,0.0001,0.0001092531189,0.0002206277127,3136.379828,4626.5,222.562645,1,1,4248.339457,hold
2021-11-15,ETH,0.0001917766667,0.0001505148928,0.0002187663549,3150.593426,4563.78,223.2374561,1,1,4248.339457,hold
2021-11-16,ETH,0.0001191766667,0.0001348457797,0.0002123412137,3161.140192,4209.76,240.2047806,1,0,,exit
2021-11-17,ETH,0.0001,0.0001174228899,0.0002050933935,3172.358946,4287.8,239.9351535,1,1,3609.078048,enter_long
2021-11-18,ETH,0.0001,0.0001087114449,0.0001983131745,3180.569283,3996.9,250.5376425,1,1,3609.078048,hold
2021-11-19,ETH,0.0001,0.0001043557225,0.0001919703891,3191.663716,4294.76,256.6392395,1,1,3609.078048,hold
2021-11-20,ETH,0.0001,0.0001021778612,0.0001860368156,3203.816687,4412.17,255.1664366,1,1,3609.078048,hold
2021-11-21,ETH,0.0001,0.0001010889306,0.0001804860533,3214.31654,4258.31,251.8395483,1,1,3609.078048,hold
2021-11-22,ETH,0.0001,0.0001005444653,0.0001752934047,3222.99575,4085.97,255.0838663,1,1,3609.078048,hold
2021-11-23,ETH,0.0001,0.0001002722327,0.0001704357657,3234.112309,4339.44,260.1471615,1,1,3609.078048,hold
2021-11-24,ETH,0.0001,0.0001001361163,0.0001658915227,3244.420314,4269.36,256.3002214,1,1,3609.078048,hold
2021-11-25,ETH,0.00018379,0.0001419630582,0.0001670462632,3257.16952,4524.85,259.5452056,1,1,3609.078048,hold
2021-11-26,ETH,0.0002108166667,0.0001763898624,0.0001698701602,3264.976039,4041.2,286.5776909,0,1,3609.078048,hold
2021-11-27,ETH,0.0001,0.0001381949312,0.0001653624079,3273.243344,4095.29,277.2021416,1,0,,exit
2021-11-28,ETH,0.0001,0.0001190974656,0.0001611454784,3283.414555,4294.78,281.29556,1,1,3402.284646,enter_long
2021-11-29,ETH,0.0001,0.0001095487328,0.0001572006088,3294.975446,4444.53,274.2051629,1,1,3402.284646,hold
2021-11-30,ETH,0.0001306733333,0.0001201110331,0.0001554891717,3308.270402,4630.26,283.6647941,1,1,3402.284646,hold
2021-12-01,ETH,0.0001208333333,0.0001204721832,0.0001532533112,3320.961855,4582.95,281.600166,1,1,3402.284646,hold
2021-12-02,ETH,0.0001,0.0001102360916,0.0001498176137,3332.812584,4511.21,275.902297,1,1,3402.284646,hold
2021-12-03,ETH,0.00010854,0.0001093880458,0.0001471545418,3341.603313,4215.73,300.6507043,1,1,3402.284646,hold
2021-12-04,ETH,8.861e-05,9.89990229e-05,0.0001433774746,3349.325958,4117.25,331.6692254,1,1,3402.284646,hold
2021-12-05,ETH,0.0001,9.949951145e-05,0.0001405789278,3357.760109,4196.44,323.4642808,1,1,3402.284646,hold
2021-12-06,ETH,0.0001,9.974975573e-05,0.0001379609325,3367.615126,4347.59,332.8704036,1,1,3402.284646,hold
2021-12-07,ETH,9.02e-05,9.497487786e-05,0.000134879582,3376.961869,4306.4,321.171089,1,1,3402.284646,hold
2021-12-08,ETH,0.0001,9.748743893e-05,0.0001326292864,3387.514876,4436.91,314.4831541,1,1,3402.284646,hold
2021-12-09,ETH,0.0001,9.874371947e-05,0.0001305241712,3394.664598,4105.64,321.4372145,1,1,3402.284646,hold
2021-12-10,ETH,6.321e-05,8.097685973e-05,0.0001261813214,3399.675227,3897.94,323.0281278,1,1,3402.284646,hold
2021-12-11,ETH,9.573e-05,8.835342987e-05,0.00012421672,3406.541814,4089.37,319.1589758,1,1,3402.284646,hold
2021-12-12,ETH,0.0001,9.417671493e-05,0.000122654351,3413.744508,4130,309.7461918,1,1,3402.284646,hold
2021-12-13,ETH,2.729666667e-05,6.07366908e-05,0.0001165022423,3417.410113,3781.93,321.2857495,1,1,3402.284646,hold
2021-12-14,ETH,4.911e-05,5.49233454e-05,0.0001121543557,3421.806399,3858.99,312.4610531,1,1,3402.284646,hold
2021-12-15,ETH,0.0001,7.74616727e-05,0.0001113702037,3427.752708,4019.08,322.1774065,1,1,3402.284646,hold
2021-12-16,ETH,7.744666667e-05,7.745416968e-05,0.0001091815884,3433.032786,3958.11,311.4018774,1,1,3402.284646,hold
2021-12-17,ETH,0.0001,8.872708484e-05,0.0001085892279,3437.437037,3875.42,310.1660291,1,1,3402.284646,hold
2021-12-18,ETH,8.474e-05,8.673354242e-05,0.000107050568,3442.638763,3959.93,304.4341698,1,1,3402.284646,hold
2021-12-19,ETH,8.117666667e-05,8.395510454e-05,0.0001053812841,3447.432368,3924.14,293.2910149,1,1,3402.284646,hold
2021-12-20,ETH,0.0001,9.197755227e-05,0.0001050341045,3452.383207,3944.73,288.7966566,1,1,3402.284646,hold
2021-12-21,ETH,0.0001,9.598877614e-05,0.0001047093235,3457.975839,4014.15,278.8676097,1,1,3402.284646,hold
2021-12-22,ETH,0.0001,9.799438807e-05,0.0001044054962,3463.167911,3979.51,269.0534948,1,1,3402.284646,hold
2021-12-23,ETH,7.794333333e-05,8.79688607e-05,0.0001026982599,3469.621376,4111.41,268.1761023,1,1,3402.284646,hold
2021-12-24,ETH,0.0001,9.398443035e-05,0.0001025241786,3475.362971,4046.36,257.4256664,1,1,3402.284646,hold
2021-12-25,ETH,0.0001,9.699221518e-05,0.0001023613284,3481.529908,4094.83,247.5588331,1,1,3402.284646,hold
2021-12-26,ETH,0.0001,9.849610759e-05,0.0001022089846,3487.324123,4063.56,237.3760593,1,1,3402.284646,hold
2021-12-27,ETH,0.0001,9.924805379e-05,0.0001020664695,3492.798509,4037.23,227.3106265,1,1,3402.284646,hold
2021-12-28,ETH,5.493333333e-05,7.709069356e-05,9.902562198e-05,3495.784551,3792.75,230.9220103,1,1,3402.284646,hold
2021-12-29,ETH,8.307666667e-05,8.008368012e-05,9.799665712e-05,3497.122562,3630.19,230.397581,1,1,3402.284646,hold
2021-12-30,ETH,6.156e-05,7.082184006e-05,9.564590505e-05,3499.234487,3709.27,227.0906109,1,1,3402.284646,hold
2021-12-31,ETH,5.940333333e-05,6.51125867e-05,9.330767461e-05,3500.996466,3676.23,224.634853,1,1,3402.284646,hold
2022-01-01,ETH,0.0001,8.255629335e-05,9.373943754e-05,3503.629969,3765.54,215.9459349,1,1,3402.284646,hold
2022-01-02,ETH,4.284333333e-05,6.269981334e-05,9.045581791e-05,3506.861711,3828.27,210.5312253,1,1,3402.284646,hold
2022-01-03,ETH,6.483666667e-05,6.376824e-05,8.880296945e-05,3509.440286,3765.89,207.8568521,1,1,3402.284646,hold
2022-01-04,ETH,0.0001,8.188412e-05,8.952535851e-05,3512.184511,3785.11,206.4113626,1,1,3402.284646,hold
2022-01-05,ETH,0.0001,9.094206e-05,9.020114184e-05,3512.467678,3540.63,222.5962653,0,1,3402.284646,hold
2022-01-06,ETH,6.569333333e-05,7.831769667e-05,8.86199929e-05,3511.415891,3406.81,224.5843892,0,0,,exit
2022-01-07,ETH,7.311666667e-05,7.571718167e-05,8.76197783e-05,3508.308297,3199.24,233.70979,0,0,,flat
2022-01-08,ETH,0.0001,8.785859083e-05,8.841850229e-05,3504.054125,3080.95,234.8733764,0,0,,flat
2022-01-09,ETH,2.745333333e-05,5.765596208e-05,8.448526558e-05,3500.549291,3151.97,229.1231352,0,0,,flat
2022-01-10,ETH,-6.451666667e-05,-3.430352292e-06,7.487223769e-05,3496.389614,3082.68,231.0550541,0,0,,flat
2022-01-11,ETH,6.305333333e-05,2.981149052e-05,7.410972773e-05,3493.834609,3239.72,229.6754074,0,0,,flat
2022-01-12,ETH,-6.218e-05,-1.618425474e-05,6.531684207e-05,3492.614451,3371.26,227.9293069,0,0,,flat
2022-01-13,ETH,2.080333333e-05,2.309539297e-06,6.24450028e-05,3490.105906,3240.61,224.260785,0,0,,flat
2022-01-14,ETH,6.235333333e-05,3.233143632e-05,6.243908864e-05,3488.287391,3307.42,219.298586,0,0,,flat
2022-01-15,ETH,9.877333333e-05,6.555238482e-05,6.478323346e-05,3486.672334,3326.04,211.5372585,-1,0,,flat
2022-01-16,ETH,6.864666667e-05,6.709952575e-05,6.503248721e-05,3485.280806,3346.88,205.2831686,-1,-1,3855.353146,enter_short
2022-01-17,ETH,3.296666667e-06,3.519809621e-05,6.104953105e-05,3482.537319,3209.67,206.082228,0,-1,3855.353146,hold
2022-01-18,ETH,7.058333333e-05,5.289071477e-05,6.166461507e-05,3479.325236,3159.85,202.9242117,0,0,,exit
2022-01-19,ETH,6.093333333e-05,5.691202405e-05,6.16174356e-05,3475.390317,3084.02,200.9203394,0,0,,flat
2022-01-20,ETH,0.0001,7.845601203e-05,6.409373008e-05,3470.672971,3001.48,207.0131723,-1,0,,flat
2022-01-21,ETH,5.756666667e-06,4.210633935e-05,6.033004857e-05,3461.689211,2568.15,237.3065172,0,-1,3519.012931,enter_short
2022-01-22,ETH,8.824e-05,6.517316967e-05,6.21306906e-05,3451.242382,2412.18,243.6417659,-1,0,,exit
2022-01-23,ETH,-2.842666667e-05,1.83732515e-05,5.628828045e-05,3442.162043,2539.01,239.5230684,0,-1,3021.284415,enter_short
2022-01-24,ETH,2.741666667e-05,2.289495908e-05,5.442559569e-05,3432.179516,2439.29,249.6107063,0,0,,exit
2022-01-25,ETH,-1.18e-06,1.085747954e-05,5.08381379e-05,3422.49089,2458.83,243.0377987,0,0,,flat
2022-01-26,ETH,-0.00010686,-4.800126023e-05,4.066406449e-05,3412.940147,2462.99,248.532956,0,0,,flat
2022-01-27,ETH,-6.724333333e-05,-5.762229678e-05,3.370229689e-05,3403.098894,2424.25,245.3927448,0,0,,flat
2022-01-28,ETH,-5.602666667e-05,-5.682448172e-05,2.79133315e-05,3394.557455,2544.99,242.2289773,0,0,,flat
2022-01-29,ETH,2.717666667e-05,-1.482390753e-05,2.786580473e-05,3386.662855,2601.43,233.2590504,0,0,,flat
2022-01-30,ETH,-2.33e-06,-8.576953764e-06,2.59176883e-05,3378.849353,2601.68,223.5619754,0,0,,flat
2022-01-31,ETH,-2.233e-05,-1.545347688e-05,2.280493422e-05,3371.962302,2686.94,224.0718343,0,0,,flat
2022-02-01,ETH,-7.024333333e-05,-4.284840511e-05,1.680182018e-05,3366.142078,2787.23,218.0295604,0,0,,flat
2022-02-02,ETH,-1.955333333e-05,-3.120086922e-05,1.445632641e-05,3359.319149,2680.67,216.6103061,0,0,,flat
2022-02-03,ETH,-0.00017255,-0.0001018754346,2.391402122e-06,3352.711369,2695.46,211.8945699,0,0,,flat
2022-02-04,ETH,9.595333333e-05,-2.961050638e-06,8.427655748e-06,3349.150769,2994.99,219.8735292,0,0,,flat
2022-02-05,ETH,7.269e-05,3.486447468e-05,1.257361344e-05,3345.801402,3012.65,211.4868486,-1,0,,flat
2022-02-06,ETH,0.0001,6.743223734e-05,1.821402548e-05,3342.906814,3054.99,205.2627879,-1,-1,3541.357121,enter_short
2022-02-07,ETH,2.972e-05,4.857611867e-05,1.895634641e-05,3340.8849,3139.77,204.4725888,-1,-1,3541.357121,hold
2022-02-08,ETH,6.446e-05,5.651805934e-05,2.1892066e-05,3338.653393,3116.69,204.700261,-1,-1,3541.357121,hold
2022-02-09,ETH,5.651333333e-05,5.651569633e-05,2.412569615e-05,3337.710674,3243.94,205.4145281,-1,-1,3541.357121,hold
2022-02-10,ETH,-1.376e-05,2.137784817e-05,2.168145769e-05,3335.070836,3072.49,206.9506332,0,-1,3541.357121,hold
2022-02-11,ETH,-2.036666667e-05,5.055907502e-07,1.896867547e-05,3331.014547,2927.54,210.7127309,0,0,,exit
2022-02-12,ETH,0.0001,5.025279538e-05,2.419650286e-05,3326.912448,2918.88,204.7818215,-1,0,,flat
2022-02-13,ETH,1.675e-05,3.350139769e-05,2.371608332e-05,3322.375923,2871.13,198.5616914,-1,-1,3430.534554,enter_short
2022-02-14,ETH,8.504333333e-05,5.927236551e-05,2.76726801e-05,3318.468023,2929.75,194.090142,-1,-1,3430.534554,hold
2022-02-15,ETH,2.284e-05,4.105618276e-05,2.736089428e-05,3317.124857,3183.52,200.5215605,-1,-1,3430.534554,hold
2022-02-16,ETH,0.0001,7.052809138e-05,3.20472882e-05,3315.18573,3122.3,196.3943061,-1,-1,3430.534554,hold
2022-02-17,ETH,5.460666667e-05,6.256737902e-05,3.350273197e-05,3310.972404,2891.87,204.3982843,-1,-1,3430.534554,hold
2022-02-18,ETH,-3.181333333e-05,1.537702284e-05,2.928879228e-05,3305.682395,2779.48,203.6534068,0,-1,3430.534554,hold
2022-02-19,ETH,7.307333333e-05,4.422517809e-05,3.211360138e-05,3300.287297,2763.63,198.8574492,-1,0,,exit
2022-02-20,ETH,1.776333333e-05,3.099425571e-05,3.118777763e-05,3293.53616,2621.99,198.1276314,0,-1,3260.773623,enter_short
2022-02-21,ETH,5.333333333e-08,1.552379452e-05,2.917910381e-05,3286.31507,2568.02,198.3692291,0,0,,exit
2022-02-22,ETH,1.065666667e-05,1.309023059e-05,2.798410786e-05,3279.845364,2636.29,196.0385699,0,0,,flat
2022-02-23,ETH,5.393333333e-06,9.241781964e-06,2.652663854e-05,3272.876929,2579.71,194.7301006,0,0,,flat
2022-02-24,ETH,-3.604333333e-05,-1.340077568e-05,2.248986616e-05,3266.141994,2596.2,212.2493792,0,0,,flat
2022-02-25,ETH,0.0001,4.329961216e-05,2.749051996e-05,3261.1889,2768.49,215.8922807,-1,0,,flat
2022-02-26,ETH,0.0001,7.164980608e-05,3.216855093e-05,3256.394399,2779.47,211.2214035,-1,-1,3307.780702,enter_short
2022-02-27,ETH,6.835666667e-05,7.000323637e-05,3.450326807e-05,3250.028497,2616.79,216.0163032,-1,-1,3307.780702,hold
2022-02-28,ETH,-6.170333333e-05,4.14995152e-06,2.829639056e-05,3246.753228,2920.95,227.9422816,0,-1,3307.780702,hold
2022-03-01,ETH,0.0001,5.207497576e-05,3.292242988e-05,3244.061754,2976.33,224.7928329,-1,0,,exit
2022-03-02,ETH,0.0001,7.603748788e-05,3.725001505e-05,3241.108144,2947.3,218.0004877,-1,-1,3538.312082,enter_short
2022-03-03,ETH,0.0001,8.801874394e-05,4.129840117e-05,3237.05619,2833.99,215.7125957,-1,-1,3538.312082,hold
2022-03-04,ETH,0.0001,9.400937197e-05,4.50856011e-05,3230.935687,2622.1,219.1024103,-1,-1,3538.312082,hold
2022-03-05,ETH,3.258666667e-05,6.329801932e-05,4.427921823e-05,3225.304579,2665.15,210.2908096,-1,-1,3538.312082,hold
2022-03-06,ETH,1.431333333e-05,3.880567633e-05,4.234593534e-05,3218.596316,2551.29,205.3621803,0,-1,3538.312082,hold
2022-03-07,ETH,3.859333333e-05,3.869950483e-05,4.210383198e-05,3211.355982,2491.12,205.2648817,0,0,,exit
2022-03-08,ETH,3.325333333e-05,3.597641908e-05,4.153283207e-05,3205.032208,2575.97,200.8781044,0,0,,flat
2022-03-09,ETH,8.741333333e-05,6.169487621e-05,4.449286441e-05,3200.274334,2726.98,201.3975256,-1,0,,flat
2022-03-10,ETH,3.869666667e-05,5.019577144e-05,4.411891617e-05,3194.366725,2606.7,200.081988,-1,-1,3230.473814,enter_short
2022-03-11,ETH,1.614333333e-05,3.316955239e-05,4.231403985e-05,3188.02189,2556.86,196.8054174,0,-1,3230.473814,hold
2022-03-12,ETH,7.093333333e-05,5.205144286e-05,4.416044589e-05,3181.85905,2568.8,187.2764591,-1,0,,exit
2022-03-13,ETH,3.139333333e-05,4.17223881e-05,4.33367612e-05,3175.228583,2515.65,181.7795691,0,-1,3036.991148,enter_short
2022-03-14,ETH,3.216e-05,3.694119405e-05,4.261567984e-05,3169.398219,2589.41,176.7188856,0,0,,exit
2022-03-15,ETH,1.607666667e-05,2.650893036e-05,4.090348544e-05,3163.907748,2617.73,175.6675366,0,0,,flat
2022-03-16,ETH,8.149e-05,5.399946518e-05,4.352197025e-05,3160.025314,2773.81,176.3069983,-1,0,,flat
2022-03-17,ETH,0.0001,7.699973259e-05,4.71657141e-05,3156.560816,2811.92,170.1122127,-1,-1,3214.567496,enter_short
2022-03-18,ETH,6.875333333e-05,7.287653296e-05,4.855846373e-05,3154.394763,2938.92,173.5620547,-1,-1,3214.567496,hold
2022-03-19,ETH,0.0001,8.643826648e-05,5.187727252e-05,3152.368905,2950.84,168.0819079,-1,-1,3214.567496,hold
2022-03-20,ETH,0.0001,9.321913324e-05,5.498196462e-05,3149.472874,2861.38,166.5732002,-1,-1,3214.567496,hold
2022-03-21,ETH,0.0001,9.660956662e-05,5.7886354e-05,3146.890806,2890.03,164.0151145,-1,-1,3214.567496,hold
2022-03-22,ETH,0.0001,9.830478331e-05,6.060336342e-05,3145.126746,2969.64,164.186892,-1,-1,3214.567496,hold
2022-03-23,ETH,4.974e-05,7.402239166e-05,5.990250126e-05,3144.040683,3036,161.3556854,-1,-1,3214.567496,hold
2022-03-24,ETH,6.062333333e-05,6.732286249e-05,5.994900656e-05,3143.709463,3110.76,159.1159936,-1,-1,3214.567496,hold
2022-03-25,ETH,0.0001,8.366143125e-05,6.253294162e-05,3143.295753,3102.14,156.1277084,-1,-1,3214.567496,hold
2022-03-26,ETH,8.326333333e-05,8.346238229e-05,6.387038624e-05,3143.312714,3145,149.8543006,0,-1,3214.567496,hold
2022-03-27,ETH,2.198333333e-05,5.272285781e-05,6.116799573e-05,3144.82881,3295.65,151.5325649,1,0,,exit
2022-03-28,ETH,0.0001,7.636142891e-05,6.367328633e-05,3146.700734,3332.92,151.8616674,0,1,2916.818588,enter_long
2022-03-29,ETH,9.423e-05,8.529571445e-05,6.564468721e-05,3149.226693,3400.51,151.8851197,0,0,,exit
2022-03-30,ETH,0.0001,9.264785723e-05,6.786115901e-05,3151.581012,3385.79,149.254754,0,0,,flat
2022-03-31,ETH,0.0001,9.632392861e-05,6.993463262e-05,3152.874086,3281.51,151.6994144,0,0,,flat
2022-04-01,ETH,0.0001,9.816196431e-05,7.187433374e-05,3155.882974,3455.21,160.1930277,0,0,,flat
2022-04-02,ETH,0.0001,9.908098215e-05,7.368889285e-05,3158.74806,3443.77,155.8263829,0,0,,flat
2022-04-03,ETH,0.0001,9.954049108e-05,7.538638364e-05,3162.362283,3521.91,156.7123555,0,0,,flat
2022-04-04,ETH,7.632e-05,8.793024554e-05,7.544661695e-05,3165.916547,3519.5,155.5921873,0,0,,flat
2022-04-05,ETH,9.324666667e-05,9.05884561e-05,7.659500726e-05,3168.315725,3406.99,155.5498882,0,0,,flat
2022-04-06,ETH,3.423333333e-06,4.700589472e-05,7.18742541e-05,3168.317658,3168.51,161.947039,1,0,,flat
2022-04-07,ETH,1.164666667e-05,2.932628069e-05,6.79886033e-05,3168.903558,3227.19,159.3672505,1,1,2763.652402,enter_long
2022-04-08,ETH,-1.059e-05,9.368140346e-06,6.291901599e-05,3169.137295,3192.39,158.0195898,1,1,2763.652402,hold
2022-04-09,ETH,0.0001,5.468407017e-05,6.531133754e-05,3170.027328,3258.57,152.9553333,1,1,2763.652402,hold
2022-04-10,ETH,8.66e-05,7.064203509e-05,6.668479963e-05,3170.35587,3203.04,150.1885238,0,1,2763.652402,hold
2022-04-11,ETH,8.225333333e-05,7.644768421e-05,6.768922116e-05,3168.458869,2979.74,158.2914864,-1,0,,exit
2022-04-12,ETH,-7.802e-05,-7.86157895e-07,5.828862625e-05,3167.057647,3027.66,156.6278088,0,-1,3375.478716,enter_short
2022-04-13,ETH,-5.305333333e-05,-2.691974561e-05,5.110527402e-05,3166.572215,3118.28,154.8765368,0,0,,exit
2022-04-14,ETH,1.14e-06,-1.288987281e-05,4.788170795e-05,3165.133247,3021.98,155.863927,0,0,,flat
2022-04-15,ETH,-5.410666667e-05,-3.349826974e-05,4.130181281e-05,3163.893508,3040.56,149.5729322,0,0,,flat
2022-04-16,ETH,-6.179e-05,-4.764413487e-05,3.465072812e-05,3162.852607,3059.3,144.3227228,0,0,,flat
2022-04-17,ETH,-3.47e-06,-2.555706743e-05,3.21913263e-05,3161.113095,2988.06,141.2496711,0,0,,flat
2022-04-18,ETH,-7.612e-05,-5.083853372e-05,2.52034988e-05,3160.062648,3055.56,144.473266,0,0,,flat
2022-04-19,ETH,4.901666667e-05,-9.109335252e-07,2.673983221e-05,3159.482529,3101.77,141.343747,0,0,,flat
2022-04-20,ETH,5.496666667e-05,2.702786657e-05,2.85609183e-05,3158.652125,3076.04,140.5370508,0,0,,flat
2022-04-21,ETH,-7.841333333e-05,-2.569273338e-05,2.165935368e-05,3156.909844,2983.58,147.4765472,0,0,,flat
2022-04-22,ETH,-0.0001057366667,-6.571470002e-05,1.344025559e-05,3154.974025,2962.39,144.3689367,0,0,,flat
2022-04-23,ETH,-4.970333333e-05,-5.770901668e-05,9.366475664e-06,3152.76529,2933.03,138.6382983,0,0,,flat
2022-04-24,ETH,-4.800666667e-05,-5.285784167e-05,5.66498261e-06,3150.458821,2921,132.6619913,0,0,,flat
2022-04-25,ETH,-0.0001108766667,-8.186725417e-05,-1.853833472e-06,3149.027375,3006.62,139.5175634,0,0,,flat
2022-04-26,ETH,8.330333333e-05,7.180395818e-07,3.64017729e-06,3145.650186,2809.67,149.019166,0,0,,flat
2022-04-27,ETH,-0.00012447,-6.187598021e-05,-4.624995439e-06,3143.095681,2888.96,147.332797,0,0,,flat
2022-04-28,ETH,8.496666667e-06,-2.668965677e-05,-3.778436593e-06,3141.043984,2936.93,145.8211686,0,0,,flat
2022-04-29,ETH,8.192666667e-05,2.761850495e-05,1.750924907e-06,3137.820497,2817.13,147.5360852,-1,0,,flat
2022-04-30,ETH,-6.611333333e-05,-1.924741419e-05,-2.627414334e-06,3133.728767,2726.66,146.4527934,0,-1,3185.970213,enter_short
2022-05-01,ETH,-9.266e-05,-5.59537071e-05,-8.435968248e-06,3130.654516,2824.81,145.5468796,0,0,,exit
2022-05-02,ETH,-1.006666667e-05,-3.301018688e-05,-8.541174598e-06,3127.926629,2856.54,143.3963882,0,0,,flat
2022-05-03,ETH,7.977666667e-05,2.338323989e-05,-2.843249355e-06,3124.481114,2781.7,140.7452176,-1,0,,flat
2022-05-04,ETH,9.740333333e-05,6.039328661e-05,3.624272109e-06,3122.651599,2940.64,144.5569877,-1,-1,3133.563044,enter_short
2022-05-05,ETH,0.0001,8.019664331e-05,9.842061005e-06,3118.922921,2747.97,153.63506,-1,-1,3133.563044,hold
2022-05-06,ETH,-3.306e-05,2.356832165e-05,7.074186102e-06,3114.682822,2692.85,151.6061272,-1,-1,3133.563044,hold
2022-05-07,ETH,7.706e-05,5.031416083e-05,1.15893999e-05,3109.912611,2635.34,149.3206895,-1,-1,3133.563044,hold
2022-05-08,ETH,9.955666667e-05,7.493541375e-05,1.726470743e-05,3104.039178,2519.71,149.9406403,-1,-1,3133.563044,hold
2022-05-09,ETH,9.731e-05,8.612270687e-05,2.242891986e-05,3095.326713,2228.55,161.0720231,-1,-1,3133.563044,hold
2022-05-10,ETH,8.643666667e-05,8.627968677e-05,2.655845191e-05,3087.830459,2342.05,167.9483072,-1,-1,3133.563044,hold
2022-05-11,ETH,8.412333333e-05,8.520151005e-05,3.027231523e-05,3077.850678,2084.99,187.835571,-1,-1,3133.563044,hold
2022-05-12,ETH,-0.0004230966667,-0.0001689475783,1.022703493e-06,3066.728575,1960.22,202.6330302,0,-1,3133.563044,hold
2022-05-13,ETH,-9.285666667e-05,-0.0001309021225,-5.034030066e-06,3056.209467,2009.69,202.9670994,0,0,,exit
2022-05-14,ETH,7.012333333e-05,-3.038939458e-05,-1.851679109e-07,3046.260682,2056.48,196.9587352,0,0,,flat
2022-05-15,ETH,8.101333333e-05,2.531196938e-05,5.053445073e-06,3037.294705,2145.29,194.7702541,-1,0,,flat
2022-05-16,ETH,6.555333333e-05,4.543265136e-05,8.95666367e-06,3027.207567,2023.66,192.7273788,-1,-1,2632.215635,enter_short
2022-05-17,ETH,-2.488333333e-05,1.027465901e-05,6.773438057e-06,3017.888167,2090.72,187.1339946,-1,-1,2632.215635,hold
2022-05-18,ETH,-5.493333333e-06,2.390662839e-06,5.982033451e-06,3006.913949,1915.11,188.2472807,0,-1,2632.215635,hold
2022-05-19,ETH,-3.753333333e-06,-6.813352472e-07,5.353945271e-06,2997.088278,2019.55,184.6017607,0,0,,exit
2022-05-20,ETH,8.882333333e-05,4.407099904e-05,1.073906708e-05,2986.758637,1959.08,181.4873492,-1,0,,flat
2022-05-21,ETH,2.320666667e-05,3.363883285e-05,1.154342835e-05,2976.690925,1975.07,172.3453957,-1,-1,2412.798373,enter_short
2022-05-22,ETH,6.534666667e-05,4.949274976e-05,1.501460501e-05,2967.401301,2043.19,166.469296,-1,-1,2412.798373,hold
2022-05-23,ETH,0.0001,7.474637488e-05,2.049753372e-05,2957.508829,1973.32,163.9629177,-1,-1,2412.798373,hold
2022-05-24,ETH,-5.590333333e-05,9.421520774e-06,1.556844552e-05,2947.775415,1979.41,158.0234236,0,-1,2412.798373,hold
2022-05-25,ETH,5.884e-05,3.413076039e-05,1.836015872e-05,2937.772863,1942.63,153.0024648,-1,0,,exit
2022-05-26,ETH,-3.52e-06,1.530538019e-05,1.694853557e-05,2926.373179,1792.23,158.5744316,0,-1,2325.146162,enter_short
2022-05-27,ETH,5.065666667e-05,3.298102343e-05,1.912325371e-05,2914.440511,1727.27,155.7662579,-1,0,,exit
2022-05-28,ETH,6.502666667e-05,4.900384505e-05,2.208476422e-05,2903.272939,1792.22,150.8343823,-1,-1,2116.675645,enter_short
2022-05-29,ETH,4.531333333e-05,4.715858919e-05,2.358338158e-05,2892.429669,1813.64,144.8776407,-1,-1,2116.675645,hold
2022-05-30,ETH,6.038e-05,5.37692946e-05,2.595735696e-05,2883.536697,1998.78,149.5163807,-1,-1,2116.675645,hold
2022-05-31,ETH,9.253666667e-05,7.315298063e-05,3.02527963e-05,2874.166202,1941.9,145.368782,-1,-1,2116.675645,hold
2022-06-01,ETH,0.0001,8.657649032e-05,3.475261589e-05,2863.655505,1817.95,149.9017262,-1,-1,2116.675645,hold
2022-06-02,ETH,-9.266666667e-07,4.282491182e-05,3.24507267e-05,2853.409927,1834.08,144.23946,-1,-1,2116.675645,hold
2022-06-03,ETH,5.999666667e-05,5.141078925e-05,3.422788411e-05,2842.67959,1775.12,141.57307,-1,-1,2116.675645,hold
2022-06-04,ETH,7.666666667e-05,6.403872796e-05,3.696587009e-05,2832.349208,1804.58,136.2871365,-1,-1,2116.675645,hold
2022-06-05,ETH,4.839333333e-05,5.621603064e-05,3.770312578e-05,2822.138055,1806.23,130.632341,-1,-1,2116.675645,hold
2022-06-06,ETH,9.865666667e-05,7.743634866e-05,4.163561229e-05,2812.562011,1859.84,129.5621738,-1,-1,2116.675645,hold
2022-06-07,ETH,2.695e-05,5.219317433e-05,4.068815343e-05,2802.618439,1813.33,131.0113042,-1,-1,2116.675645,hold
2022-06-08,ETH,9.013666667e-05,7.11649205e-05,4.387838009e-05,2792.560373,1791.88,126.9026396,-1,-1,2116.675645,hold
2022-06-09,ETH,8.473666667e-05,7.795079358e-05,4.651439858e-05,2782.571857,1788.81,121.8145939,-1,-1,2116.675645,hold
2022-06-10,ETH,3.051333333e-05,5.423206346e-05,4.548207179e-05,2771.429893,1662.91,123.7128372,-1,-1,2116.675645,hold
2022-06-11,ETH,-0.0001379666667,-4.18673016e-05,3.364666931e-05,2759.104964,1532.89,128.1240631,0,-1,2116.675645,hold
2022-06-12,ETH,-7.588666667e-05,-5.887698414e-05,2.658000247e-05,2745.926981,1434.84,127.8294872,0,0,,exit
2022-06-13,ETH,-1.261333333e-05,-3.574515873e-05,2.405140016e-05,2730.640937,1209.82,139.3809524,0,0,,flat
2022-06-14,ETH,-4.042e-05,-3.808257937e-05,1.989195499e-05,2715.497866,1208.9,143.1858844,0,0,,flat
2022-06-15,ETH,-7.584e-05,-5.696128968e-05,1.371569983e-05,2700.7903,1237.52,149.7868926,0,0,,flat
2022-06-16,ETH,-1.750666667e-05,-3.723397818e-05,1.17013536e-05,2684.547165,1068.5,153.8235432,0,0,,flat
2022-06-17,ETH,-0.0001100733333,-7.365365575e-05,3.844922188e-06,2668.64918,1086.94,147.6140044,0,0,,flat
2022-06-18,ETH,-0.0001468233333,-0.0001102384945,-5.875610426e-06,2651.9958,995.13,152.5001469,0,0,,flat
2022-06-19,ETH,-8.804e-05,-9.913924727e-05,-1.117653879e-05,2636.835631,1128.53,157.4979936,0,0,,flat
2022-06-20,ETH,5.422666667e-05,-2.24562903e-05,-6.956977144e-06,2621.823449,1128.24,154.6052797,0,0,,flat
2022-06-21,ETH,5.347666667e-05,1.551018818e-05,-3.058032382e-06,2606.936885,1125.85,149.6170455,-1,0,,flat
2022-06-22,ETH,-5.373333333e-05,-1.911157258e-05,-6.327406637e-06,2591.445572,1050.19,144.9072565,0,-1,1499.902614,enter_short
2022-06-23,ETH,-7.018333333e-05,-4.464745295e-05,-1.044714384e-05,2577.049102,1144.72,142.3924525,0,0,,exit
2022-06-24,ETH,7.349666667e-05,1.442460686e-05,-5.031414133e-06,2563.594974,1225.02,140.3237059,-1,0,,flat
2022-06-25,ETH,-4.333333333e-07,6.995636761e-06,-4.734763758e-06,2550.447292,1242.36,135.7841554,-1,-1,1575.829265,enter_short
2022-06-26,ETH,1.438333333e-05,1.068948505e-05,-3.50133814e-06,2536.986934,1197.79,132.1852872,-1,-1,1575.829265,hold
2022-06-27,ETH,-6.060333333e-05,-2.495692414e-05,-7.18533783e-06,2523.607991,1192.51,127.4891953,0,-1,1575.829265,hold
2022-06-28,ETH,1.605666667e-05,-4.450128738e-06,-5.685853669e-06,2509.879966,1144.05,125.644967,-1,0,,exit
2022-06-29,ETH,2.015666667e-05,7.853268964e-06,-4.018594292e-06,2495.852306,1100.21,121.6260408,-1,-1,1458.162418,enter_short
2022-06-30,ETH,-8.330333333e-05,-3.772503218e-05,-9.133738746e-06,2481.673677,1071.01,120.6970379,0,-1,1458.162418,hold
2022-07-01,ETH,-6.079333333e-05,-4.925918276e-05,-1.246661582e-05,2467.523904,1059.73,118.0443923,0,0,,exit
2022-07-02,ETH,-3.085e-05,-4.005459138e-05,-1.36526406e-05,2453.587388,1067.01,113.2262214,0,0,,flat
2022-07-03,ETH,2.7e-06,-1.867729569e-05,-1.259763153e-05,2439.86171,1074.26,108.5357771,0,0,,flat
2022-07-04,ETH,2e-06,-8.338647845e-06,-1.165584885e-05,2427.036265,1151,109.0353644,-1,0,,flat
2022-07-05,ETH,2.288333333e-05,7.272342744e-06,-9.427514517e-06,2414.154362,1132.5,108.2871241,-1,-1,1423.598411,enter_short
2022-07-06,ETH,8.124333333e-05,4.425783804e-05,-3.577782398e-06,2401.938705,1186.57,107.2351867,-1,-1,1423.598411,hold
2022-07-07,ETH,8.963666667e-05,6.694725235e-05,2.436053026e-06,2390.351318,1237.49,106.0833876,-1,-1,1423.598411,hold
2022-07-08,ETH,8.501666667e-05,7.598195951e-05,7.763834551e-06,2378.645894,1214.04,104.4567171,-1,-1,1423.598411,hold
2022-07-09,ETH,3.669666667e-05,5.633931309e-05,9.630468881e-06,2367.086613,1217.02,99.19052299,-1,-1,1423.598411,hold
2022-07-10,ETH,7.049333333e-05,6.341632321e-05,1.35571053e-05,2355.158152,1168.36,96.88762849,-1,-1,1423.598411,hold
2022-07-11,ETH,3.729e-05,5.035316161e-05,1.508825979e-05,2342.63233,1096.4,95.65136932,-1,-1,1423.598411,hold
2022-07-12,ETH,-2.059e-05,1.48815808e-05,1.278643658e-05,2329.655798,1038.58,93.44770008,-1,-1,1423.598411,hold
2022-07-13,ETH,-0.00016783,-7.64742096e-05,1.133763254e-06,2317.568852,1115,94.83429293,0,-1,1423.598411,hold
2022-07-14,ETH,-5.558e-05,-6.60271048e-05,-2.525189214e-06,2306.382541,1193.42,98.24184344,0,0,,exit
2022-07-15,ETH,4.738e-05,-9.3235524e-06,6.945004125e-07,2295.683994,1231.25,98.85099748,0,0,,flat
2022-07-16,ETH,5.383e-05,2.22532238e-05,4.12259716e-06,2286.331798,1355.85,108.3387834,-1,0,,flat
2022-07-17,ETH,3.123e-05,2.67416119e-05,5.871461859e-06,2276.901515,1338.65,105.4545846,-1,-1,1626.686958,enter_short
2022-07-18,ETH,1.456e-05,2.065080595e-05,6.432012707e-06,2269.977073,1581.04,116.5935428,-1,-1,1626.686958,hold
2022-07-19,ETH,8.080666667e-05,5.072873631e-05,1.123037748e-05,2262.736243,1542.32,118.1147183,-1,0,,exit
2022-07-20,ETH,1.376333333e-05,3.224603482e-05,1.139379399e-05,2255.361088,1521.58,119.4043813,-1,-1,1837.616796,enter_short
2022-07-21,ETH,0.0001,6.612301741e-05,1.711032341e-05,2248.595381,1575.45,121.0483541,-1,-1,1837.616796,hold
2022-07-22,ETH,9.772333333e-05,8.192317537e-05,2.231116276e-05,2241.497176,1535.27,121.9691859,-1,-1,1837.616796,hold
2022-07-23,ETH,7.334666667e-05,7.763492102e-05,2.560377591e-05,2234.602951,1548.67,121.0078155,-1,-1,1837.616796,hold
2022-07-24,ETH,0.0001,8.881746051e-05,3.04035323e-05,2228.265224,1597.7,120.8408287,-1,-1,1837.616796,hold
2022-07-25,ETH,5.433333333e-05,7.157539692e-05,3.194739044e-05,2220.429179,1440.79,124.6357695,-1,-1,1837.616796,hold
2022-07-26,ETH,7.947e-05,7.552269846e-05,3.501336525e-05,2212.754004,1449.12,122.7289288,-1,-1,1837.616796,hold
2022-07-27,ETH,4.09e-05,5.821134923e-05,3.539314813e-05,2207.012233,1635.74,129.9347196,-1,-1,1837.616796,hold
2022-07-28,ETH,0.0001,7.910567462e-05,3.956133212e-05,2202.211035,1724.52,134.3336682,-1,-1,1837.616796,hold
2022-07-29,ETH,0.0001,8.955283731e-05,4.346060102e-05,2197.429356,1721.68,132.6648348,-1,-1,1837.616796,hold
2022-07-30,ETH,8.349666667e-05,8.652475199e-05,4.6043573e-05,2192.449675,1697,128.3202037,-1,-1,1837.616796,hold
2022-07-31,ETH,6.653e-05,7.652737599e-05,4.736527796e-05,2187.331677,1678.12,125.4894749,-1,-1,1837.616796,hold
2022-08-01,ETH,8.702666667e-05,8.177702133e-05,4.992407724e-05,2181.788564,1630.28,123.5659409,-1,-1,1837.616796,hold
2022-08-02,ETH,4.403333333e-05,6.290517733e-05,4.954402924e-05,2176.306882,1630.91,123.2198023,-1,-1,1837.616796,hold
2022-08-03,ETH,1.403e-05,3.846758867e-05,4.725280155e-05,2170.752876,1618.16,121.2269593,0,-1,1837.616796,hold
2022-08-04,ETH,5.334666667e-05,4.590712767e-05,4.764595414e-05,2165.152643,1607.96,118.4536051,0,0,,exit
2022-08-05,ETH,9.216333333e-05,6.90352305e-05,5.051804312e-05,2160.890298,1736.81,119.7376333,-1,0,,flat
2022-08-06,ETH,0.0001,8.451761525e-05,5.371042743e-05,2156.210543,1690.6,115.8042309,-1,-1,2036.154083,enter_short
2022-08-07,ETH,3.507666667e-05,5.979714096e-05,5.250824932e-05,2151.672786,1700.19,111.9460715,-1,-1,2036.154083,hold
2022-08-08,ETH,3.825e-05,4.902357048e-05,5.158836227e-05,2147.945001,1777.05,112.8163521,0,-1,2036.154083,hold
2022-08-09,ETH,-2.892333333e-05,1.005011857e-05,4.639405932e-05,2143.515071,1702.76,113.5366127,0,0,,exit
2022-08-10,ETH,-1.204333333e-05,-9.966073802e-07,4.262390496e-05,2140.629897,1853.57,121.7282832,0,0,,flat
2022-08-11,ETH,5.391666667e-05,2.646002964e-05,4.335247023e-05,2138.038324,1880.19,119.5819773,0,0,,flat
2022-08-12,ETH,5.372666667e-05,4.009334815e-05,4.402177323e-05,2136.249594,1958.28,119.0154075,0,0,,flat
2022-08-13,ETH,4.819e-05,4.414167408e-05,4.429069108e-05,2134.73012,1983.55,115.7643069,0,0,,flat
2022-08-14,ETH,3.885e-05,4.149583704e-05,4.393967875e-05,2132.745743,1935.31,116.3525707,0,0,,flat
2022-08-15,ETH,-2.54e-05,8.047918519e-06,3.946615109e-05,2130.420398,1899.06,118.0531014,0,0,,flat
2022-08-16,ETH,7.666666667e-07,4.407292593e-06,3.696941016e-05,2127.895397,1876.67,114.0493084,0,0,,flat
2022-08-17,ETH,5.529e-05,2.98486463e-05,3.81513837e-05,2124.973413,1834.25,115.952215,0,0,,flat
2022-08-18,ETH,5.075333333e-05,4.030098981e-05,3.896441271e-05,2122.201307,1846.39,112.0356282,-1,0,,flat
2022-08-19,ETH,5.57e-05,4.800049491e-05,4.004412802e-05,2117.094687,1609.01,121.5780833,-1,-1,2126.47907,enter_short
2022-08-20,ETH,6.016666667e-06,2.700858079e-05,3.784880793e-05,2111.710809,1576.04,122.4232202,0,-1,2126.47907,hold
2022-08-21,ETH,-1.785e-05,4.579290394e-06,3.425533645e-05,2106.799332,1618.13,119.6915616,0,0,,exit
2022-08-22,ETH,2.920666667e-05,1.689297853e-05,3.392961582e-05,2102.001708,1624.66,118.2707358,0,0,,flat
2022-08-23,ETH,-1.518666667e-05,8.531559317e-07,3.07608234e-05,2097.657317,1665.41,117.844969,0,0,,flat
2022-08-24,ETH,-3.551333333e-05,-1.73300887e-05,2.648507135e-05,2093.268094,1656.56,115.799614,0,0,,flat
2022-08-25,ETH,-2.82e-05,-2.276504435e-05,2.295700223e-05,2089.306147,1695.11,112.408213,0,0,,flat
2022-08-26,ETH,5.335e-05,1.529247782e-05,2.49178408e-05,2083.523545,1508.18,120.0647692,0,0,,flat
2022-08-27,ETH,-0.00018568,-8.519376109e-05,1.133088333e-05,2077.628131,1491.06,116.553,0,0,,flat
2022-08-28,ETH,-0.0001678566667,-0.0001265252139,-2.296037673e-07,2071.151554,1426.76,114.4420714,0,0,,flat
2022-08-29,ETH,-0.00016169,-0.0001441076069,-1.064640352e-05,2065.983658,1551.8,116.1183521,0,0,,flat
2022-08-30,ETH,-7.316333333e-05,-0.0001086354701,-1.467975383e-05,2060.596431,1524.59,117.2898983,0,0,,flat
2022-08-31,ETH,-1.357e-05,-6.110273507e-05,-1.460815681e-05,2055.556456,1554.1,115.7113342,0,0,,flat
2022-09-01,ETH,-2.784333333e-05,-4.44730342e-05,-1.546203917e-05,2050.885653,1586.16,113.6055246,0,0,,flat
2022-09-02,ETH,2.306666667e-05,-1.070318377e-05,-1.297631621e-05,2046.153762,1575.35,112.89013,-1,0,,flat
2022-09-03,ETH,-0.00010727,-5.898659188e-05,-1.905977968e-05,2041.290942,1557.46,108.285835,0,-1,1857.575325,enter_short
2022-09-04,ETH,-3.957333333e-05,-4.927996261e-05,-2.038323476e-05,2036.693635,1579.28,103.622561,0,0,,exit
2022-09-05,ETH,-4.806333333e-05,-4.867164797e-05,-2.216904757e-05,2032.525375,1617.8,101.6088067,0,0,,flat
2022-09-06,ETH,-0.00010737,-7.802082399e-05,-2.766588321e-05,2027.813595,1559.01,103.8081776,0,0,,flat
2022-09-07,ETH,-0.0002087766667,-0.0001433987453,-3.935044988e-05,2023.855097,1630,108.3104507,0,0,,flat
2022-09-08,ETH,-2.021333333e-05,-8.180603933e-05,-3.81157972e-05,2019.989426,1635.37,105.466847,0,0,,flat
2022-09-09,ETH,-8.195e-05,-8.187801966e-05,-4.094381029e-05,2016.986731,1718.23,106.1920723,0,0,,flat
2022-09-10,ETH,-0.0001389,-0.0001103890098,-4.726356446e-05,2014.570056,1774.12,104.5333528,0,0,,flat
2022-09-11,ETH,-0.0001995266667,-0.0001549578382,-5.708699041e-05,2012.097724,1766.11,101.9881133,0,0,,flat
2022-09-12,ETH,-0.0003365133333,-0.0002457355858,-7.511449641e-05,2009.155052,1716.37,101.1318195,0,0,,flat
2022-09-13,ETH,-0.0004100066667,-0.0003278711262,-9.672044287e-05,2004.828973,1574.4,108.1916895,0,0,,flat
2022-09-14,ETH,-0.001552606667,-0.0009402388964,-0.0001906485863,2001.182683,1638.39,107.2229974,0,0,,flat
2022-09-15,ETH,-0.00176439,-0.001352314448,-0.0002921802905,1995.924458,1472.75,113.6499262,0,0,,flat
2022-09-16,ETH,2.996333333e-05,-0.0006611755574,-0.0002713968309,1990.331977,1433.9,111.09136,0,0,,flat
2022-09-17,ETH,6.474666667e-05,-0.0002982144454,-0.0002497101536,1985.142721,1468.83,107.9426915,0,0,,flat
2022-09-18,ETH,5.139e-05,-0.0001234122227,-0.0002302843372,1978.66854,1334.51,110.5239278,-1,0,,flat
2022-09-19,ETH,-6.836333333e-05,-9.588777801e-05,-0.0002198378209,1972.671433,1375.98,110.7257901,-1,-1,1610.819819,enter_short
2022-09-20,ETH,-7.533e-05,-8.560888901e-05,-0.0002105147356,1966.206124,1322.93,107.9646622,-1,-1,1610.819819,hold
2022-09-21,ETH,-4.596666667e-05,-6.578777784e-05,-0.0001998987312,1959.037464,1245.78,113.7457578,-1,-1,1610.819819,hold
2022-09-22,ETH,-0.0002023933333,-0.0001340905556,-0.0002000596733,1952.742952,1326.46,113.6753465,-1,-1,1610.819819,hold
2022-09-23,ETH,-3.752333333e-05,-8.580694446e-05,-0.0001895734578,1946.518936,1327.25,112.5449646,-1,-1,1610.819819,hold
2022-09-24,ETH,-7.186666667e-06,-4.649680556e-05,-0.000177806568,1940.256155,1317.13,107.5638957,-1,-1,1610.819819,hold
2022-09-25,ETH,-1.240333333e-05,-2.945006945e-05,-0.0001671353916,1933.831807,1294.63,104.7186174,-1,-1,1610.819819,hold
2022-09-26,ETH,3.014666667e-05,3.482986093e-07,-0.0001544075169,1927.884733,1336.17,101.7080019,-1,-1,1610.819819,hold
2022-09-27,ETH,1.758e-05,8.964149305e-06,-0.000143311548,1921.91574,1328.02,101.3181446,-1,-1,1610.819819,hold
2022-09-28,ETH,-3.646333333e-05,-1.374959201e-05,-0.0001364181148,1916.097491,1337.2,101.4025629,-1,-1,1610.819819,hold
2022-09-29,ETH,6.051e-05,2.338020399e-05,-0.0001237130752,1910.322212,1335.7,98.69523696,-1,-1,1610.819819,hold
2022-09-30,ETH,6.115333333e-05,4.226676866e-05,-0.0001117862101,1904.534948,1328.72,95.91986289,-1,-1,1610.819819,hold
2022-10-01,ETH,6.719666667e-05,5.473171766e-05,-0.0001002389277,1898.636808,1311.79,91.28344411,-1,-1,1610.819819,hold
2022-10-02,ETH,1.150333333e-05,3.31175255e-05,-9.30297496e-05,1892.448395,1276.72,88.18676953,-1,-1,1610.819819,hold
2022-10-03,ETH,-3.33e-06,1.489376275e-05,-8.724266898e-05,1886.782968,1323.09,86.66342885,-1,-1,1610.819819,hold
2022-10-04,ETH,7.144333333e-05,4.316854804e-05,-7.700486238e-05,1881.556018,1361.49,84.10818393,-1,-1,1610.819819,hold
2022-10-05,ETH,-2.843333333e-06,2.016260735e-05,-7.22202476e-05,1876.28864,1352.2,81.56331365,-1,-1,1610.819819,hold
2022-10-06,ETH,2.152e-05,2.084130368e-05,-6.617248969e-05,1871.072284,1352.06,78.52164839,-1,-1,1610.819819,hold
2022-10-07,ETH,1.931666667e-05,2.007898517e-05,-6.065706025e-05,1865.699271,1331.1,76.09081636,-1,-1,1610.819819,hold
2022-10-08,ETH,7.278666667e-05,4.643282592e-05,-5.204778754e-05,1860.224297,1315.48,73.07290091,-1,-1,1610.819819,hold
2022-10-09,ETH,1.853333333e-06,2.414307963e-05,-4.857029587e-05,1854.879925,1323.13,69.40626513,-1,-1,1610.819819,hold
2022-10-10,ETH,3.295e-05,2.854653981e-05,-4.331092195e-05,1849.259372,1290.03,68.02010333,-1,-1,1610.819819,hold
2022-10-11,ETH,5.03e-05,3.942326991e-05,-3.727150763e-05,1843.596038,1280.11,65.37509595,-1,-1,1610.819819,hold
2022-10-12,ETH,2.656666667e-05,3.299496829e-05,-3.315291574e-05,1838.13165,1294.44,62.96401767,-1,-1,1610.819819,hold
2022-10-13,ETH,-6.728333333e-05,-1.714418252e-05,-3.535487816e-05,1832.648401,1287.08,66.43658784,-1,-1,1610.819819,hold
2022-10-14,ETH,6.733333333e-05,2.50945754e-05,-2.872983226e-05,1827.31116,1296.27,65.95754585,-1,-1,1610.819819,hold
2022-10-15,ETH,1.533666667e-05,2.021562104e-05,-2.588683233e-05,1821.814585,1274.92,63.96414972,-1,-1,1610.819819,hold
2022-10-16,ETH,-1.333333333e-06,9.441143851e-06,-2.430273562e-05,1816.68147,1305.95,62.30099617,-1,-1,1610.819819,hold
2022-10-17,ETH,3.318333333e-05,2.131223859e-05,-2.059395698e-05,1811.852673,1331.4,60.91735358,-1,-1,1610.819819,hold
2022-10-18,ETH,6.816e-05,4.47361193e-05,-1.486789524e-05,1806.866051,1310.71,60.49539976,-1,-1,1610.819819,hold
2022-10-19,ETH,6.932e-05,5.702805965e-05,-9.436418126e-06,1801.674117,1285.09,58.54501406,-1,-1,1610.819819,hold
2022-10-20,ETH,6.51e-06,3.176902982e-05,-8.407616956e-06,1796.508772,1282.57,57.25679877,-1,-1,1610.819819,hold
2022-10-21,ETH,4.844666667e-05,4.010784825e-05,-4.739598658e-06,1791.565776,1299.75,57.04702743,-1,-1,1610.819819,hold
2022-10-22,ETH,-6.513333333e-06,1.679725746e-05,-4.854033153e-06,1786.80988,1313.61,54.82081118,-1,-1,1610.819819,hold
2022-10-23,ETH,4.459e-05,3.069362873e-05,-1.66409553e-06,1782.604703,1364.2,56.05575324,-1,-1,1610.819819,hold
2022-10-24,ETH,5.529666667e-05,4.29951477e-05,2.010792353e-06,1778.236491,1343.61,55.36819944,-1,-1,1610.819819,hold
2022-10-25,ETH,-4.433333333e-07,2.127590718e-05,1.852461664e-06,1775.067296,1459.74,65.00047091,-1,-1,1610.819819,hold
2022-10-26,ETH,5.849333333e-05,3.988462026e-05,5.506711449e-06,1772.98797,1566.1,70.18258013,-1,-1,1610.819819,hold
2022-10-27,ETH,3.311333333e-05,3.64989768e-05,7.287783829e-06,1770.411413,1514.05,70.5538244,-1,-1,1610.819819,hold
2022-10-28,ETH,2.728e-05,3.18894884e-05,8.577604227e-06,1768.262095,1554.41,72.30569409,-1,-1,1610.819819,hold
2022-10-29,ETH,8.136666667e-05,5.662807753e-05,1.327367277e-05,1766.782339,1619.55,75.3838588,-1,0,,exit
2022-10-30,ETH,9.010333333e-05,7.336570543e-05,1.823042507e-05,1765.027648,1590.44,74.53501174,-1,-1,1808.009647,enter_short
2022-10-31,ETH,5.34e-05,6.338285272e-05,2.04994299e-05,1763.113798,1572.69,75.66608233,-1,-1,1808.009647,hold
2022-11-01,ETH,-1.195e-05,2.571642636e-05,1.840591829e-05,1761.276605,1578.48,73.77779074,-1,-1,1808.009647,hold
2022-11-02,ETH,5.468e-05,4.019821318e-05,2.074618163e-05,1758.859272,1518.34,77.03366283,-1,-1,1808.009647,hold
2022-11-03,ETH,-5.456333333e-05,-7.182560077e-06,1.588750324e-05,1756.592065,1531.01,74.66268691,0,-1,1808.009647,hold
2022-11-04,ETH,6.897e-05,3.089371996e-05,1.931218045e-05,1755.479483,1644.78,80.15820927,-1,0,,exit
2022-11-05,ETH,5.496666667e-05,4.293019331e-05,2.161246989e-05,1754.200854,1626.98,77.68619433,-1,-1,1845.175523,enter_short
2022-11-06,ETH,7.346666667e-05,5.819842999e-05,2.495790194e-05,1752.350955,1568.29,77.46789473,-1,-1,1845.175523,hold
2022-11-07,ETH,4.107333333e-05,4.963588166e-05,2.599760719e-05,1750.517574,1568.1,76.43518796,-1,-1,1845.175523,hold
2022-11-08,ETH,-3.128e-05,9.177940831e-06,2.230227769e-05,1746.380696,1334.77,95.7598174,0,-1,1845.175523,hold
2022-11-09,ETH,-0.0003511566667,-0.0001709893629,-1.791847749e-06,1739.97608,1102.73,107.7505447,0,0,,exit
2022-11-10,ETH,-0.0004330433333,-0.0003020163481,-2.961452424e-05,1735.590955,1299.28,118.9162201,0,0,,flat
2022-11-11,ETH,-9.183e-05,-0.0001969231741,-3.36284259e-05,1731.14996,1289.28,118.1893472,0,0,,flat
2022-11-12,ETH,8.277333333e-05,-5.707492036e-05,-2.611863498e-05,1726.434443,1257.25,113.5658224,0,0,,flat
2022-11-13,ETH,-3.708333333e-05,-4.707912685e-05,-2.682603488e-05,1721.410021,1221.49,110.708978,0,0,,flat
2022-11-14,ETH,3.433666667e-05,-6.371230091e-06,-2.288005413e-05,1716.652415,1243.28,111.3776224,-1,0,,flat
2022-11-15,ETH,-2.63e-05,-1.633561505e-05,-2.31006958e-05,1712.041157,1253.23,107.4927922,-1,-1,1521.734056,enter_short
2022-11-16,ETH,-4.524666667e-05,-3.079114086e-05,-2.452946811e-05,1707.107021,1216.17,105.6440214,0,-1,1521.734056,hold
2022-11-17,ETH,-5.895e-05,-4.487057043e-05,-2.675014759e-05,1702.065363,1200.43,101.4673055,0,0,,exit
2022-11-18,ETH,-6.912666667e-05,-5.699861855e-05,-2.948411656e-05,1697.19477,1212.58,96.70678372,0,0,,flat
2022-11-19,ETH,5.628e-05,-3.593092737e-07,-2.395094775e-05,1692.42329,1217.67,92.46558489,-1,0,,flat
2022-11-20,ETH,1.366333333e-05,6.65201203e-06,-2.152421994e-05,1686.94843,1142.21,92.60518597,-1,-1,1448.833962,enter_short
2022-11-21,ETH,-5.987666667e-05,-2.661232732e-05,-2.399857134e-05,1681.181077,1107.34,90.79267268,0,-1,1448.833962,hold
2022-11-22,ETH,-1.025333333e-05,-1.843283033e-05,-2.311178179e-05,1675.792113,1139.6,89.38819606,-1,0,,exit
2022-11-23,ETH,-2.468333333e-05,-2.155808183e-05,-2.321317222e-05,1670.903745,1184.52,87.44975349,-1,-1,1363.06049,enter_short
2022-11-24,ETH,8.736666667e-06,-6.410707581e-06,-2.115189229e-05,1666.255168,1203.73,83.85405681,-1,-1,1363.06049,hold
2022-11-25,ETH,2.665666667e-05,1.012297954e-05,-1.806746913e-05,1661.608766,1199.3,80.47662418,-1,-1,1363.06049,hold
2022-11-26,ETH,-5.564e-05,-2.275851023e-05,-2.049150338e-05,1657.071287,1205.6,77.54686531,0,-1,1363.06049,hold
2022-11-27,ETH,-4.11e-05,-3.192925511e-05,-2.182108381e-05,1652.462339,1193.88,74.48494636,0,0,,exit
2022-11-28,ETH,-4.844e-05,-4.018462756e-05,-2.353843324e-05,1647.639447,1167.77,72.60959305,0,0,,flat
2022-11-29,ETH,5.592666667e-05,7.871019555e-06,-1.84116526e-05,1643.349331,1216.49,72.4303364,-1,0,,flat
2022-11-30,ETH,9.739333333e-05,5.263217644e-05,-1.094036318e-05,1639.877737,1294.46,74.20459809,-1,-1,1397.565841,enter_short
2022-12-01,ETH,3.885333333e-05,4.574275489e-05,-7.727866634e-06,1636.261083,1276.41,71.55641251,-1,-1,1397.565841,hold
2022-12-02,ETH,4.875333333e-05,4.724804411e-05,-4.083918249e-06,1632.871265,1295.59,68.72666876,-1,-1,1397.565841,hold
2022-12-03,ETH,-1.837e-05,1.443902206e-05,-5.005600943e-06,1628.96711,1240.51,69.01333528,-1,-1,1397.565841,hold
2022-12-04,ETH,-5.156666667e-06,4.641177694e-06,-5.015347119e-06,1625.488874,1279.41,67.44738276,-1,-1,1397.565841,hold
2022-12-05,ETH,2.895e-05,1.679558885e-05,-2.824034401e-06,1621.84624,1259.41,66.80828399,-1,-1,1397.565841,hold
2022-12-06,ETH,3.311333333e-05,2.495446109e-05,-5.054945475e-07,1618.358362,1271.32,64.40769227,-1,-1,1397.565841,hold
2022-12-07,ETH,2.797e-05,2.646223055e-05,1.331634133e-06,1614.505781,1231.18,64.14142854,-1,-1,1397.565841,hold
2022-12-08,ETH,5.716666667e-06,1.608944861e-05,1.614539458e-06,1611.179105,1280.18,64.60061222,-1,-1,1397.565841,hold
2022-12-09,ETH,7.251666667e-05,4.430305764e-05,6.188870245e-06,1607.715579,1263.1,63.31771134,-1,-1,1397.565841,hold
2022-12-10,ETH,3.858e-05,4.144152882e-05,8.278620552e-06,1604.318855,1266.35,60.51001768,-1,-1,1397.565841,hold
2022-12-11,ETH,3.39e-06,2.241576441e-05,7.963225678e-06,1600.922696,1263.01,58.25215927,-1,-1,1397.565841,hold
2022-12-12,ETH,-4.026666667e-06,9.194548871e-06,7.189684236e-06,1597.683616,1275.4,56.86771932,-1,-1,1397.565841,hold
2022-12-13,ETH,9.649666667e-05,5.284560777e-05,1.295142504e-05,1594.92742,1320.69,59.51288223,-1,-1,1397.565841,hold
2022-12-14,ETH,0.0001,7.642280388e-05,1.856746213e-05,1592.066808,1307.44,58.95624778,-1,-1,1397.565841,hold
2022-12-15,ETH,0.0001,8.821140194e-05,2.382117425e-05,1588.827688,1266.54,58.45008723,-1,-1,1397.565841,hold
2022-12-16,ETH,5.406666667e-05,7.11390343e-05,2.577249634e-05,1584.628647,1166.83,63.185081,-1,-1,1397.565841,hold
2022-12-17,ETH,1.893666667e-05,4.503785049e-05,2.533147507e-05,1580.673679,1187.16,60.67971807,-1,-1,1397.565841,hold
2022-12-18,ETH,5.986666667e-05,5.245225858e-05,2.755955195e-05,1576.717269,1183.06,58.43259535,-1,-1,1397.565841,hold
2022-12-19,ETH,-1.142e-05,2.051612929e-05,2.504474215e-05,1572.648583,1167.82,57.43669568,0,-1,1397.565841,hold
2022-12-20,ETH,7.474e-05,4.762806464e-05,2.825088782e-05,1569.109146,1216.94,58.14478885,-1,0,,exit
2022-12-21,ETH,6.588666667e-05,5.675736566e-05,3.067900258e-05,1565.573484,1213.78,55.44658964,-1,-1,1362.311972,enter_short
2022-12-22,ETH,8.874333333e-05,7.275034949e-05,3.442508844e-05,1562.11211,1217.71,55.44683324,-1,-1,1362.311972,hold
2022-12-23,ETH,5.58e-05,6.427517475e-05,3.580411499e-05,1558.707865,1219.99,53.05705944,-1,-1,1362.311972,hold
2022-12-24,ETH,5.764666667e-05,6.096092071e-05,3.721331187e-05,1555.341672,1220.41,50.21726948,-1,-1,1362.311972,hold
2022-12-25,ETH,3.333333333e-06,3.214712702e-05,3.50275068e-05,1551.99007,1218.51,48.9031788,0,-1,1362.311972,hold
2022-12-26,ETH,3.526333333e-05,3.370523018e-05,3.504272142e-05,1548.767341,1228.11,46.79723746,0,0,,exit
2022-12-27,ETH,6.590666667e-05,4.980594842e-05,3.703394369e-05,1545.411902,1211.55,45.82243478,-1,0,,flat
2022-12-28,ETH,4.633666667e-05,4.807130754e-05,3.763411937e-05,1541.876913,1190.15,45.02940373,-1,-1,1326.106087,enter_short
2022-12-29,ETH,8.611666667e-05,6.709398711e-05,4.076202565e-05,1538.479986,1200.49,43.22730346,-1,-1,1326.106087,hold
2022-12-30,ETH,0.0001,8.354699355e-05,4.458383044e-05,1535.111885,1199.99,41.64463893,-1,-1,1326.106087,hold
2022-12-31,ETH,0.0001,9.177349678e-05,4.815906719e-05,1531.738889,1196.13,39.87002186,-1,-1,1326.106087,hold
2023-01-01,ETH,0.0001,9.588674839e-05,5.15036435e-05,1528.441348,1200.34,38.02930601,-1,-1,1326.106087,hold
2023-01-02,ETH,8.780666667e-05,9.184670753e-05,5.384577403e-05,1525.312541,1214,37.54792701,-1,-1,1326.106087,hold
2023-01-03,ETH,3.022e-05,6.103335376e-05,5.232153054e-05,1522.220339,1214.55,35.93450365,-1,-1,1326.106087,hold
2023-01-04,ETH,9.203e-05,7.653167688e-05,5.488336728e-05,1519.580305,1256.9,37.64561054,-1,-1,1326.106087,hold
2023-01-05,ETH,0.0001,8.826583844e-05,5.779411778e-05,1516.910221,1251.24,36.18092407,-1,-1,1326.106087,hold
2023-01-06,ETH,0.0001,9.413291922e-05,6.051707792e-05,1514.444817,1269.14,36.50371521,-1,-1,1326.106087,hold
2023-01-07,ETH,5.611e-05,7.512145961e-05,6.023275031e-05,1511.953497,1264.07,34.59559269,-1,-1,1326.106087,hold
2023-01-08,ETH,6.538e-05,7.025072981e-05,6.056483094e-05,1509.746572,1290.16,34.85519321,-1,-1,1326.106087,hold
2023-01-09,ETH,7.309666667e-05,7.167369824e-05,6.137333647e-05,1507.862406,1320.39,36.6133937,-1,0,,exit
2023-01-10,ETH,0.0001,8.583684912e-05,6.386537928e-05,1506.148532,1335.62,36.20457986,-1,-1,1411.933484,enter_short
2023-01-11,ETH,7.592666667e-05,8.088175789e-05,6.464352685e-05,1504.986743,1389.39,39.1156813,-1,-1,1411.933484,hold
2023-01-12,ETH,0.0001,9.044087895e-05,6.692458963e-05,1504.100497,1415.92,41.75598978,-1,0,,exit
2023-01-13,ETH,0.0001,9.522043947e-05,6.905848708e-05,1503.574118,1451.2,43.27127622,-1,-1,1520.299974,enter_short
2023-01-14,ETH,0.00039198,0.0002436002197,8.989213307e-05,1504.035077,1549.9,50.95475649,0,0,,exit
2023-01-15,ETH,0.00020572,0.0002246601099,9.736489868e-05,1504.517519,1552.52,50.9315596,0,0,,flat
2023-01-16,ETH,0.0001139433333,0.0001693017216,9.843447511e-05,1505.238148,1576.94,53.23573392,0,0,,flat
2023-01-17,ETH,0.0001,0.0001346508608,9.853547672e-05,1505.838471,1565.57,54.27961006,0,0,,flat
2023-01-18,ETH,0.0001,0.0001173254304,9.862996209e-05,1505.894109,1511.43,58.1603522,0,0,,flat
2023-01-19,ETH,0.0001,0.0001086627152,9.871835163e-05,1506.343824,1551.09,57.95461276,0,0,,flat
2023-01-20,ETH,0.0001,0.0001043313576,9.880103862e-05,1507.85803,1658.52,62.94928328,0,0,,flat
2023-01-21,ETH,0.0001,0.0001021656788,9.887839097e-05,1509.040151,1626.66,62.95647733,0,0,,flat
2023-01-22,ETH,0.0001,0.0001010828394,9.895075284e-05,1510.21827,1627.44,62.73744323,0,0,,flat
2023-01-23,ETH,0.0001011866667,0.000101134753,9.909500535e-05,1511.373224,1626.29,62.74191157,0,0,,flat
2023-01-24,ETH,0.0001,0.0001005673765,9.91533921e-05,1511.816978,1555.97,65.86463218,0,0,,flat
2023-01-25,ETH,0.0001,0.0001002836883,9.920801196e-05,1512.813236,1611.94,69.94572988,0,0,,flat
2023-01-26,ETH,0.0001,0.0001001418441,9.925910797e-05,1513.69162,1601.09,68.90746346,0,0,,flat
2023-01-27,ETH,0.0001,0.0001000709221,9.930690745e-05,1514.526736,1597.62,68.87550178,0,0,,flat
2023-01-28,ETH,0.0001,0.000100035461,9.93516231e-05,1515.09961,1572.1,67.58725166,0,0,,flat
2023-01-29,ETH,0.0001,0.0001000177305,9.939345387e-05,1516.389377,1644.72,69.45030511,0,0,,flat
2023-01-30,ETH,0.0001,0.0001000088653,9.943258588e-05,1516.885009,1566.2,72.52742617,0,0,,flat
2023-01-31,ETH,0.0001,0.0001000044326,9.946919324e-05,1517.56606,1585.33,70.45761002,0,0,,flat
2023-02-01,ETH,0.0001,0.0001000022163,9.950343884e-05,1518.801036,1641.68,72.03849502,0,0,,flat
2023-02-02,ETH,0.0001,0.0001000011082,9.953547504e-05,1520.038051,1643.12,73.16645966,0,0,,flat
2023-02-03,ETH,0.0001,0.0001000005541,9.956544439e-05,1521.465745,1663.52,71.51671254,0,0,,flat
2023-02-04,ETH,0.0001,0.000100000277,9.959348024e-05,1522.90769,1666.38,69.9698045,0,0,,flat
2023-02-05,ETH,0.0001,0.0001000001385,9.961970732e-05,1523.963543,1629.02,69.57981846,0,0,,flat
2023-02-06,ETH,0.0001,0.0001000000693,9.964424233e-05,1524.862321,1614.29,68.43483143,0,0,,flat
2023-02-07,ETH,0.0001,0.0001000000346,9.966719444e-05,1526.316738,1671.03,68.2059149,0,0,,flat
2023-02-08,ETH,0.0001,0.0001000000173,9.968866577e-05,1527.551706,1650.43,68.15120669,0,0,,flat
2023-02-09,ETH,0.0001,0.0001000000087,9.970875185e-05,1527.728805,1545.35,72.69540622,0,0,,flat
2023-02-10,ETH,8.942666667e-05,9.471333766e-05,9.904539151e-05,1527.582846,1513.06,72.14644863,0,0,,flat
2023-02-11,ETH,2.441333333e-05,5.95633355e-05,9.423042002e-05,1527.691575,1538.51,69.70741658,1,0,,flat
2023-02-12,ETH,5.557666667e-05,5.757000108e-05,9.173662948e-05,1527.563598,1514.83,68.65260111,0,1,1364.231459,enter_long
2023-02-13,ETH,6.183e-05,5.970000054e-05,8.980716951e-05,1527.341471,1505.24,68.33241532,0,0,,exit
2023-02-14,ETH,3.087333333e-05,4.528666694e-05,8.600498653e-05,1527.623747,1555.71,69.61867137,1,0,,flat
2023-02-15,ETH,3.811666667e-05,4.17016668e-05,8.291541751e-05,1529.089392,1674.92,74.46376627,1,1,1381.653322,enter_long
2023-02-16,ETH,0.00011367,7.76858334e-05,8.489958412e-05,1530.171496,1637.84,76.94849725,1,1,1381.653322,hold
2023-02-17,ETH,0.0001,8.88429167e-05,8.58738045e-05,1531.800349,1693.87,77.98717602,0,1,1381.653322,hold
2023-02-18,ETH,0.0001,9.442145835e-05,8.678517195e-05,1533.390607,1691.62,74.79952059,0,0,,exit
2023-02-19,ETH,0.0001,9.721072918e-05,8.76377415e-05,1534.84693,1679.75,73.77455483,0,0,,flat
2023-02-20,ETH,0.0001,9.860536459e-05,8.843530657e-05,1536.522794,1703.27,73.45708663,0,0,,flat
2023-02-21,ETH,0.0001,9.930268229e-05,8.918141582e-05,1537.749043,1659.76,73.95015187,0,0,,flat
2023-02-22,ETH,0.0001,9.965134115e-05,8.987938899e-05,1538.797717,1643.14,73.80228388,0,0,,flat
2023-02-23,ETH,7.091666667e-05,8.528400391e-05,8.865598755e-05,1539.909489,1650.53,72.11997789,1,0,,flat
2023-02-24,ETH,6.199333333e-05,7.363866862e-05,8.693581631e-05,1540.585021,1607.8,73.32712233,1,1,1470.220055,enter_long
2023-02-25,ETH,7.686666667e-05,7.525266764e-05,8.628619376e-05,1541.122289,1594.58,71.77875644,1,1,1470.220055,hold
2023-02-26,ETH,2.349333333e-05,4.937300049e-05,8.223504147e-05,1542.119686,1641.36,71.1874167,1,1,1470.220055,hold
2023-02-27,ETH,8.219333333e-05,6.578316691e-05,8.223235062e-05,1543.028451,1633.45,70.18974408,1,1,1470.220055,hold
2023-02-28,ETH,5.248666667e-05,5.913491679e-05,8.031327424e-05,1543.647376,1605.23,68.80904807,1,1,1470.220055,hold
2023-03-01,ETH,6.780666667e-05,6.347079173e-05,7.950639633e-05,1544.857062,1665.22,69.23125892,1,1,1470.220055,hold
2023-03-02,ETH,9.248666667e-05,7.79787292e-05,8.034383313e-05,1545.881974,1647.86,68.47759757,1,1,1470.220055,hold
2023-03-03,ETH,1.778e-05,4.78793646e-05,7.63074568e-05,1546.116483,1569.45,71.0763406,1,1,1470.220055,hold
2023-03-04,ETH,3.579333333e-05,4.183634897e-05,7.369364238e-05,1546.321594,1566.73,68.02874485,1,1,1470.220055,hold
2023-03-05,ETH,4.589333333e-05,4.386484115e-05,7.190007405e-05,1546.503271,1564.58,65.72097736,1,1,1470.220055,hold
2023-03-06,ETH,5.103e-05,4.744742057e-05,7.055361766e-05,1546.695678,1565.84,63.10162183,1,1,1470.220055,hold
2023-03-07,ETH,4.623333333e-05,4.684037695e-05,6.898456706e-05,1546.847562,1561.96,62.04793456,1,1,1470.220055,hold
2023-03-08,ETH,7.886333333e-05,6.285185514e-05,6.962190682e-05,1546.703606,1532.38,60.99308209,0,1,1470.220055,hold
2023-03-09,ETH,6.775333333e-05,6.530259424e-05,6.950135369e-05,1545.615205,1437.32,66.52571908,0,0,,exit
2023-03-10,ETH,-2.971666667e-05,1.779296379e-05,6.310019109e-05,1544.429375,1426.44,66.84816772,0,0,,flat
2023-03-11,ETH,5.69e-06,1.174148189e-05,5.939630779e-05,1543.708381,1471.97,67.04972717,0,0,,flat
2023-03-12,ETH,1.106e-05,1.140074095e-05,5.627783632e-05,1544.072778,1580.33,72.68117523,1,0,,flat
2023-03-13,ETH,0.0001,5.570037047e-05,5.909862108e-05,1545.360121,1673.45,76.66751985,1,1,1398.627062,enter_long
2023-03-14,ETH,0.0001,7.785018524e-05,6.173741972e-05,1546.892865,1699.4,80.10412558,0,1,1398.627062,hold
2023-03-15,ETH,0.0002003133333,0.0001390817593,7.067780124e-05,1547.918415,1649.96,81.94668804,0,0,,exit
2023-03-16,ETH,0.0001,0.0001195408796,7.2569556e-05,1549.170279,1673.73,80.32478175,0,0,,flat
2023-03-17,ETH,7.301666667e-05,9.627877315e-05,7.259840185e-05,1551.559344,1789.27,84.39801162,0,0,,flat
2023-03-18,ETH,0.0001,9.813938658e-05,7.436624689e-05,1553.62185,1758.84,85.05029651,0,0,,flat
2023-03-19,ETH,0.0001,9.906969329e-05,7.602003741e-05,1555.881148,1780.68,84.93527533,0,0,,flat
2023-03-20,ETH,9.398e-05,9.652484664e-05,7.717874468e-05,1557.641345,1732.78,84.65775566,0,0,,flat
2023-03-21,ETH,6.902333333e-05,8.277408999e-05,7.665258911e-05,1560.065126,1801.23,87.03863026,0,0,,flat
2023-03-22,ETH,3.984333333e-05,6.130871166e-05,7.427779841e-05,1561.799114,1734.33,88.6687281,1,0,,flat
2023-03-23,ETH,5.994333333e-05,6.06260225e-05,7.335299421e-05,1564.3065,1813.79,91.46453323,1,1,1512.66818,enter_long
2023-03-24,ETH,0.0001,8.031301125e-05,7.507215588e-05,1566.149928,1749.57,91.54492372,0,1,1512.66818,hold
2023-03-25,ETH,8.856666667e-06,4.458483896e-05,7.080018883e-05,1567.898495,1741.88,88.58742917,1,0,,exit
2023-03-26,ETH,2.069666667e-05,3.264075281e-05,6.756770353e-05,1569.948073,1773.88,86.66618422,1,1,1520.411427,enter_long
2023-03-27,ETH,3.596666667e-06,1.811870974e-05,6.344053986e-05,1571.393572,1715.22,87.21502821,1,1,1520.411427,hold
2023-03-28,ETH,2.857666667e-05,2.33476882e-05,6.119125772e-05,1573.399517,1772.99,87.74252619,1,1,1520.411427,hold
2023-03-29,ETH,9.194666667e-05,5.764717743e-05,6.317547765e-05,1575.585304,1793.07,85.44020289,1,1,1520.411427,hold
2023-03-30,ETH,3.689e-05,4.726858872e-05,6.147964038e-05,1577.754715,1793.61,84.10090269,1,1,1520.411427,hold
2023-03-31,ETH,8.061666667e-05,6.394262769e-05,6.271428724e-05,1580.180252,1821.52,83.04869535,0,1,1520.411427,hold
2023-04-01,ETH,8.768666667e-05,7.581464718e-05,6.432540849e-05,1582.574391,1820.79,79.61807426,0,0,,exit
2023-04-02,ETH,4.169333333e-05,5.875399026e-05,6.286527461e-05,1584.683213,1794.51,77.72464038,1,0,,flat
2023-04-03,ETH,-1.789666667e-05,2.042866179e-05,5.765482679e-05,1586.930257,1810.51,77.68859464,1,1,1600.198399,enter_long
2023-04-04,ETH,6.532666667e-05,4.287766423e-05,5.81497842e-05,1589.750566,1870.37,78.56083788,1,1,1600.198399,hold
2023-04-05,ETH,8.951e-05,6.619383212e-05,6.017302393e-05,1592.924108,1908.69,78.54934946,0,1,1600.198399,hold
2023-04-06,ETH,3.826333333e-05,5.222858272e-05,5.87594955e-05,1595.705075,1872.41,76.95368164,1,0,,exit
2023-04-07,ETH,4.273e-05,4.747929136e-05,5.77253345e-05,1598.371903,1863.72,74.39627581,1,1,1680.025796,enter_long
2023-04-08,ETH,2.327e-05,3.537464568e-05,5.55024097e-05,1600.863935,1848.82,71.39511325,1,1,1680.025796,hold
2023-04-09,ETH,6.6e-06,2.098732284e-05,5.234741552e-05,1603.431669,1858.92,69.8654623,1,1,1680.025796,hold
2023-04-10,ETH,1.506666667e-06,1.124699475e-05,4.906736721e-05,1606.484104,1910.2,70.04578643,1,1,1680.025796,hold
2023-04-11,ETH,6.004e-05,3.564349738e-05,4.9775279e-05,1609.303777,1889.86,69.0610874,1,1,1680.025796,hold
2023-04-12,ETH,1.985e-05,2.774674869e-05,4.784461584e-05,1612.369325,1917.39,69.8674383,1,1,1680.025796,hold
2023-04-13,ETH,0.0001,6.387337434e-05,5.120947933e-05,1616.345867,2012.01,73.69476413,0,1,1680.025796,hold
2023-04-14,ETH,0.0001,8.193668717e-05,5.435725486e-05,1621.158267,2099.99,76.96942384,0,0,,exit
2023-04-15,ETH,0.0001,9.096834359e-05,5.73019481e-05,1625.829349,2090.6,74.38017928,0,0,,flat
2023-04-16,ETH,0.0001,9.548417179e-05,6.005666112e-05,1630.733257,2118.67,73.98302361,0,0,,flat
2023-04-17,ETH,0.0001,9.77420859e-05,6.263365073e-05,1635.14389,2074,73.28852193,0,0,,flat
2023-04-18,ETH,0.0001,9.887104295e-05,6.504438294e-05,1639.804169,2103.5,73.33934179,0,0,,flat
2023-04-19,ETH,6.328333333e-05,8.107718814e-05,6.493076683e-05,1642.728816,1933.73,81.07010309,0,0,,flat
2023-04-20,ETH,2.906666667e-05,5.50719274e-05,6.261695392e-05,1645.716402,1942.98,80.1765243,1,0,,flat
2023-04-21,ETH,8.003666667e-05,6.755429704e-05,6.374080636e-05,1647.736944,1848.78,83.89748685,0,1,1742.538689,enter_long
2023-04-22,ETH,2.584333333e-05,4.669881518e-05,6.12958081e-05,1649.989918,1874.16,81.16695207,1,0,,exit
2023-04-23,ETH,-3.3e-06,2.169940759e-05,5.712833661e-05,1652.09948,1862,78.62931264,1,1,1671.25262,enter_long
2023-04-24,ETH,5.130333333e-05,3.650137046e-05,5.675252994e-05,1653.987453,1841.84,79.01293317,1,1,1671.25262,hold
2023-04-25,ETH,7.779e-05,5.714568523e-05,5.810978608e-05,1656.098033,1866.1,78.81200937,1,1,1671.25262,hold
2023-04-26,ETH,4.597666667e-05,5.156117595e-05,5.732700418e-05,1658.186718,1866.01,86.01972298,1,1,1671.25262,hold
2023-04-27,ETH,2.351666667e-05,3.753892131e-05,5.514569208e-05,1660.679198,1908.68,85.5733142,1,1,1671.25262,hold
2023-04-28,ETH,8.39e-05,6.071946065e-05,5.700080872e-05,1662.970359,1890.94,83.02807747,0,1,1671.25262,hold
2023-04-29,ETH,5.517e-05,5.794473033e-05,5.688269203e-05,1665.406483,1907.8,79.59392908,0,0,,exit
2023-04-30,ETH,4.793666667e-05,5.29406985e-05,5.63055291e-05,1667.443143,1870.09,79.11150557,1,0,,flat
2023-05-01,ETH,1.85e-06,2.739534925e-05,5.279226916e-05,1669.067894,1830.73,79.20139803,1,1,1672.301236,enter_long
2023-05-02,ETH,6.872666667e-05,4.806100796e-05,5.382029481e-05,1671.068021,1870.08,77.75344103,1,1,1672.301236,hold
2023-05-03,ETH,8.690666667e-05,6.748383731e-05,5.595489944e-05,1673.396905,1905.12,77.47676667,0,1,1672.301236,hold
2023-05-04,ETH,9.966666667e-05,8.357525199e-05,5.877501346e-05,1675.42351,1877.07,75.62485477,0,0,,exit
2023-05-05,ETH,6.411666667e-05,7.384595933e-05,5.911963624e-05,1678.586471,1993.3,78.98807943,0,0,,flat
2023-05-06,ETH,6.898e-05,7.141297966e-05,5.975578875e-05,1680.753081,1896.33,84.70321661,0,0,,flat
2023-05-07,ETH,2.833333333e-05,4.98731565e-05,5.772853356e-05,1682.640122,1870.4,83.34870114,1,0,,flat
2023-05-08,ETH,3.43e-05,4.208657825e-05,5.621701526e-05,1684.281121,1847.56,82.62665106,1,1,1662.038247,enter_long
2023-05-09,ETH,8.281666667e-05,6.245162246e-05,5.793312181e-05,1685.895444,1846.52,78.93117598,0,1,1662.038247,hold
2023-05-10,ETH,4.483e-05,5.364081123e-05,5.708775911e-05,1687.437186,1840.84,80.21894913,1,0,,exit
2023-05-11,ETH,2.409333333e-05,3.886707228e-05,5.495908648e-05,1688.500501,1794.3,79.44188133,1,1,1640.282627,enter_long
2023-05-12,ETH,4.556666667e-06,2.171186947e-05,5.170731746e-05,1689.684082,1807.45,79.38388981,1,1,1640.282627,hold
2023-05-13,ETH,2.027e-05,2.099093474e-05,4.967910343e-05,1690.733099,1795.11,75.98504054,1,1,1640.282627,hold
2023-05-14,ETH,2.934666667e-05,2.51688007e-05,4.836733331e-05,1691.812475,1799.21,72.99896621,1,1,1640.282627,hold
2023-05-15,ETH,-1.377333333e-05,5.697733684e-06,4.435825805e-05,1693.050166,1816.2,72.18832577,1,1,1640.282627,hold
2023-05-16,ETH,1.901333333e-05,1.235553351e-05,4.272310161e-05,1694.355243,1824.21,69.63487393,1,1,1640.282627,hold
2023-05-17,ETH,3.738e-05,2.486776675e-05,4.237838538e-05,1695.626538,1822.12,68.50524008,1,1,1640.282627,hold
2023-05-18,ETH,6.523333333e-05,4.505055004e-05,4.385289815e-05,1696.670655,1800.56,67.95486578,0,1,1640.282627,hold
2023-05-19,ETH,5.859333333e-05,5.182194169e-05,4.480389397e-05,1697.821398,1812.32,65.43880394,0,0,,exit
2023-05-20,ETH,2.848333333e-05,4.015263751e-05,4.375095457e-05,1699.031338,1819.42,62.3224608,1,0,,flat
2023-05-21,ETH,2.186e-05,3.100631876e-05,4.233863492e-05,1700.084861,1804.91,60.14014217,1,1,1663.613848,enter_long
2023-05-22,ETH,5.649666667e-05,4.375149271e-05,4.325205633e-05,1701.251681,1817.35,58.43441773,0,1,1663.613848,hold
2023-05-23,ETH,6.723e-05,5.549074636e-05,4.479902043e-05,1702.772067,1854.05,58.35053075,0,0,,exit
2023-05-24,ETH,5.000333333e-05,5.274703984e-05,4.513478256e-05,1703.738418,1799.89,59.64620713,0,0,,flat
2023-05-25,ETH,2.734e-05,4.004351992e-05,4.398673207e-05,1704.751969,1805.6,59.48576376,1,0,,flat
2023-05-26,ETH,6.789333333e-05,5.396842663e-05,4.552909344e-05,1705.976231,1827.79,58.18035206,0,1,1656.895591,enter_long
2023-05-27,ETH,2.586666667e-05,3.991754665e-05,4.426054978e-05,1707.209207,1829.89,55.73461263,1,0,,exit
2023-05-28,ETH,4.25e-06,2.208377332e-05,4.167922399e-05,1709.213499,1908.64,58.54285459,1,1,1690.553468,enter_long
2023-05-29,ETH,0.0001,6.104188666e-05,4.54418547e-05,1711.038246,1892.6,58.21622212,0,1,1690.553468,hold
2023-05-30,ETH,8.128666667e-05,7.116427666e-05,4.775442321e-05,1712.924338,1900.59,56.61577768,0,0,,exit
2023-05-31,ETH,4.453e-05,5.784713833e-05,4.754639591e-05,1714.523404,1873.63,56.87036499,0,0,,flat
2023-06-01,ETH,8.618666667e-05,7.20169025e-05,5.00393166e-05,1715.988647,1861.78,56.32248177,0,0,,flat
2023-06-02,ETH,7.640666667e-05,7.421178458e-05,5.174043596e-05,1717.886079,1906.68,56.76301879,0,0,,flat
2023-06-03,ETH,6.269e-05,6.845089229e-05,5.244685945e-05,1719.619157,1892.06,54.58851745,0,0,,flat
2023-06-04,ETH,5.235e-05,6.040044615e-05,5.244061045e-05,1721.314593,1890.01,52.86148049,0,0,,flat
2023-06-05,ETH,3.369e-05,4.704522307e-05,5.123089365e-05,1722.202012,1810.5,57.13066045,1,0,,flat
2023-06-06,ETH,1.294666667e-05,2.999594487e-05,4.876094352e-05,1723.818315,1884.64,60.27204185,1,1,1667.663349,enter_long
2023-06-07,ETH,7.552666667e-05,5.276130577e-05,5.048776437e-05,1724.896046,1832.13,61.43975315,0,1,1667.663349,hold
2023-06-08,ETH,6.098666667e-05,5.687398622e-05,5.11651129e-05,1726.097481,1845.64,59.40619935,0,0,,exit
2023-06-09,ETH,5.213666667e-05,5.450532644e-05,5.122779379e-05,1727.234524,1840.37,57.1628994,0,0,,flat
2023-06-10,ETH,4.403333333e-05,4.926932989e-05,5.076363505e-05,1727.47627,1751.53,62.3626923,1,0,,flat
2023-06-11,ETH,3.488666667e-05,4.207799828e-05,4.973931451e-05,1727.72785,1752.76,60.7317857,1,1,1595.613269,enter_long
2023-06-12,ETH,6.686e-05,5.446899914e-05,5.084387486e-05,1727.875534,1742.57,59.20308672,0,1,1595.613269,hold
2023-06-13,ETH,5.943e-05,5.694949957e-05,5.139781842e-05,1727.99737,1740.12,58.25358053,0,0,,exit
2023-06-14,ETH,4.483e-05,5.088974978e-05,5.09740882e-05,1727.230727,1650.95,62.63546763,0,0,,flat
2023-06-15,ETH,-4.224666667e-05,4.321541559e-06,4.495984595e-05,1726.631017,1666.96,62.08293423,0,0,,flat
2023-06-16,ETH,-4.832666667e-05,-2.200256255e-05,3.894136127e-05,1726.54434,1717.92,63.33701036,0,0,,flat
2023-06-17,ETH,5.522e-05,1.660871872e-05,3.999159602e-05,1726.556436,1727.76,62.79436676,1,0,,flat
2023-06-18,ETH,1.237333333e-05,1.449102603e-05,3.820977262e-05,1726.500651,1720.95,60.86905485,0,1,1570.764083,enter_long
2023-06-19,ETH,3.998333333e-05,2.723717968e-05,3.83241959e-05,1726.606217,1737.11,60.3919795,1,0,,exit
2023-06-20,ETH,1.180666667e-05,1.952192317e-05,3.661338756e-05,1727.256803,1791.99,61.95469525,1,1,1586.120051,enter_long
2023-06-21,ETH,3.594e-05,2.773096159e-05,3.65699432e-05,1728.867286,1889.11,65.64507416,1,1,1586.120051,hold
2023-06-22,ETH,0.0001,6.386548079e-05,4.066220493e-05,1730.291595,1872.01,65.75542601,0,1,1586.120051,hold
2023-06-23,ETH,8.096e-05,7.24127404e-05,4.326206268e-05,1731.906906,1892.63,66.44503844,0,0,,exit
2023-06-24,ETH,7.804666667e-05,7.522970353e-05,4.550623067e-05,1733.330323,1874.96,64.64396426,0,0,,flat
2023-06-25,ETH,0.0001,8.761485177e-05,4.902195773e-05,1734.976791,1898.8,64.39582396,0,0,,flat
2023-06-26,ETH,8.063666667e-05,8.412575922e-05,5.106161637e-05,1736.210556,1858.97,64.9332651,0,0,,flat
2023-06-27,ETH,3.966e-05,6.189287961e-05,5.032602822e-05,1737.736624,1889.58,64.39088903,0,0,,flat
2023-06-28,ETH,5.358333333e-05,5.773810647e-05,5.053617693e-05,1738.634968,1828.02,65.05082552,0,0,,flat
2023-06-29,ETH,4.228333333e-05,5.00107199e-05,5.000373541e-05,1739.762881,1851.99,64.13005227,0,0,,flat
2023-06-30,ETH,7.988333333e-05,6.494702662e-05,5.193145141e-05,1741.693503,1933.79,68.3771914,0,0,,flat
2023-07-01,ETH,0.0001,8.247351331e-05,5.503264809e-05,1743.512476,1924.5,66.00167772,0,0,,flat
2023-07-02,ETH,0.0001,9.123675665e-05,5.793376757e-05,1745.442505,1937.48,66.53370074,0,0,,flat
2023-07-03,ETH,0.0001,9.561837833e-05,6.064771805e-05,1747.533032,1955.54,64.82486498,0,0,,flat
2023-07-04,ETH,0.0001,9.780918916e-05,6.318657495e-05,1749.410319,1936.2,62.73023176,0,0,,flat
2023-07-05,ETH,0.0001,9.890459458e-05,6.556163463e-05,1751.011811,1910.36,61.67735807,0,0,,flat
2023-07-06,ETH,7.592666667e-05,8.741563062e-05,6.623034637e-05,1751.95866,1846.17,65.27183249,0,0,,flat
2023-07-07,ETH,4.465333333e-05,6.603448198e-05,6.483828102e-05,1753.142258,1870.91,64.32384446,0,0,,flat
2023-07-08,ETH,1.572666667e-05,4.088057432e-05,6.166978977e-05,1754.257661,1865.24,62.10071271,1,0,,flat
2023-07-09,ETH,3.094666667e-05,3.591362049e-05,5.968765279e-05,1755.337686,1862.8,59.32280466,1,1,1709.988218,enter_long
2023-07-10,ETH,4.809666667e-05,4.200514358e-05,5.893984724e-05,1756.582089,1880.4,59.29046147,1,1,1709.988218,hold
2023-07-11,ETH,6.576333333e-05,5.388423846e-05,5.938007215e-05,1757.793215,1878.3,57.17042851,1,1,1709.988218,hold
2023-07-12,ETH,8.536666667e-05,6.962545256e-05,6.105662663e-05,1758.927812,1871.82,55.77468361,0,1,1709.988218,hold
2023-07-13,ETH,7.3e-07,3.517772628e-05,5.71645862e-05,1761.371221,2004.49,62.5079205,1,0,,exit
2023-07-14,ETH,0.0001,6.758886314e-05,5.992816129e-05,1763.127033,1937.83,67.38021189,0,1,1848.220199,enter_long
2023-07-15,ETH,5.590333333e-05,6.174609824e-05,5.966849497e-05,1764.801493,1931.41,64.00591104,0,0,,exit
2023-07-16,ETH,4.784666667e-05,5.479638245e-05,5.890579637e-05,1766.366754,1922.11,61.54477454,1,0,,flat
2023-07-17,ETH,3.028333333e-05,4.253985789e-05,5.705918585e-05,1767.807884,1911.2,61.64300493,1,1,1768.258064,enter_long
2023-07-18,ETH,7.465333333e-05,5.859659561e-05,5.819429214e-05,1769.095469,1897.21,60.20136172,0,1,1768.258064,hold
2023-07-19,ETH,8.566333333e-05,7.212996447e-05,5.996648834e-05,1770.284869,1888.63,58.7491216,0,0,,exit
2023-07-20,ETH,6.325333333e-05,6.76916489e-05,6.017854286e-05,1771.491888,1891.59,58.19918434,0,0,,flat
2023-07-21,ETH,3.215666667e-05,4.992415778e-05,5.837067988e-05,1772.688289,1891.73,55.5492426,1,0,,flat
2023-07-22,ETH,2.334333333e-05,3.663374556e-05,5.611085107e-05,1773.621939,1866.52,54.8792967,1,1,1752.856893,enter_long
2023-07-23,ETH,3.464333333e-05,3.563853945e-05,5.472584993e-05,1774.767295,1888.73,54.34720408,1,1,1752.856893,hold
2023-07-24,ETH,5.695666667e-05,4.629760306e-05,5.486977359e-05,1775.51588,1850,54.58454665,1,1,1752.856893,hold
2023-07-25,ETH,8.626333333e-05,6.628046819e-05,5.689516454e-05,1776.333236,1857.66,52.34707903,0,1,1752.856893,hold
2023-07-26,ETH,8.566e-05,7.59702341e-05,5.875096037e-05,1777.285145,1872,51.44014481,0,0,,exit
2023-07-27,ETH,7.370666667e-05,7.483845038e-05,5.971584465e-05,1778.120916,1861.28,49.99942018,0,0,,flat
2023-07-28,ETH,6.572666667e-05,7.028255852e-05,6.010363962e-05,1779.076829,1874.19,48.34731874,0,0,,flat
2023-07-29,ETH,7.161666667e-05,7.09496126e-05,6.084641556e-05,1780.085618,1880.46,46.11108169,0,0,,flat
2023-07-30,ETH,5.211666667e-05,6.153313963e-05,6.028320595e-05,1780.898598,1861.79,45.46957585,0,0,,flat
2023-07-31,ETH,1.48e-05,3.816656982e-05,5.734880557e-05,1781.64727,1856.14,44.10603472,1,0,,flat
2023-08-01,ETH,7.012666667e-05,5.414661824e-05,5.81731837e-05,1782.560931,1873.47,45.37131795,1,1,1745.864913,enter_long
2023-08-02,ETH,0.0001,7.707330912e-05,6.087168798e-05,1783.131469,1839.9,46.31122382,0,1,1745.864913,hold
2023-08-03,ETH,0.0001,8.853665456e-05,6.339609521e-05,1783.655635,1835.81,45.36899354,0,0,,exit
2023-08-04,ETH,8.276666667e-05,8.565166061e-05,6.46458095e-05,1784.119062,1830.23,44.66906543,0,0,,flat
2023-08-05,ETH,8.693666667e-05,8.629416364e-05,6.608392931e-05,1784.640067,1836.48,42.29984647,0,0,,flat
2023-08-06,ETH,7.295e-05,7.962208182e-05,6.652690162e-05,1785.094196,1830.28,40.1870003,0,0,,flat
2023-08-07,ETH,9.777e-05,8.869604091e-05,6.854258538e-05,1785.532065,1829.1,40.53078599,0,0,,flat
2023-08-08,ETH,7.212333333e-05,8.040968712e-05,6.877360138e-05,1786.236225,1856.3,41.22001556,0,0,,flat
2023-08-09,ETH,6.091333333e-05,7.066151023e-05,6.826648731e-05,1786.923925,1855.35,40.11215731,0,0,,flat
2023-08-10,ETH,9.198333333e-05,8.132242178e-05,6.979660641e-05,1787.576126,1852.47,38.71628893,0,0,,flat
2023-08-11,ETH,2.856666667e-05,5.494454422e-05,6.71366103e-05,1788.185717,1848.84,37.32298258,1,0,,flat
2023-08-12,ETH,5.852666667e-05,5.673560545e-05,6.658113006e-05,1788.800089,1849.93,35.22348382,1,1,1755.532544,enter_long
2023-08-13,ETH,6.063666667e-05,5.868613606e-05,6.61976163e-05,1789.316805,1840.73,34.67109212,1,1,1755.532544,hold
2023-08-14,ETH,9.960666667e-05,7.914640136e-05,6.83530389e-05,1789.875843,1845.5,33.73029982,0,1,1755.532544,hold
2023-08-15,ETH,8.794e-05,8.354320068e-05,6.961671381e-05,1790.264939,1828.98,33.70384984,0,0,,exit
2023-08-16,ETH,8.924333333e-05,8.639326701e-05,7.088294733e-05,1790.439517,1807.81,33.67857485,0,0,,flat
2023-08-17,ETH,8.190666667e-05,8.414996684e-05,7.159415503e-05,1789.355441,1681.49,49.84367665,-1,0,,flat
2023-08-18,ETH,-1.981666667e-05,3.216665009e-05,6.569668266e-05,1788.084142,1661.59,50.45341403,0,-1,1806.099192,enter_short
2023-08-19,ETH,-6.93e-05,-1.856667496e-05,5.698721926e-05,1786.90589,1669.67,49.87888445,0,0,,exit
2023-08-20,ETH,-7.387333333e-05,-4.622000415e-05,4.854460297e-05,1785.894288,1685.24,48.65324985,0,0,,flat
2023-08-21,ETH,-2.594333333e-05,-3.608166874e-05,4.373892966e-05,1784.716731,1667.55,47.97730343,0,0,,flat
2023-08-22,ETH,-2.221333333e-05,-2.914750104e-05,3.948394495e-05,1783.226911,1634.99,50.9346389,0,0,,flat
2023-08-23,ETH,-6.283333333e-06,-1.771541718e-05,3.653121732e-05,1782.195896,1679.61,52.51502184,0,0,,flat
2023-08-24,ETH,-6.5e-07,-9.182708592e-06,3.41324291e-05,1780.991558,1661.16,52.19894885,0,0,,flat
2023-08-25,ETH,-1.241e-05,-1.07963543e-05,3.112969174e-05,1779.725968,1653.8,51.44973822,0,0,,flat
2023-08-26,ETH,-9.326666667e-06,-1.006151048e-05,2.85196041e-05,1778.405709,1647.04,48.60261406,0,0,,flat
2023-08-27,ETH,1.543333333e-05,2.685911426e-06,2.767532857e-05,1777.210924,1658.33,46.12528448,0,0,,flat
2023-08-28,ETH,2.376666667e-06,2.531289046e-06,2.604315683e-05,1775.975789,1653.08,45.87276416,0,0,,flat
2023-08-29,ETH,-2.815333333e-05,-1.281102214e-05,2.254660908e-05,1775.512547,1729.42,50.15613815,0,0,,flat
2023-08-30,ETH,6.460333333e-05,2.589615559e-05,2.525994613e-05,1774.813217,1705.23,49.18712828,-1,0,,flat
2023-08-31,ETH,3.986e-05,3.28780778e-05,2.620188509e-05,1773.529104,1645.76,52.74519055,-1,-1,1828.197821,enter_short
2023-09-01,ETH,1.392333333e-05,2.340070557e-05,2.540972046e-05,1772.092196,1629.12,52.70624837,0,-1,1828.197821,hold
2023-09-02,ETH,-7.033333333e-07,1.134868612e-05,2.372500731e-05,1770.748292,1637.03,50.1536592,0,0,,exit
2023-09-03,ETH,-5.686666667e-06,2.831009725e-06,2.182747996e-05,1769.40592,1635.84,48.16839783,0,0,,flat
2023-09-04,ETH,-2.282333333e-05,-9.996161804e-06,1.894678233e-05,1768.02387,1630.51,46.76351227,0,0,,flat
2023-09-05,ETH,1.464333333e-05,2.323585765e-06,1.866914046e-05,1766.694775,1634.45,46.16111853,0,0,,flat
2023-09-06,ETH,1.812333333e-05,1.022345955e-05,1.863392709e-05,1765.36597,1633.15,47.20675292,0,0,,flat
2023-09-07,ETH,5.562333333e-05,3.292339644e-05,2.10203404e-05,1764.199243,1648.11,46.44912772,-1,0,,flat
2023-09-08,ETH,3.592666667e-05,3.442503155e-05,2.198203887e-05,1762.928005,1636.44,46.18276145,-1,-1,1764.232819,enter_short
2023-09-09,ETH,4.156333333e-05,3.799418244e-05,2.324534819e-05,1761.660462,1635.54,43.43970706,-1,-1,1764.232819,hold
2023-09-10,ETH,2.083e-05,2.941209122e-05,2.308951927e-05,1760.225232,1617.42,42.88687084,-1,-1,1764.232819,hold
2023-09-11,ETH,3.32e-05,3.130604561e-05,2.374180835e-05,1758.151844,1551.85,46.10852292,-1,-1,1764.232819,hold
2023-09-12,ETH,-2.602e-05,2.643022805e-06,2.05313691e-05,1756.508242,1592.97,48.26719986,0,-1,1764.232819,hold
2023-09-13,ETH,8.713333333e-06,5.678178069e-06,1.976891518e-05,1755.026766,1607.62,47.49239987,0,0,,exit
2023-09-14,ETH,-3.426666667e-06,1.125755701e-06,1.827242603e-05,1753.747593,1626.47,46.76008559,0,0,,flat
2023-09-15,ETH,7.1e-06,4.112877851e-06,1.755162435e-05,1752.628611,1641.29,46.46722234,0,0,,flat
2023-09-16,ETH,3.718e-05,2.064643893e-05,1.881797117e-05,1751.452206,1634.4,44.7095636,-1,0,,flat
2023-09-17,ETH,1.837666667e-05,1.95115528e-05,1.878949991e-05,1750.168899,1622.48,43.15888048,-1,-1,1746.173909,enter_short
2023-09-18,ETH,1.654333333e-05,1.802744306e-05,1.864458594e-05,1749.039456,1636.66,44.76324616,0,-1,1746.173909,hold
2023-09-19,ETH,-4.643333333e-06,6.692054866e-06,1.714213953e-05,1747.98553,1643.12,44.04587144,0,0,,exit
2023-09-20,ETH,3.303333333e-05,1.98626941e-05,1.816737784e-05,1746.734529,1622.26,44.10188062,-1,0,,flat
2023-09-21,ETH,3.607e-05,2.796634705e-05,1.932238572e-05,1745.114681,1583.94,45.061032,-1,-1,1732.524702,enter_short
2023-09-22,ETH,2.876333333e-05,2.836484019e-05,1.993147912e-05,1743.601897,1593.08,43.70667258,-1,-1,1732.524702,hold
2023-09-23,ETH,2.700333333e-05,2.768408676e-05,2.038772778e-05,1742.111927,1593.86,41.35548168,-1,-1,1732.524702,hold
2023-09-24,ETH,2.368e-05,2.568204338e-05,2.060013244e-05,1740.505936,1580.71,40.62366156,-1,-1,1732.524702,hold
2023-09-25,ETH,4.097333333e-05,3.332768836e-05,2.191453249e-05,1738.991746,1588.33,40.18554287,-1,-1,1732.524702,hold
2023-09-26,ETH,4.567333333e-05,3.950051085e-05,2.344735835e-05,1737.549141,1594.01,38.72443267,-1,-1,1732.524702,hold
2023-09-27,ETH,5.216333333e-05,4.583192209e-05,2.53000019e-05,1736.166959,1598.64,39.57268748,-1,-1,1732.524702,hold
2023-09-28,ETH,2.452333333e-05,3.517762771e-05,2.524989425e-05,1735.339327,1652.99,41.75106694,-1,-1,1732.524702,hold
2023-09-29,ETH,1.349333333e-05,2.433548052e-05,2.449140645e-05,1734.663811,1667.45,41.59956216,0,-1,1732.524702,hold
2023-09-30,ETH,-1.126666667e-06,1.160440693e-05,2.283862754e-05,1734.029245,1670.89,40.63745058,0,0,,exit
2023-10-01,ETH,1.048333333e-05,1.104387013e-05,2.204151178e-05,1734.026864,1733.79,43.66334697,0,0,,flat
2023-10-02,ETH,7.56e-05,4.332193507e-05,2.549689812e-05,1733.314159,1662.4,48.20239361,-1,0,,flat
2023-10-03,ETH,2.951333333e-05,3.64176342e-05,2.575602297e-05,1732.553619,1656.88,46.7343655,-1,-1,1782.915984,enter_short
2023-10-04,ETH,2.658666667e-05,3.150215043e-05,2.580961289e-05,1731.69816,1646.58,45.72905368,-1,-1,1782.915984,hold
2023-10-05,ETH,2.274e-05,2.712107522e-05,2.561157335e-05,1730.505043,1611.79,45.94412127,-1,-1,1782.915984,hold
2023-10-06,ETH,8.126e-05,5.419053761e-05,2.920179442e-05,1729.654544,1645.03,46.25668404,-1,-1,1782.915984,hold
2023-10-07,ETH,5.273e-05,5.34602688e-05,3.071974317e-05,1728.698478,1633.57,44.21549232,-1,-1,1782.915984,hold
2023-10-08,ETH,9.361666667e-05,7.353846774e-05,3.47776092e-05,1727.744662,1632.84,42.85938573,-1,-1,1782.915984,hold
2023-10-09,ETH,6.835666667e-05,7.09475672e-05,3.694400001e-05,1726.275858,1580.13,46.22657246,-1,-1,1782.915984,hold
2023-10-10,ETH,6.878666667e-05,6.986711693e-05,3.89983656e-05,1724.697291,1567.63,46.09253157,-1,-1,1782.915984,hold
2023-10-11,ETH,4.124666667e-05,5.55568918e-05,3.914341728e-05,1723.126869,1566.87,45.24092217,-1,-1,1782.915984,hold
2023-10-12,ETH,4.609333333e-05,5.082511257e-05,3.959179896e-05,1721.30083,1539.61,45.40657059,-1,-1,1782.915984,hold
2023-10-13,ETH,3.286333333e-05,4.184422295e-05,3.91577044e-05,1719.617835,1552.16,44.8489584,-1,-1,1782.915984,hold
2023-10-14,ETH,3.608666667e-05,3.896544481e-05,3.895957294e-05,1717.979249,1554.94,42.87188995,-1,-1,1782.915984,hold
2023-10-15,ETH,4.799333333e-05,4.347938907e-05,3.954239619e-05,1716.385126,1557.77,41.25104066,-1,-1,1782.915984,hold
2023-10-16,ETH,5.995e-05,5.171469454e-05,4.085901579e-05,1715.221293,1599.42,44.33096633,-1,-1,1782.915984,hold
2023-10-17,ETH,3.752e-05,4.461734727e-05,4.064359541e-05,1713.726652,1565.01,44.69661159,-1,-1,1782.915984,hold
2023-10-18,ETH,4.609e-05,4.535367363e-05,4.099497636e-05,1712.231261,1563.44,43.61399648,-1,-1,1782.915984,hold
2023-10-19,ETH,4.360333333e-05,4.447850348e-05,4.116325745e-05,1710.781895,1566.57,42.8444253,-1,-1,1782.915984,hold
2023-10-20,ETH,5.617333333e-05,5.032591841e-05,4.213164944e-05,1709.718293,1603.89,44.72768064,-1,-1,1782.915984,hold
2023-10-21,ETH,3.469333333e-05,4.250962587e-05,4.165175808e-05,1708.914528,1628.94,45.25927488,-1,-1,1782.915984,hold
2023-10-22,ETH,3.602e-05,3.926481294e-05,4.128841885e-05,1708.464632,1663.7,45.36218382,0,-1,1782.915984,hold
2023-10-23,ETH,4.246e-05,4.086240647e-05,4.136400473e-05,1709.031751,1765.46,52.33131354,1,0,,exit
2023-10-24,ETH,0.0001,7.043120323e-05,4.514697217e-05,1709.787455,1784.98,55.60550543,0,1,1634.641716,enter_long
2023-10-25,ETH,0.0001,8.521560162e-05,4.868587719e-05,1710.557232,1787.15,55.7543979,0,0,,exit
2023-10-26,ETH,0.0001,9.260780081e-05,5.199646576e-05,1711.480842,1803.38,59.15265519,0,0,,flat
2023-10-27,ETH,0.0001,9.63039004e-05,5.509346797e-05,1712.156655,1779.4,59.15960839,0,0,,flat
2023-10-28,ETH,0.0001,9.81519502e-05,5.799066358e-05,1712.793903,1776.2,57.30749351,0,0,,flat
2023-10-29,ETH,0.0001,9.90759751e-05,6.070094335e-05,1713.613268,1795.14,56.68838683,0,0,,flat
2023-10-30,ETH,0.0001,9.953798755e-05,6.323636636e-05,1714.562788,1809.04,56.35850206,0,0,,flat
2023-10-31,ETH,0.0001,9.976899378e-05,6.560821369e-05,1715.55888,1814.67,55.07718048,0,0,,flat
2023-11-01,ETH,0.0001,9.988449689e-05,6.782703862e-05,1716.866653,1846.99,56.46238188,0,0,,flat
2023-11-02,ETH,0.00019114,0.0001455122484,7.578271354e-05,1717.701811,1800.8,58.85721174,0,0,,flat
2023-11-03,ETH,0.0001,0.0001227561242,7.734511912e-05,1718.846172,1832.71,58.75812519,0,0,,flat
2023-11-04,ETH,0.0001,0.0001113780621,7.880672434e-05,1720.20631,1855.54,57.83754482,0,0,,flat
2023-11-05,ETH,0.0001,0.0001056890311,8.017403245e-05,1721.912816,1891.71,58.46057733,0,0,,flat
2023-11-06,ETH,0.0001,0.0001028445155,8.145312713e-05,1723.694281,1900.95,57.55267895,0,0,,flat
2023-11-07,ETH,0.0001,0.0001014222578,8.264969957e-05,1725.302001,1885.27,57.48963045,0,0,,flat
2023-11-08,ETH,0.0001,0.0001007111289,8.376907379e-05,1726.922081,1888.12,55.68179971,0,0,,flat
2023-11-09,ETH,0.00030377,0.0002022405644,9.796268193e-05,1730.846441,2121.32,69.55667116,0,0,,flat
2023-11-10,ETH,0.0002720433333,0.0002371419489,0.0001091936917,1734.297921,2077.72,69.7583375,0,0,,flat
2023-11-11,ETH,0.0001814133333,0.0002092776411,0.0001138530234,1737.470779,2053.17,69.0113134,0,0,,flat
2023-11-12,ETH,0.0001687466667,0.0001890121539,0.0001173945488,1740.527589,2044.68,67.96764815,0,0,,flat
2023-11-13,ETH,0.0002620333333,0.0002255227436,0.0001267260833,1743.643236,2053.65,69.50638757,0,0,,flat
2023-11-14,ETH,0.0001415033333,0.0001835130385,0.0001276794542,1745.988976,1979.39,73.71021703,0,0,,flat
2023-11-15,ETH,0.0001,0.0001417565192,0.000125893683,1749.098341,2058.48,75.25877296,0,0,,flat
2023-11-16,ETH,0.0001,0.0001208782596,0.0001242231228,1751.214478,1961.77,80.69028917,1,0,,flat
2023-11-17,ETH,0.0001,0.0001104391298,0.0001226603407,1753.300106,1960.82,81.17669709,1,1,1760.044277,enter_long
2023-11-18,ETH,0.0001,0.0001052195649,0.0001211983832,1755.382693,1962.6,79.3226473,1,1,1760.044277,hold
2023-11-19,ETH,0.0001,0.0001026097825,0.0001198307456,1757.930827,2011.47,78.86102963,1,1,1760.044277,hold
2023-11-20,ETH,0.0001,0.0001013048912,0.0001185513427,1760.552412,2021.4,78.6852418,1,1,1760.044277,hold
2023-11-21,ETH,0.0001,0.0001006524456,0.0001173544818,1762.268409,1933.01,80.4341531,1,1,1760.044277,hold
2023-11-22,ETH,0.0001,0.0001003262228,0.0001162348379,1765.262854,2063.21,86.40671359,1,1,1760.044277,hold
2023-11-23,ETH,0.0001,0.0001001631114,0.000115187429,1768.217454,2062.2,83.70551977,1,1,1760.044277,hold
2023-11-24,ETH,0.0001,0.0001000815557,0.0001142075948,1771.328127,2080.84,82.98726835,1,1,1760.044277,hold
2023-11-25,ETH,0.0001,0.0001000407779,0.0001132909758,1774.430237,2083.09,78.86246347,1,1,1760.044277,hold
2023-11-26,ETH,0.0001,0.0001000203889,0.0001124334935,1777.294912,2062.33,77.4130018,1,1,1760.044277,hold
2023-11-27,ETH,0.0001,0.0001000101945,0.0001116313326,1779.784516,2027.5,77.98778738,1,1,1760.044277,hold
2023-11-28,ETH,0.0001,0.0001000050972,0.0001108809241,1782.454721,2048.14,78.12080257,1,1,1760.044277,hold
2023-11-29,ETH,0.0001,0.0001000025486,0.000110178929,1784.906019,2028.81,76.56860239,1,1,1760.044277,hold
2023-11-30,ETH,0.0001,0.0001000012743,0.0001095222239,1787.563274,2051.96,73.52084507,1,1,1760.044277,hold
2023-12-01,ETH,0.0001,0.0001000006372,0.0001089078869,1790.545133,2087.24,72.971499,1,1,1760.044277,hold
2023-12-02,ETH,0.0001,0.0001000003186,0.0001083331845,1794.268466,2164.74,74.92710621,1,1,1760.044277,hold
2023-12-03,ETH,0.0001,0.0001000001593,0.0001077955597,1798.235448,2192.95,74.45159862,1,1,1760.044277,hold
2023-12-04,ETH,0.0001,0.0001000000796,0.0001072926203,1802.66465,2243.37,75.08219872,1,1,1760.044277,hold
2023-12-05,ETH,0.0001,0.0001000000398,0.0001068221287,1807.546894,2293.33,78.38989881,1,1,1760.044277,hold
2023-12-06,ETH,0.0001,0.0001000000199,0.0001063819914,1811.777275,2232.7,79.37847747,1,1,1760.044277,hold
2023-12-07,ETH,0.0001,0.00010000001,0.00010597025,1817.189742,2355.73,85.19430051,1,1,1760.044277,hold
2023-12-08,ETH,0.0001516966667,0.0001258483383,0.0001089203414,1822.578105,2358.72,83.08470761,0,1,1760.044277,hold
2023-12-09,ETH,0.00029102,0.0002084341692,0.0001206687065,1827.731459,2340.49,82.50651421,0,0,,exit
2023-12-10,ETH,0.0001848133333,0.0001966237512,0.0001248070695,1832.951944,2352.39,80.71819177,0,0,,flat
2023-12-11,ETH,0.00014704,0.0001718318756,0.0001262414521,1836.854116,2225.12,89.12260664,0,0,,flat
2023-12-12,ETH,0.0001,0.0001359159378,0.0001245484552,1840.501937,2203.46,88.33670617,0,0,,flat
2023-12-13,ETH,0.0001281733333,0.0001320446356,0.0001247823183,1844.67764,2260.16,92.00551287,0,0,,flat
2023-12-14,ETH,0.0001,0.0001160223178,0.000123183459,1849.360651,2315.32,92.85583338,1,0,,flat
2023-12-15,ETH,0.0001013966667,0.0001087094922,0.0001217778595,1853.053581,2220.5,94.63827385,1,1,2083.180417,enter_long
2023-12-16,ETH,0.0001,0.0001043547461,0.0001203728363,1856.793945,2228.96,91.69268286,1,1,2083.180417,hold
2023-12-17,ETH,0.0001046733333,0.0001045140397,0.0001193599652,1860.174305,2196.52,89.22749123,1,1,2083.180417,hold
2023-12-18,ETH,0.0001169433333,0.0001107286865,0.0001192040535,1863.74899,2219.43,90.52552757,1,1,2083.180417,hold
2023-12-19,ETH,0.0001,0.0001053643433,0.0001179650823,1866.874971,2177.91,92.59156132,1,1,2083.180417,hold
2023-12-20,ETH,0.0001438466667,0.000124605505,0.0001196348619,1870.211241,2202.17,93.83502122,0,1,2083.180417,hold
2023-12-21,ETH,0.0003159566667,0.0002202810858,0.0001323007848,1873.886852,2239.61,94.01323399,0,0,,exit
2023-12-22,ETH,0.0004621133333,0.0003411972096,0.0001535790137,1878.370964,2324.54,95.33800299,0,0,,flat
2023-12-23,ETH,0.00016357,0.0002523836048,0.0001542235935,1882.647872,2308.2,93.21743135,0,0,,flat
2023-12-24,ETH,0.0001831466667,0.0002177651357,0.0001560895982,1886.442919,2264.05,92.35832911,0,0,,flat
2023-12-25,ETH,0.0002639533333,0.0002408592345,0.0001630485489,1890.272842,2271.35,89.45416275,0,0,,flat
2023-12-26,ETH,0.0003881333333,0.0003144962839,0.0001775701479,1893.661969,2230.88,89.96029398,0,0,,flat
2023-12-27,ETH,0.00040519,0.000359843142,0.0001922552996,1898.484737,2378.35,96.43170155,0,0,,flat
2023-12-28,ETH,0.0004475333333,0.0004036882376,0.0002087248502,1902.919218,2344.15,97.45800858,0,0,,flat
2023-12-29,ETH,0.0004704333333,0.0004370607855,0.0002256092684,1906.862312,2299.2,99.78743654,0,0,,flat
2023-12-30,ETH,0.0002840366667,0.0003605487261,0.000229378778,1910.691345,2291.68,96.57690536,0,0,,flat
2023-12-31,ETH,0.00027053,0.000315539363,0.0002320336956,1914.384666,2281.87,94.13998355,0,0,,flat
2024-01-01,ETH,0.0003398833333,0.0003277113482,0.0002389917367,1918.739447,2352.04,93.63927044,0,0,,flat
2024-01-02,ETH,0.00056182,0.0004447656741,0.0002598193666,1923.083732,2355.34,93.40075112,0,0,,flat
2024-01-03,ETH,0.00020974,0.000327252837,0.0002565884397,1925.935835,2209.72,107.1185546,0,0,,flat
2024-01-04,ETH,0.0001,0.0002136264185,0.0002464859597,1929.330604,2267.11,106.0943721,1,0,,flat
2024-01-05,ETH,0.0001,0.0001568132093,0.0002370352527,1932.708211,2268.78,103.5904884,1,1,2001.87407,enter_long
2024-01-06,ETH,0.0001,0.0001284066046,0.0002281942686,1935.773603,2240.78,100.0197392,1,1,2001.87407,hold
2024-01-07,ETH,0.0001,0.0001142033023,0.0002199236706,1938.615857,2221.42,96.77190073,1,1,2001.87407,hold
2024-01-08,ETH,0.0001,0.0001071016512,0.0002121866596,1942.514605,2330.44,103.5610507,1,1,2001.87407,hold
2024-01-09,ETH,0.0001,0.0001035508256,0.0002049488106,1946.512372,2344.29,106.5166899,1,1,2001.87407,hold
2024-01-10,ETH,0.0001,0.0001017754128,0.0001981779196,1952.859315,2584.38,120.5876406,1,1,2001.87407,hold
2024-01-11,ETH,0.0001,0.0001008877064,0.0001918438603,1959.477732,2618.01,120.7870949,1,1,2001.87407,hold
2024-01-12,ETH,0.0001,0.0001004438532,0.0001859184499,1965.080343,2522.54,130.6823024,1,1,2001.87407,hold
2024-01-13,ETH,0.0001,0.0001002219266,0.0001803753241,1971.180938,2578.19,127.9549951,1,1,2001.87407,hold
2024-01-14,ETH,0.0001,0.0001001109633,0.0001751898194,1976.172871,2472.87,126.578924,1,1,2001.87407,hold
2024-01-15,ETH,0.0001,0.0001000554816,0.0001703388633,1981.502296,2511.78,123.4590009,1,1,2001.87407,hold
2024-01-16,ETH,0.0001,0.0001000277408,0.0001658008721,1987.531131,2587.4,122.8105008,1,1,2001.87407,hold
2024-01-17,ETH,0.0001,0.0001000138704,0.0001615556545,1992.930723,2530.19,120.1968936,1,1,2001.87407,hold
2024-01-18,ETH,0.0001,0.0001000069352,0.000157584322,1997.685742,2470.81,120.2856869,1,1,2001.87407,hold
2024-01-19,ETH,0.0001,0.0001000034676,0.0001538692044,2002.604293,2492,118.050995,1,1,2001.87407,hold
2024-01-20,ETH,0.0001,0.0001000017338,0.0001503937719,2007.274998,2472.01,112.3187811,1,1,2001.87407,hold
2024-01-21,ETH,0.0001,0.0001000008669,0.0001471425608,2011.750372,2457.05,106.4424396,1,1,2001.87407,hold
2024-01-22,ETH,0.0001,0.0001000004335,0.0001441011053,2014.759822,2314.2,110.4472653,1,1,2001.87407,hold
2024-01-23,ETH,0.0001,0.0001000002167,0.0001412558727,2017.026889,2242.6,115.7124606,1,1,2001.87407,hold
2024-01-24,ETH,0.0001,0.0001000001084,0.0001385942035,2019.195975,2235.02,112.3387134,1,1,2001.87407,hold
2024-01-25,ETH,0.0001,0.0001000000542,0.0001361042549,2021.180493,2218.64,109.4280911,1,1,2001.87407,hold
2024-01-26,ETH,0.0001,0.0001000000271,0.0001337749481,2023.633225,2267.68,107.7917988,1,1,2001.87407,hold
2024-01-27,ETH,8.959e-05,9.479501355e-05,0.0001309243063,2026.064139,2267.94,102.3452418,1,1,2001.87407,hold
2024-01-28,ETH,6.986e-05,8.232750677e-05,0.0001269846736,2028.361014,2256.9,99.91701022,1,1,2001.87407,hold
2024-01-29,ETH,0.0001,9.116375339e-05,0.0001252437269,2031.239014,2317.6,99.10436664,1,1,2001.87407,hold
2024-01-30,ETH,8.731666667e-05,8.924021003e-05,0.0001227968198,2034.341214,2343.01,98.80976902,1,1,2001.87407,hold
2024-01-31,ETH,0.0001,9.462010501e-05,0.0001213260572,2036.816824,2283.14,98.03978552,1,1,2001.87407,hold
2024-02-01,ETH,7.799333333e-05,8.630671917e-05,0.0001185303976,2039.47815,2304.28,96.15980084,1,1,2001.87407,hold
2024-02-02,ETH,7.892666667e-05,8.261669292e-05,0.0001159753182,2042.160557,2309.06,92.34838649,1,1,2001.87407,hold
2024-02-03,ETH,7.542e-05,7.901834646e-05,0.0001133588461,2044.691199,2296.49,88.41135889,1,1,2001.87407,hold
2024-02-04,ETH,7.424666667e-05,7.663250656e-05,0.0001108354797,2047.129994,2289.79,85.31054754,1,1,2001.87407,hold
2024-02-05,ETH,0.0001,8.831625328e-05,0.0001101364165,2049.664323,2301.83,84.166937,1,1,2001.87407,hold
2024-02-06,ETH,8.563666667e-05,8.697645997e-05,0.0001085557874,2052.878012,2372.64,84.8264415,1,1,2001.87407,hold
2024-02-07,ETH,5.617e-05,7.157322999e-05,0.0001051760592,2056.581714,2425.1,85.22740996,1,1,2001.87407,hold
2024-02-08,ETH,9.108333333e-05,8.132828166e-05,0.0001042668511,2060.193339,2419.55,82.86402354,1,1,2001.87407,hold
2024-02-09,ETH,9.250666667e-05,8.691747416e-05,0.0001035081295,2064.435795,2486.56,84.50516471,1,1,2001.87407,hold
2024-02-10,ETH,9.149333333e-05,8.920540375e-05,0.0001027329814,2068.772156,2500.24,81.6747958,1,1,2001.87407,hold
2024-02-11,ETH,8.264e-05,8.592270187e-05,0.00010143666,2073.134722,2507.21,79.13945325,1,1,2001.87407,hold
2024-02-12,ETH,8.349e-05,8.470635094e-05,0.000100278811,2078.97408,2659.99,87.31377802,1,1,2001.87407,hold
2024-02-13,ETH,0.0001,9.235317547e-05,0.0001002608232,2084.556329,2639.99,87.94279387,1,1,2001.87407,hold
2024-02-14,ETH,0.0001102733333,0.0001013132544,0.0001009067916,2091.424526,2774.81,93.63259431,0,1,2001.87407,hold
2024-02-15,ETH,0.00012516,0.0001132366272,0.0001024715147,2098.699806,2822.59,94.687409,0,0,,exit
2024-02-16,ETH,0.0001090733333,0.0001111549803,0.0001028974385,2105.695829,2801.8,96.30973693,0,0,,flat
2024-02-17,ETH,0.00011173,0.0001114424901,0.0001034672812,2112.464329,2785.93,95.51618429,0,0,,flat
2024-02-18,ETH,0.0001038,0.0001076212451,0.0001034887469,2120.113442,2881.2,98.03288541,0,0,,flat
2024-02-19,ETH,0.0001,0.0001038106225,0.0001032636664,2128.31928,2944.8,100.1441079,0,0,,flat
2024-02-20,ETH,0.0002064366667,0.0001551236446,0.000109919989,2137.140085,3014.81,104.3145287,0,0,,flat
2024-02-21,ETH,0.0001404033333,0.000147763489,0.0001118866564,2145.406354,2967.9,107.5170624,0,0,,flat
2024-02-22,ETH,0.0001,0.0001238817445,0.0001111197753,2153.625198,2971.4,109.0879865,0,0,,flat
2024-02-23,ETH,0.0001,0.0001119408722,0.0001104023705,2161.273108,2922.24,107.5638446,0,0,,flat
2024-02-24,ETH,0.0001,0.0001059704361,0.0001097312498,2169.545218,2992.62,107.1007129,1,0,,flat
2024-02-25,ETH,0.0001898866667,0.0001479285514,0.000114902567,2178.92875,3112.59,109.335662,0,1,2724.868218,enter_long
2024-02-26,ETH,0.00032642,0.0002371742757,0.000128548853,2188.849261,3175.94,112.9124004,0,0,,exit
2024-02-27,ETH,0.0004165933333,0.0003268838045,0.0001471323679,2199.331957,3242.36,113.9986575,0,0,,flat
2024-02-28,ETH,0.0003638266667,0.0003453552356,0.0001611126452,2211.110746,3383.1,128.130182,0,0,,flat
2024-02-29,ETH,0.0007056066667,0.0005254809511,0.0001962412918,2222.344372,3340.09,134.8930261,0,0,,flat
2024-03-01,ETH,0.00048194,0.0005037104756,0.0002146734665,2234.394978,3433.43,133.2192385,0,0,,flat
2024-03-02,ETH,0.00053896,0.0005213352378,0.0002355951783,2246.205975,3421.4,128.7057215,0,0,,flat
2024-03-03,ETH,0.0003826466667,0.0004519909522,0.0002450823711,2258.560246,3487.81,128.9267414,0,0,,flat
2024-03-04,ETH,0.0004032133333,0.0004276021428,0.0002552843687,2272.184126,3627.76,135.229117,0,0,,flat
2024-03-05,ETH,0.00074303,0.0005853160714,0.0002867518288,2284.935033,3553.65,170.0013229,0,0,,flat
2024-03-06,ETH,0.00033151,0.0004584130357,0.0002896394527,2300.195284,3818.59,186.472657,0,0,,flat
2024-03-07,ETH,0.0003969533333,0.0004276831845,0.0002965629289,2315.802895,3868.76,187.3538958,0,0,,flat
2024-03-08,ETH,0.00049913,0.0004634065923,0.0003096317722,2331.400481,3883.36,186.3821889,0,0,,flat
2024-03-09,ETH,0.0003507633333,0.0004070849628,0.0003122854213,2347.06028,3905.21,178.2113183,0,0,,flat
2024-03-10,ETH,0.0003796033333,0.0003933441481,0.0003166285124,2362.29819,3878.47,177.868367,0,0,,flat
2024-03-11,ETH,0.00053633,0.000464837074,0.0003308028019,2379.238509,4064.8,191.1120551,0,0,,flat
2024-03-12,ETH,0.00051318,0.000489008537,0.0003425690728,2395.166088,3979.96,196.3854797,0,0,,flat
2024-03-13,ETH,0.0005044866667,0.0004967476018,0.0003530153691,2411.182249,4004.79,193.1272312,0,0,,flat
2024-03-14,ETH,0.0004219233333,0.0004593354676,0.0003574610443,2425.814269,3881.7,199.9024289,0,0,,flat
2024-03-15,ETH,0.00032333,0.0003913327338,0.0003552590414,2438.912537,3742.19,211.6251126,0,0,,flat
2024-03-16,ETH,0.0002508666667,0.0003210997002,0.0003485240495,2449.700374,3523.09,218.8176045,1,0,,flat
2024-03-17,ETH,0.00018532,0.0002532098501,0.000337994756,2461.591019,3644.71,222.2363471,1,1,2976.045989,enter_long
2024-03-18,ETH,0.00024435,0.0002487799251,0.0003319531588,2472.12703,3520.46,220.0001794,1,1,2976.045989,hold
2024-03-19,ETH,0.0002164266667,0.0002326032959,0.0003244998367,2478.958006,3158.64,232.6580238,1,1,2976.045989,hold
2024-03-20,ETH,0.00012032,0.0001764616479,0.000311326944,2489.282107,3516.53,250.2310221,1,1,2976.045989,hold
2024-03-21,ETH,0.00017007,0.000173265824,0.0003022135928,2499.267858,3492.85,244.8802348,1,1,2976.045989,hold
2024-03-22,ETH,0.00020728,0.000190272912,0.0002960888449,2507.597035,3336.35,248.2830751,1,1,2976.045989,hold
2024-03-23,ETH,0.0001230566667,0.0001566647893,0.0002849254786,2515.775473,3329.53,242.3628555,1,1,2976.045989,hold
2024-03-24,ETH,0.0001594833333,0.0001580740613,0.0002768324369,2525.120793,3454.98,237.3697944,1,1,2976.045989,hold
2024-03-25,ETH,0.0001806966667,0.000169385364,0.0002706301292,2535.720787,3590.42,237.9776662,1,1,2976.045989,hold
2024-03-26,ETH,0.0002775666667,0.0002234760153,0.0002710776477,2546.184562,3587.33,230.7106901,1,1,2976.045989,hold
2024-03-27,ETH,0.0002721133333,0.0002477946743,0.0002711444661,2555.687105,3501.19,228.9327836,1,1,2976.045989,hold
2024-03-28,ETH,0.0003716766667,0.0003097356705,0.0002776304146,2565.685145,3560.49,223.0647276,0,1,2976.045989,hold
2024-03-29,ETH,0.0003392533333,0.0003244945019,0.0002816060867,2575.078727,3509.74,217.0215328,0,0,,exit
2024-03-30,ETH,0.0003141533333,0.0003193239176,0.0002837059091,2584.338044,3505.64,207.2921376,0,0,,flat
2024-03-31,ETH,0.0005003966667,0.0004098602921,0.000297685958,2594.894781,3645.29,203.2162706,0,0,,flat
2024-04-01,ETH,0.0003868966667,0.0003983784794,0.0003034414876,2603.938615,3503.8,205.2893942,0,0,,flat
2024-04-02,ETH,0.0001255866667,0.000261982573,0.000291966983,2610.655247,3278.96,211.5972946,1,0,,flat
2024-04-03,ETH,0.0001,0.0001809912865,0.0002795820164,2617.622161,3310.83,208.2410593,1,1,2749.966764,enter_long
2024-04-04,ETH,0.0001,0.0001404956433,0.0002679960798,2624.684628,3327.4,207.1531265,1,1,2749.966764,hold
2024-04-05,ETH,0.0001,0.0001202478216,0.000257157623,2631.581796,3317.85,202.3564746,1,1,2749.966764,hold
2024-04-06,ETH,0.00012244,0.0001213439108,0.0002484661635,2638.746058,3351.59,194.4552978,1,1,2749.966764,hold
2024-04-07,ETH,0.0001,0.0001106719554,0.0002388877013,2646.860028,3454.2,188.841348,1,1,2749.966764,hold
2024-04-08,ETH,0.0001729866667,0.000141829311,0.0002346360217,2657.285403,3694.61,198.5205374,1,1,2749.966764,hold
2024-04-09,ETH,0.00016743,0.0001546296555,0.0002303001493,2665.734206,3506.39,204.1176419,1,1,2749.966764,hold
2024-04-10,ETH,0.00015783,0.0001562298278,0.0002256246558,2674.489488,3545.64,200.3328103,1,1,2749.966764,hold
2024-04-11,ETH,0.0001182766667,0.0001372532472,0.0002186989791,2682.728599,3502.52,196.2933239,1,1,2749.966764,hold
2024-04-12,ETH,0.0001,0.0001186266236,0.0002110409804,2688.248016,3237.43,214.5866579,1,1,2749.966764,hold
2024-04-13,ETH,0.0001,0.0001093133118,0.0002038770462,2691.419778,3007.01,231.3947537,1,1,2749.966764,hold
2024-04-14,ETH,0.0001,0.0001046566559,0.0001971753013,2696.033611,3155.11,233.9736999,1,1,2749.966764,hold
2024-04-15,ETH,8.097666667e-05,9.281666128e-05,0.0001896786152,2700.072979,3101.99,235.4512928,1,1,2749.966764,hold
2024-04-16,ETH,7.407e-05,8.344333064e-05,0.0001822199949,2703.895337,3084.22,228.7769147,1,1,2749.966764,hold
2024-04-17,ETH,3.602666667e-05,5.973499865e-05,0.0001727881672,2706.696479,2985.41,227.3842779,1,1,2749.966764,hold
2024-04-18,ETH,4.036e-05,5.004749933e-05,0.0001642444145,2710.255718,3064.4,221.3868295,1,1,2749.966764,hold
2024-04-19,ETH,5.964333333e-05,5.484541633e-05,0.0001574959577,2713.700537,3056.46,224.4099131,1,1,2749.966764,hold
2024-04-20,ETH,5.833333333e-05,5.658937483e-05,0.000151098369,2718.099438,3155.79,219.3184908,1,1,2749.966764,hold
2024-04-21,ETH,3.109e-05,4.383968742e-05,0.0001433558936,2722.373772,3147.67,209.4164557,1,1,2749.966764,hold
2024-04-22,ETH,2.117e-05,3.250484371e-05,0.0001354729327,2727.128262,3200.2,202.0188517,1,1,2749.966764,hold
2024-04-23,ETH,2.933333333e-05,3.091908852e-05,0.0001286252166,2732.027086,3219.46,195.5610766,1,1,2749.966764,hold
2024-04-24,ETH,3.818e-05,3.454954426e-05,0.0001227900413,2736.094479,3140.8,195.0681426,1,1,2749.966764,hold
2024-04-25,ETH,4.057333333e-05,3.75614388e-05,0.0001174857376,2740.270654,3155.8,189.6661324,1,1,2749.966764,hold
2024-04-26,ETH,3.353333333e-05,3.554738607e-05,0.0001120694535,2744.161493,3131.3,180.8114086,1,1,2749.966764,hold
2024-04-27,ETH,6.460333333e-05,5.00753597e-05,0.0001090071231,2749.250036,3255.56,183.486308,1,1,2749.966764,hold
2024-04-28,ETH,8.631333333e-05,6.819434652e-05,0.0001075430077,2754.366454,3263.45,178.0194289,1,1,2749.966764,hold
2024-04-29,ETH,8.265666667e-05,7.542550659e-05,0.0001059374373,2758.967087,3216.73,177.5766125,1,1,2749.966764,hold
2024-04-30,ETH,6.264666667e-05,6.903608663e-05,0.0001031444843,2761.505226,3014.05,188.4604259,1,1,2749.966764,hold
2024-05-01,ETH,4.700666667e-05,5.802137665e-05,9.952268964e-05,2763.604278,2972.46,189.7303955,1,1,2749.966764,hold
2024-05-02,ETH,5.75e-05,5.776068832e-05,9.681154837e-05,2765.819062,2986.19,184.9967958,1,1,2749.966764,hold
2024-05-03,ETH,3.219333333e-05,4.497701083e-05,9.264263127e-05,2769.170216,3102.61,183.8305961,1,1,2749.966764,hold
2024-05-04,ETH,6.585333333e-05,5.541517208e-05,9.091428947e-05,2772.633497,3117.23,176.0676964,1,1,2749.966764,hold
2024-05-05,ETH,7.94e-05,6.740758604e-05,9.017143209e-05,2776.253164,3136.41,170.5585752,1,1,2749.966764,hold
2024-05-06,ETH,8.198e-05,7.469379302e-05,8.96429526e-05,2779.102387,3062.6,170.8793913,1,1,2749.966764,hold
2024-05-07,ETH,6.116e-05,6.792689651e-05,8.780534275e-05,2781.35699,3005.69,168.0915776,1,1,2749.966764,hold
2024-05-08,ETH,8.333333333e-05,7.563011492e-05,8.751682601e-05,2783.275926,2974.21,163.3471792,1,1,2749.966764,hold
2024-05-09,ETH,0.0001,8.781505746e-05,8.832219208e-05,2785.792882,3036.23,159.4102378,1,1,2749.966764,hold
2024-05-10,ETH,8.059e-05,8.420252873e-05,8.782334098e-05,2787.028674,2909.99,160.5852209,1,1,2749.966764,hold
2024-05-11,ETH,7.595e-05,8.007626437e-05,8.705731898e-05,2788.276648,2912.45,153.3441336,1,1,2749.966764,hold
2024-05-12,ETH,7.181e-05,7.594313218e-05,8.607362098e-05,2789.679766,2929.29,146.250267,1,1,2749.966764,hold
2024-05-13,ETH,8.609666667e-05,8.101989942e-05,8.60751078e-05,2791.284843,2950.99,145.2066765,1,1,2749.966764,hold
2024-05-14,ETH,9.088e-05,8.594994971e-05,8.638510084e-05,2792.186785,2881.93,141.8776281,1,1,2749.966764,hold
2024-05-15,ETH,9.111e-05,8.852997486e-05,8.668993305e-05,2794.578459,3032.55,144.4299404,0,1,2749.966764,hold
2024-05-16,ETH,7.284666667e-05,8.068832076e-05,8.579681909e-05,2796.072206,2944.7,142.5735161,1,0,,exit
2024-05-17,ETH,6.062666667e-05,7.065749371e-05,8.417293829e-05,2799.016861,3092.01,145.7425507,1,1,2588.26621,enter_long
2024-05-18,ETH,6.253e-05,6.659374686e-05,8.277661969e-05,2802.239977,3122.94,139.858797,1,1,2588.26621,hold
2024-05-19,ETH,6.554666667e-05,6.607020676e-05,8.166500981e-05,2804.916096,3071.19,135.8160258,1,1,2588.26621,hold
2024-05-20,ETH,5.410333333e-05,6.008677005e-05,7.988683714e-05,2813.442106,3661.78,172.2813097,1,1,2588.26621,hold
2024-05-21,ETH,0.0001313466667,9.571671836e-05,8.320682614e-05,2823.155121,3789.6,175.4940733,0,1,2588.26621,hold
2024-05-22,ETH,0.00012547,0.0001105933592,8.593348252e-05,2832.255369,3737.73,174.4259252,0,0,,exit
2024-05-23,ETH,0.0001,0.0001052966796,8.684099977e-05,2841.721585,3783.61,194.2019305,0,0,,flat
2024-05-24,ETH,0.0001,0.0001026483398,8.768996753e-05,2850.543062,3728.28,194.8667926,0,0,,flat
2024-05-25,ETH,0.0001,0.0001013241699,8.848416317e-05,2859.48552,3749.26,185.9763075,0,0,,flat
2024-05-26,ETH,0.0001,0.0001006620849,8.922712039e-05,2869.107257,3826.47,183.6229998,0,0,,flat
2024-05-27,ETH,0.0001,0.0001003310425,8.992214488e-05,2879.307384,3894.22,181.4806427,0,0,,flat
2024-05-28,ETH,0.0001073,0.0001038155212,9.104329682e-05,2888.913182,3844.69,179.7455968,0,0,,flat
2024-05-29,ETH,0.0001506166667,0.000127216094,9.488674004e-05,2897.654644,3767.43,177.3323398,0,0,,flat
2024-05-30,ETH,0.0001942166667,0.0001607163803,0.0001012951224,2906.114897,3747.91,173.4350299,0,0,,flat
2024-05-31,ETH,0.0001103733333,0.0001355448568,0.0001018808134,2914.634053,3762.29,170.0603849,0,0,,flat
2024-06-01,ETH,0.00013899,0.0001372674284,0.0001042749545,2923.601078,3815.82,163.6725002,0,0,,flat
2024-06-02,ETH,0.0001189833333,0.0001281253809,0.0001052238822,2932.131515,3780.91,158.1223216,0,0,,flat
2024-06-03,ETH,0.0001377333333,0.0001329293571,0.0001073212661,2940.439262,3767.06,153.3678701,0,0,,flat
2024-06-04,ETH,0.0001026666667,0.0001177980119,0.0001070209694,2949.093897,3810.23,149.6737365,0,0,,flat
2024-06-05,ETH,0.0001254266667,0.0001216123393,0.0001082084337,2958.217242,3865.99,146.8498982,0,0,,flat
2024-06-06,ETH,0.0001825933333,0.0001521028363,0.0001130074595,2966.72712,3813.46,144.8320483,0,0,,flat
2024-06-07,ETH,0.00015454,0.0001533214182,0.0001156869782,2973.807647,3678.32,151.7290449,0,0,,flat
2024-06-08,ETH,0.0001,0.0001266607091,0.0001146749151,2980.850059,3681.57,144.421256,0,0,,flat
2024-06-09,ETH,0.0001,0.0001133303545,0.0001137281464,2988.069462,3706.4,138.045452,1,0,,flat
2024-06-10,ETH,0.0001,0.0001066651773,0.0001128424595,2994.833448,3667.85,133.2514911,1,1,3361.28637,enter_long
2024-06-11,ETH,0.0001,0.0001033325886,0.0001120139138,2999.833414,3497.33,140.9478132,1,1,3361.28637,hold
2024-06-12,ETH,0.0001,0.0001016662943,0.0001112388226,3005.408405,3560.12,144.9472551,1,1,3361.28637,hold
2024-06-13,ETH,0.0001,0.0001008331472,0.0001105137372,3010.025237,3469.4,144.1403083,1,1,3361.28637,hold
2024-06-14,ETH,0.0001,0.0001004165736,0.0001098354316,3014.719513,3481.8,146.0124291,1,1,3361.28637,hold
2024-06-15,ETH,0.0001,0.0001002082868,0.0001092008876,3020.232155,3568.74,144.2465413,1,1,3361.28637,hold
2024-06-16,ETH,0.0001,0.0001001041434,0.000108607282,3026.243876,3624.41,141.9960741,1,1,3361.28637,hold
2024-06-17,ETH,9.712333333e-05,9.861373836e-05,0.0001078663821,3031.071897,3511.46,144.3520688,1,1,3361.28637,hold
2024-06-18,ETH,6.898666667e-05,8.380020252e-05,0.0001053580133,3035.572873,3483.42,145.626921,1,0,,exit
2024-06-19,ETH,8.707333333e-05,8.543676792e-05,0.0001041783566,3040.796129,3560.51,144.1078552,1,1,3119.352697,enter_long
2024-06-20,ETH,6.519e-05,7.531338396e-05,0.0001016629787,3045.495471,3513.08,143.8115799,1,1,3119.352697,hold
2024-06-21,ETH,4.283e-05,5.907169198e-05,9.786730267e-05,3050.201984,3518.5,140.7343242,1,1,3119.352697,hold
2024-06-22,ETH,4.771666667e-05,5.339417932e-05,9.463177776e-05,3054.635298,3495.75,133.9747296,1,1,3119.352697,hold
2024-06-23,ETH,4.965e-05,5.152208966e-05,9.172972758e-05,3058.279822,3420.91,132.6243918,1,1,3119.352697,hold
2024-06-24,ETH,8.360666667e-05,6.756437816e-05,9.120565914e-05,3061.209675,3352.73,137.1340781,1,1,3119.352697,hold
2024-06-25,ETH,0.0001,8.378218908e-05,9.177303597e-05,3064.530077,3394.91,134.0616439,1,1,3119.352697,hold
2024-06-26,ETH,0.0001,9.189109454e-05,9.230380784e-05,3067.583907,3371.44,131.7529551,1,1,3119.352697,hold
2024-06-27,ETH,0.0001,9.594554727e-05,9.280033637e-05,3071.39342,3450.44,130.5748868,0,1,3119.352697,hold
2024-06-28,ETH,0.0001,9.797277364e-05,9.326483079e-05,3074.465625,3380.15,129.9966806,0,0,,exit
2024-06-29,ETH,0.0001,9.898638682e-05,9.369935784e-05,3077.493828,3378.8,123.3154892,0,0,,flat
2024-06-30,ETH,0.0001,9.949319341e-05,9.410585088e-05,3081.082547,3438.16,122.1743828,0,0,,flat
2024-07-01,ETH,0.0001,9.97465967e-05,9.448611857e-05,3084.675755,3442.2,120.6733555,0,0,,flat
2024-07-02,ETH,0.0001,9.987329835e-05,9.484185285e-05,3088.025748,3421.35,116.4909729,0,0,,flat
2024-07-03,ETH,0.0001,9.993664918e-05,9.517463654e-05,3090.089969,3295.48,121.1059034,0,0,,flat
2024-07-04,ETH,0.0001,9.996832459e-05,9.548595031e-05,3089.787582,3059.7,131.2490532,-1,0,,flat
2024-07-05,ETH,8.157666667e-05,9.077249563e-05,9.458857717e-05,3088.712879,2981.78,143.3026922,0,-1,3387.822633,enter_short
2024-07-06,ETH,7.150333333e-05,8.113791448e-05,9.30992066e-05,3088.495139,3066.83,142.1182142,0,0,,exit
2024-07-07,ETH,6.089333333e-05,7.101562391e-05,9.102140833e-05,3086.928023,2931,142.7411989,0,0,,flat
2024-07-08,ETH,7.593333333e-05,7.347447862e-05,9.004798413e-05,3086.252222,3019.01,152.135399,0,0,,flat
2024-07-09,ETH,4.837666667e-05,6.092557264e-05,8.735951204e-05,3086.057175,3066.65,149.2114419,0,0,,flat
2024-07-10,ETH,5.153e-05,5.622778632e-05,8.504793062e-05,3086.206357,3101.05,147.6613389,1,0,,flat
2024-07-11,ETH,6.180333333e-05,5.901555983e-05,8.354827918e-05,3086.339329,3099.57,148.7198147,1,1,2731.906653,enter_long
2024-07-12,ETH,7.294666667e-05,6.598111325e-05,8.286430418e-05,3086.81237,3133.88,146.1191137,1,1,2731.906653,hold
2024-07-13,ETH,9.194666667e-05,7.896388996e-05,8.345026305e-05,3087.699113,3175.93,141.9984627,1,1,2731.906653,hold
2024-07-14,ETH,6.515333333e-05,7.205861165e-05,8.226981597e-05,3089.265092,3245.08,139.3592868,1,1,2731.906653,hold
2024-07-15,ETH,6.128666667e-05,6.667263916e-05,8.09160644e-05,3093.186733,3483.39,148.0057663,1,1,2731.906653,hold
2024-07-16,ETH,6.279e-05,6.473131958e-05,7.974664089e-05,3096.678706,3444.13,148.2939259,1,1,2731.906653,hold
2024-07-17,ETH,6.667e-05,6.570065979e-05,7.890298664e-05,3099.567973,3387.05,147.7729311,1,1,2731.906653,hold
2024-07-18,ETH,6.654666667e-05,6.612366323e-05,7.810580471e-05,3102.821028,3426.5,145.9877218,1,1,2731.906653,hold
2024-07-19,ETH,7.513333333e-05,7.062849828e-05,7.791403236e-05,3106.808182,3503.53,147.2221702,1,1,2731.906653,hold
2024-07-20,ETH,5.437333333e-05,6.250091581e-05,7.639527759e-05,3110.894668,3517.5,140.9670152,1,1,2731.906653,hold
2024-07-21,ETH,6.081666667e-05,6.165879124e-05,7.539020591e-05,3115.123776,3535.92,140.583657,1,1,2731.906653,hold
2024-07-22,ETH,6.812e-05,6.488939562e-05,7.492116037e-05,3118.352395,3439.6,140.5762529,1,1,2731.906653,hold
2024-07-23,ETH,8.935e-05,7.711969781e-05,7.585205325e-05,3121.975854,3482.51,141.3922348,0,1,2731.906653,hold
2024-07-24,ETH,7.655666667e-05,7.683818224e-05,7.589751218e-05,3124.103557,3335.81,144.7085038,0,0,,exit
2024-07-25,ETH,4.461333333e-05,6.072575779e-05,7.387917806e-05,3124.614766,3175.48,152.5843249,1,0,,flat
2024-07-26,ETH,4.033333333e-05,5.052954556e-05,7.171493001e-05,3126.107256,3274.61,149.9254446,1,1,2794.009188,enter_long
2024-07-27,ETH,4.084e-05,4.568477278e-05,6.972299905e-05,3127.330168,3249.01,148.9721985,1,1,2794.009188,hold
2024-07-28,ETH,0.0001,7.284238639e-05,7.167635395e-05,3128.751361,3270.16,144.4877558,0,1,2794.009188,hold
2024-07-29,ETH,9.391333333e-05,8.337785986e-05,7.311099778e-05,3130.631049,3317.66,144.0793447,0,0,,exit
2024-07-30,ETH,0.0001,9.168892993e-05,7.484577211e-05,3132.109447,3279.21,143.3036772,0,0,,flat
2024-07-31,ETH,0.0001,9.584446497e-05,7.646862553e-05,3133.110746,3232.74,142.7998431,0,0,,flat
2024-08-01,ETH,8.657666667e-05,9.121056582e-05,7.712075721e-05,3133.810141,3203.4,144.2105686,0,0,,flat
2024-08-02,ETH,6.399e-05,7.760028291e-05,7.627361159e-05,3132.375314,2989.61,151.8812423,-1,0,,flat
2024-08-03,ETH,5.411e-05,6.585514145e-05,7.484370116e-05,3130.09934,2903.64,152.3911535,0,-1,3369.313106,enter_short
2024-08-04,ETH,4.210333333e-05,5.397923739e-05,7.273141937e-05,3125.709496,2688.92,163.3246426,0,0,,exit
2024-08-05,ETH,-2.641333333e-05,1.378295203e-05,6.633498371e-05,3118.683431,2419.59,193.5471681,0,0,,flat
2024-08-06,ETH,-4.684333333e-05,-1.653019065e-05,5.90331568e-05,3112.142601,2461.33,189.8680847,0,0,,flat
2024-08-07,ETH,-3.114666667e-05,-2.383842866e-05,5.321510367e-05,3104.48745,2342.8,193.6117929,0,0,,flat
2024-08-08,ETH,-2.965666667e-05,-2.674754766e-05,4.786853785e-05,3100.28857,2682.5,208.6180934,0,0,,flat
2024-08-09,ETH,8.66e-06,-9.043773831e-06,4.533895476e-05,3095.298435,2598.78,204.8146582,0,0,,flat
2024-08-10,ETH,2.896666667e-06,-3.073553582e-06,4.260074262e-05,3090.468799,2609.92,195.0571826,0,0,,flat
2024-08-11,ETH,1.456666667e-06,-8.084434579e-07,3.994628611e-05,3085.144532,2555.38,193.9816695,0,0,,flat
2024-08-12,ETH,4.745666667e-05,2.33241116e-05,4.043082679e-05,3081.534138,2722.3,197.2651217,0,0,,flat
2024-08-13,ETH,-8.92e-06,7.202055802e-06,3.724690248e-05,3077.762057,2702.44,192.2483273,0,0,,flat
2024-08-14,ETH,8.633333333e-07,4.032694568e-06,3.489957544e-05,3073.619648,2661.45,189.0734468,0,0,,flat
2024-08-15,ETH,4.493666667e-05,2.448468062e-05,3.554712971e-05,3068.607413,2569.89,186.9889149,0,0,,flat
2024-08-16,ETH,1.428666667e-05,1.938567364e-05,3.417548694e-05,3063.872314,2592.73,179.4132781,0,0,,flat
2024-08-17,ETH,-1.169333333e-05,3.846170154e-06,3.121620821e-05,3059.401047,2614.51,169.6116154,0,0,,flat
2024-08-18,ETH,-1.355333333e-05,-4.85358159e-06,2.832785069e-05,3054.950788,2612.15,164.2557857,0,0,,flat
2024-08-19,ETH,-1.443666667e-05,-9.645124128e-06,2.556884957e-05,3050.785705,2636.36,158.5589439,0,0,,flat
2024-08-20,ETH,7.333333333e-07,-4.455895397e-06,2.39665582e-05,3046.029828,2572.82,157.233305,0,0,,flat
2024-08-21,ETH,2.591666667e-05,1.073038563e-05,2.409237165e-05,3041.897292,2630.71,155.1109261,0,0,,flat
2024-08-22,ETH,1.536e-05,1.304519282e-05,2.352899283e-05,3037.727965,2622.88,148.3522885,0,0,,flat
2024-08-23,ETH,4.166666667e-05,2.735592974e-05,2.469916534e-05,3034.98918,2762.48,150.4506965,-1,0,,flat
2024-08-24,ETH,1.566666667e-07,1.37562982e-05,2.311577833e-05,3032.332571,2768,146.0427896,0,-1,3138.616741,enter_short
2024-08-25,ETH,8.336666667e-06,1.104648244e-05,2.216228725e-05,3029.484784,2746.13,139.8304475,0,0,,exit
2024-08-26,ETH,4.720333333e-05,2.912490788e-05,2.377783861e-05,3026.012199,2680.49,136.6525584,-1,0,,flat
2024-08-27,ETH,7.32e-05,5.116245394e-05,2.696636515e-05,3020.353669,2457.33,148.8216613,-1,-1,3022.121396,enter_short
2024-08-28,ETH,-1.800333333e-05,1.65795603e-05,2.406509428e-05,3015.457911,2528.33,147.8915427,0,-1,3022.121396,hold
2024-08-29,ETH,3.21e-06,9.894780152e-06,2.271960433e-05,3010.603703,2527.61,143.7221468,0,0,,exit
2024-08-30,ETH,3.335e-05,2.162239008e-05,2.340543631e-05,3005.781776,2526,142.1012791,0,0,,flat
2024-08-31,ETH,7.674666667e-05,4.918452837e-05,2.684680601e-05,3000.878574,2513.01,134.9533306,-1,0,,flat
2024-09-01,ETH,4.651333333e-05,4.784893085e-05,2.811561422e-05,2995.155603,2425.72,133.6195213,-1,-1,2850.383327,enter_short
2024-09-02,ETH,2.854e-05,3.819446543e-05,2.814299395e-05,2990.60689,2538.01,134.1688412,-1,-1,2850.383327,hold
2024-09-03,ETH,5.256333333e-05,4.537889938e-05,2.971849972e-05,2984.981846,2425.29,134.7624954,-1,-1,2850.383327,hold
2024-09-04,ETH,4.259333333e-05,4.398611636e-05,3.054913414e-05,2979.665708,2450.71,138.2330314,-1,-1,2850.383327,hold
2024-09-05,ETH,3.371666667e-05,3.885139151e-05,3.075349108e-05,2973.587542,2368.81,136.7849578,-1,-1,2850.383327,hold
2024-09-06,ETH,4.18e-05,4.032569576e-05,3.146616908e-05,2966.141198,2225.23,145.4631751,-1,-1,2850.383327,hold
2024-09-07,ETH,7.853333333e-06,2.408951454e-05,2.994276032e-05,2959.250042,2273.58,141.522234,0,-1,2850.383327,hold
2024-09-08,ETH,3.426333333e-05,2.917642394e-05,3.022150696e-05,2952.663474,2297.3,138.0306459,0,0,,exit
2024-09-09,ETH,8.986666667e-06,1.90815453e-05,2.885151727e-05,2946.76135,2359.5,135.9291712,0,0,,flat
2024-09-10,ETH,-7.143333333e-06,5.969105985e-06,2.652926884e-05,2941.206709,2388.52,131.9049446,0,0,,flat
2024-09-11,ETH,8.306666667e-06,7.137886326e-06,2.535361709e-05,2935.230025,2340.55,130.4574486,0,0,,flat
2024-09-12,ETH,2.074e-05,1.393894316e-05,2.505596437e-05,2929.523856,2361.76,126.6062023,0,0,,flat
2024-09-13,ETH,4.789e-05,3.091447158e-05,2.652912796e-05,2924.644912,2439.19,126.6679021,-1,0,,flat
2024-09-14,ETH,1.883333333e-06,1.639890246e-05,2.49390767e-05,2919.601579,2417.79,122.183052,0,-1,2755.859755,enter_short
2024-09-15,ETH,1.073e-05,1.356445123e-05,2.402236207e-05,2913.596588,2316.1,123.9249768,0,0,,exit
2024-09-16,ETH,-1.621e-05,-1.322774386e-06,2.142672581e-05,2907.448164,2295.68,121.023907,0,0,,flat
2024-09-17,ETH,5.298333333e-05,2.583027947e-05,2.346263597e-05,2901.819824,2341.8,121.6893423,-1,0,,flat
2024-09-18,ETH,3.398333333e-05,2.99068064e-05,2.414139064e-05,2896.575348,2374.75,120.0543892,-1,-1,2646.013356,enter_short
2024-09-19,ETH,6.128e-05,4.55934032e-05,2.653742995e-05,2892.283156,2465.21,120.2183614,-1,-1,2646.013356,hold
2024-09-20,ETH,9.911333333e-05,7.235336827e-05,3.12197463e-05,2888.990786,2561.4,121.2470499,-1,-1,2646.013356,hold
2024-09-21,ETH,5.956333333e-05,6.59583508e-05,3.304836482e-05,2886.238639,2612.4,119.3272606,-1,-1,2646.013356,hold
2024-09-22,ETH,6.698e-05,6.64691754e-05,3.523750257e-05,2883.201438,2581,118.5174563,-1,-1,2646.013356,hold
2024-09-23,ETH,5.281666667e-05,5.964292103e-05,3.637164219e-05,2880.850877,2646.97,121.7183523,-1,0,,exit
2024-09-24,ETH,4.46e-05,5.212146052e-05,3.690250399e-05,2878.585694,2653.2,118.6956128,-1,-1,2951.275881,enter_short
2024-09-25,ETH,3.901666667e-05,4.556906359e-05,3.703890158e-05,2875.614194,2579.95,118.7494976,-1,-1,2951.275881,hold
2024-09-26,ETH,8.537333333e-05,6.547119846e-05,4.015725201e-05,2873.192759,2632.26,117.9116764,-1,-1,2951.275881,hold
2024-09-27,ETH,7.865e-05,7.206059923e-05,4.264065511e-05,2871.414025,2694.43,117.5886995,-1,-1,2951.275881,hold
2024-09-28,ETH,7.797666667e-05,7.501863295e-05,4.492039779e-05,2869.461747,2675.21,113.0716495,-1,-1,2951.275881,hold
2024-09-29,ETH,6.318e-05,6.909931647e-05,4.609843664e-05,2867.353868,2657.62,108.8501031,-1,-1,2951.275881,hold
2024-09-30,ETH,8.260333333e-05,7.58513249e-05,4.845359127e-05,2864.71582,2602.23,107.3965243,-1,-1,2951.275881,hold
2024-10-01,ETH,9.465666667e-05,8.525399579e-05,5.143443484e-05,2860.567304,2447.79,117.225344,-1,-1,2951.275881,hold
2024-10-02,ETH,8.953e-05,8.739199789e-05,5.389221324e-05,2855.627331,2364.1,119.3521052,-1,-1,2951.275881,hold
2024-10-03,ETH,3.721e-05,6.230099895e-05,5.281594142e-05,2850.594223,2349.8,117.4969548,-1,-1,2951.275881,hold
2024-10-04,ETH,4.259e-05,5.244549947e-05,5.215620326e-05,2846.254082,2414.41,116.4250295,-1,-1,2951.275881,hold
2024-10-05,ETH,7.789e-05,6.516774974e-05,5.381644821e-05,2841.959613,2414.66,110.8360988,-1,-1,2951.275881,hold
2024-10-06,ETH,5.866333333e-05,6.191554153e-05,5.412915048e-05,2837.960313,2440.03,106.547806,-1,-1,2951.275881,hold
2024-10-07,ETH,5.076666667e-05,5.63411041e-05,5.391221604e-05,2833.828469,2422.71,107.3658199,-1,-1,2951.275881,hold
2024-10-08,ETH,8.323e-05,6.978555205e-05,5.580368597e-05,2829.918634,2440.89,104.3739756,-1,-1,2951.275881,hold
2024-10-09,ETH,7.88e-05,7.429277603e-05,5.728731913e-05,2825.347005,2370.47,105.6465488,-1,-1,2951.275881,hold
2024-10-10,ETH,8.887666667e-05,8.158472135e-05,5.932534156e-05,2820.980269,2386.49,104.5789381,-1,-1,2951.275881,hold
2024-10-11,ETH,8.483666667e-05,8.321069401e-05,6.09712335e-05,2817.184445,2439.5,103.5082997,-1,-1,2951.275881,hold
2024-10-12,ETH,7.265e-05,7.7930347e-05,6.172470231e-05,2813.793555,2476.4,100.1262783,-1,-1,2951.275881,hold
2024-10-13,ETH,4.549666667e-05,6.171350683e-05,6.067773226e-05,2810.361878,2468.91,96.44011555,-1,-1,2951.275881,hold
2024-10-14,ETH,8.853e-05,7.512175342e-05,6.247465276e-05,2808.565143,2629.79,104.5951073,-1,-1,2951.275881,hold
2024-10-15,ETH,0.0001,8.756087671e-05,6.489564291e-05,2806.563599,2607.41,107.9268853,-1,-1,2951.275881,hold
2024-10-16,ETH,0.0001,9.378043835e-05,6.716044014e-05,2804.618688,2611.1,104.4406793,-1,-1,2951.275881,hold
2024-10-17,ETH,0.0001,9.689021918e-05,6.927912142e-05,2802.640392,2605.8,102.1927736,-1,-1,2951.275881,hold
2024-10-18,ETH,0.0001,9.844510959e-05,7.126111359e-05,2801.043672,2642.17,100.5425755,-1,-1,2951.275881,hold
2024-10-19,ETH,0.0001,9.922255479e-05,7.311523529e-05,2799.522839,2648.2,95.68024866,-1,-1,2951.275881,hold
2024-10-20,ETH,0.0001,9.96112774e-05,7.484973624e-05,2798.999328,2746.91,97.66451661,-1,-1,2951.275881,hold
2024-10-21,ETH,0.0001,9.98056387e-05,7.64723339e-05,2797.682917,2666.7,98.86490828,-1,-1,2951.275881,hold
2024-10-22,ETH,0.0001,9.990281935e-05,7.799024784e-05,2795.942888,2622.81,96.47170055,-1,-1,2951.275881,hold
2024-10-23,ETH,0.0001,9.995140967e-05,7.941023185e-05,2793.243058,2524.61,102.3094362,-1,-1,2951.275881,hold
2024-10-24,ETH,0.0001,9.997570484e-05,8.073860399e-05,2790.681635,2535.82,98.95447649,-1,-1,2951.275881,hold
2024-10-25,ETH,0.0001,9.998785242e-05,8.19812747e-05,2787.198434,2440.62,105.0105853,-1,-1,2951.275881,hold
2024-10-26,ETH,0.0001,9.999392621e-05,8.314377311e-05,2784.166709,2482.51,103.0726864,-1,-1,2951.275881,hold
2024-10-27,ETH,0.0001,9.99969631e-05,8.423127162e-05,2781.416791,2507.8,100.2717802,-1,-1,2951.275881,hold
2024-10-28,ETH,0.0001,9.999848155e-05,8.524860893e-05,2779.288067,2567.48,101.5380816,-1,-1,2951.275881,hold
2024-10-29,ETH,0.0001,9.999924078e-05,8.620031158e-05,2777.890176,2638.8,102.9039329,-1,-1,2951.275881,hold
2024-10-30,ETH,0.0001,9.999962039e-05,8.709061406e-05,2776.709079,2659.19,104.313652,-1,-1,2951.275881,hold
2024-10-31,ETH,0.0001,9.999981019e-05,8.792347767e-05,2774.140929,2518.61,108.7198197,-1,-1,2951.275881,hold
2024-11-01,ETH,0.0001,9.99999051e-05,8.870260814e-05,2771.527487,2511.49,109.463404,-1,-1,2951.275881,hold
2024-11-02,ETH,0.0001,9.999995255e-05,8.943147213e-05,2768.768308,2494.23,105.4624466,-1,-1,2951.275881,hold
2024-11-03,ETH,0.0001,9.999997627e-05,9.011331264e-05,2765.673399,2457.73,104.0287004,-1,-1,2951.275881,hold
2024-11-04,ETH,0.0001,9.999998814e-05,9.075116344e-05,2762.017047,2398.21,106.1552218,-1,-1,2951.275881,hold
2024-11-05,ETH,0.0001,9.999999407e-05,9.134786257e-05,2758.639266,2422.55,105.662706,-1,-1,2951.275881,hold
2024-11-06,ETH,9.837e-05,9.918499703e-05,9.18009037e-05,2758.273402,2721.87,121.2867984,-1,-1,2951.275881,hold
2024-11-07,ETH,0.0001162833333,0.0001077341652,9.338041529e-05,2759.638543,2895.47,128.0963128,0,-1,2951.275881,hold
2024-11-08,ETH,0.0001,0.0001038670826,9.380748527e-05,2761.649602,2961.75,125.7530047,0,0,,exit
2024-11-09,ETH,0.0001,0.0001019335413,9.420700235e-05,2765.277069,3126.21,131.319933,0,0,,flat
2024-11-10,ETH,0.0001556933333,0.0001288134373,9.817386241e-05,2769.435605,3183.21,134.7627949,0,0,,flat
2024-11-11,ETH,0.0002169466667,0.000172880052,0.000105836624,2775.427191,3371.59,145.3233096,0,0,,flat
2024-11-12,ETH,0.00040436,0.000288620026,0.0001250961966,2780.087617,3243.8,151.7166446,0,0,,flat
2024-11-13,ETH,0.00020019,0.000244405013,0.0001299409581,2784.138089,3187.16,156.1875985,0,0,,flat
2024-11-14,ETH,0.0001019333333,0.0001731691732,0.0001281340146,2786.871242,3058.82,160.1627701,0,0,,flat
2024-11-15,ETH,0.0001208033333,0.0001469862532,0.0001276610674,2789.887548,3090.01,157.0482865,0,0,,flat
2024-11-16,ETH,0.0001318866667,0.00013943646,0.0001279336867,2793.300309,3132.87,156.3998375,0,0,,flat
2024-11-17,ETH,0.0001322833333,0.0001358598966,0.0001282143091,2796.113241,3076,154.3084205,0,0,,flat
2024-11-18,ETH,0.0002375933333,0.000186726615,0.0001352710203,2800.209627,3207.8,155.7813905,0,0,,flat
2024-11-19,ETH,0.0002568166667,0.0002217716408,0.0001431126749,2803.266646,3107.44,155.7827197,0,0,,flat
2024-11-20,ETH,0.00016831,0.0001950408204,0.0001447383088,2805.920411,3069.97,153.9260969,0,0,,flat
2024-11-21,ETH,0.00013382,0.0001644304102,0.0001440339018,2811.391949,3355.81,168.22709,0,0,,flat
2024-11-22,ETH,0.0002850133333,0.0002247218718,0.000153129349,2816.530138,3327.78,168.2380121,0,0,,flat
2024-11-23,ETH,0.0002822233333,0.0002534726026,0.0001614579931,2822.275212,3393.91,169.420297,0,0,,flat
2024-11-24,ETH,0.0002599866667,0.0002567296346,0.0001678146817,2827.637647,3361.2,169.3617043,0,0,,flat
2024-11-25,ETH,0.0002433033333,0.000250016484,0.0001726849173,2833.476974,3414.49,174.8822969,0,0,,flat
2024-11-26,ETH,0.0001831333333,0.0002165749087,0.0001733590087,2838.365064,3324.73,177.4257042,0,0,,flat
2024-11-27,ETH,0.00019223,0.0002044024543,0.000174576492,2846.473671,3653.28,192.0752968,0,0,,flat
2024-11-28,ETH,0.0001413933333,0.0001728978938,0.0001724356431,2853.7604,3578.79,187.7956327,0,0,,flat
2024-11-29,ETH,0.0001178466667,0.0001453722802,0.0001689137736,2861.108158,3592.21,182.5030875,1,0,,flat
2024-11-30,ETH,0.0001808733333,0.0001631228068,0.0001696853581,2869.491161,3703.6,181.6514384,1,1,3135.962281,enter_long
2024-12-01,ETH,0.0001355466667,0.0001493347367,0.0001674828619,2877.830652,3707.61,174.9334785,1,1,3135.962281,hold
2024-12-02,ETH,0.0003127466667,0.0002310407017,0.0001768547203,2885.448457,3643.42,177.1296586,0,1,3135.962281,hold
2024-12-03,ETH,0.0002515,0.0002412703508,0.0001816705448,2892.702801,3614.51,176.6203973,0,0,,exit
2024-12-04,ETH,0.0001815766667,0.0002114235088,0.0001816644881,2902.106753,3837.8,183.4853689,0,0,,flat
2024-12-05,ETH,0.0003477033333,0.000279563421,0.0001923766717,2910.893751,3785.2,190.3078426,0,0,,flat
2024-12-06,ETH,0.0002206133333,0.0002500883772,0.0001941983918,2921.719385,3998.87,198.8908538,0,0,,flat
2024-12-07,ETH,0.00025996,0.0002550241886,0.0001984410762,2932.410933,3996.22,188.7172214,0,0,,flat
2024-12-08,ETH,0.0002112633333,0.000233143761,0.0001992683186,2943.075004,4004.15,181.8145627,0,0,,flat
2024-12-09,ETH,0.0001456433333,0.0001893935471,0.0001958086421,2950.725999,3712,204.3399511,1,0,,flat
2024-12-10,ETH,0.0001,0.0001446967736,0.0001896274394,2957.467531,3628.25,208.663526,1,1,3201.150122,enter_long
2024-12-11,ETH,0.0001,0.0001223483868,0.0001838450239,2966.167457,3831.81,214.2089885,1,1,3201.150122,hold
2024-12-12,ETH,0.0001,0.0001111741934,0.0001784356676,2975.276338,3881.61,212.5233464,1,1,3201.150122,hold
2024-12-13,ETH,0.0001,0.0001055870967,0.0001733753019,2984.54523,3906.8,205.5952503,1,1,3201.150122,hold
2024-12-14,ETH,0.0001,0.0001027935483,0.0001686414115,2993.358611,3870.29,199.4791609,1,1,3201.150122,hold
2024-12-15,ETH,9.801333333e-05,0.0001004034408,0.0001640847613,3002.967878,3959.09,195.4527923,1,1,3201.150122,hold
2024-12-16,ETH,9.554e-05,9.797172042e-05,0.0001596625186,3012.751681,3986.24,197.4775929,1,1,3201.150122,hold
2024-12-17,ETH,0.0001,9.898586021e-05,0.0001558133239,3021.51047,3893.01,197.2191934,1,1,3201.150122,hold
2024-12-18,ETH,9.348666667e-05,9.623626344e-05,0.0001517922492,3027.533252,3626.8,203.8299653,1,1,3201.150122,hold
2024-12-19,ETH,6.971666667e-05,8.297646505e-05,0.0001464970503,3031.408642,3417.01,217.3563963,1,1,3201.150122,hold
2024-12-20,ETH,0.0001,9.148823253e-05,0.0001434972406,3035.794725,3472.21,230.112368,1,0,,exit
2024-12-21,ETH,8.784e-05,8.966411626e-05,0.0001399064509,3038.810897,3338.92,232.395056,1,1,2896.91908,enter_long
2024-12-22,ETH,8.456666667e-05,8.711539146e-05,0.0001363361422,3041.228998,3281.83,228.7882663,1,1,2896.91908,hold
2024-12-23,ETH,6.586e-05,7.648769573e-05,0.0001317892944,3045.023038,3422.53,230.3048187,1,1,2896.91908,hold
2024-12-24,ETH,6.959333333e-05,7.304051453e-05,0.0001277766517,3049.482311,3493.18,226.8159031,1,1,2896.91908,hold
2024-12-25,ETH,4.086e-05,5.695025727e-05,0.0001221691258,3053.935223,3497,218.2590529,1,1,2896.91908,hold
2024-12-26,ETH,8.768333333e-05,7.23167953e-05,0.000119944236,3056.732385,3335.05,217.6912634,1,1,2896.91908,hold
2024-12-27,ETH,7.925666667e-05,7.578673098e-05,0.0001173192315,3059.486391,3333.51,211.9676017,1,1,2896.91908,hold
2024-12-28,ETH,9.778666667e-05,8.678669882e-05,0.000116059066,3062.914388,3404,204.4306302,1,1,2896.91908,hold
2024-12-29,ETH,6.857333333e-05,7.768001608e-05,0.0001129954704,3065.835438,3356.48,196.0862994,1,1,2896.91908,hold
2024-12-30,ETH,0.0001,8.884000804e-05,0.0001121570529,3068.780757,3361.84,191.5508495,1,1,2896.91908,hold
2024-12-31,ETH,9.504666667e-05,9.194333735e-05,0.000111053157,3071.457367,3337.78,187.5407888,1,1,2896.91908,hold
2025-01-01,ETH,0.0001,9.597166868e-05,0.0001103400501,3074.332219,3360.38,178.5000182,1,1,2896.91908,hold
2025-01-02,ETH,0.0001,9.798583434e-05,0.0001096729501,3078.126625,3455.67,176.8564454,1,1,2896.91908,hold
2025-01-03,ETH,0.0001,9.899291717e-05,0.0001090488888,3083.409046,3609.01,178.9781279,1,1,2896.91908,hold
2025-01-04,ETH,0.0001,9.949645858e-05,0.0001084650895,3089.115225,3656.88,173.2782616,1,1,2896.91908,hold
2025-01-05,ETH,0.0001,9.974822929e-05,0.0001079189547,3094.556765,3635.99,166.7262429,1,1,2896.91908,hold
2025-01-06,ETH,0.0001,9.987411465e-05,0.0001074080544,3100.4562,3687.45,164.4029399,1,1,2896.91908,hold
2025-01-07,ETH,0.0001,9.993705732e-05,0.0001069301154,3103.250766,3381.31,177.270587,1,1,2896.91908,hold
2025-01-08,ETH,9.886e-05,9.939852866e-05,0.0001064094628,3105.480012,3327.29,179.3869737,1,1,2896.91908,hold
2025-01-09,ETH,8.869666667e-05,9.404759766e-05,0.0001052667018,3106.611554,3219.2,180.8071898,1,1,2896.91908,hold
2025-01-10,ETH,7.911666667e-05,8.658213217e-05,0.0001035796027,3108.207857,3267.04,177.0723906,1,1,2896.91908,hold
2025-01-11,ETH,7.408e-05,8.033106608e-05,0.0001016764026,3109.945391,3282.83,171.7543627,1,1,2896.91908,hold
2025-01-12,ETH,9.378e-05,8.705553304e-05,0.0001011669572,3111.511108,3267.3,164.8797653,1,1,2896.91908,hold
2025-01-13,ETH,7.581666667e-05,8.143609985e-05,9.953145462e-05,3111.769804,3137.51,183.0312107,1,1,2896.91908,hold
2025-01-14,ETH,6.842333333e-05,7.492971659e-05,9.752447905e-05,3112.902741,3225.63,179.3161242,1,1,2896.91908,hold
2025-01-15,ETH,5.29e-05,6.39148583e-05,9.46454804e-05,3116.272067,3451.52,187.0356867,1,1,2896.91908,hold
2025-01-16,ETH,7.862e-05,7.126742915e-05,9.361157844e-05,3118.180305,3308.05,187.6295663,1,1,2896.91908,hold
2025-01-17,ETH,0.0001,8.563371457e-05,9.402373467e-05,3121.717118,3473.63,189.8145972,1,1,2896.91908,hold
2025-01-18,ETH,0.0001,9.281685729e-05,9.440930018e-05,3123.567793,3307.71,195.3556974,1,1,2896.91908,hold
2025-01-19,ETH,0.0001,9.640842864e-05,9.476999049e-05,3124.478761,3215.12,204.1524333,0,1,2896.91908,hold
2025-01-20,ETH,0.0001,9.820421432e-05,9.510741046e-05,3126.066037,3284,211.7779738,0,0,,exit
2025-01-21,ETH,0.0001,9.910210716e-05,9.54230614e-05,3128.070753,3327.54,208.3224043,0,0,,flat
2025-01-22,ETH,0.0001,9.955105358e-05,9.571834776e-05,3129.210347,3242.6,203.6665182,0,0,,flat
2025-01-23,ETH,0.0001,9.977552679e-05,9.599458339e-05,3131.289946,3338.21,200.7596241,0,0,,flat
2025-01-24,ETH,0.0001,9.98877634e-05,9.625299736e-05,3133.069051,3310.09,197.2839366,0,0,,flat
2025-01-25,ETH,7.459666667e-05,8.724221503e-05,9.485581474e-05,3134.916821,3318.77,189.0507983,1,0,,flat
2025-01-26,ETH,7.745666667e-05,8.234944085e-05,9.373328905e-05,3135.888893,3232.61,184.9757413,1,1,2846.133004,enter_long
2025-01-27,ETH,2.238333333e-05,5.236638709e-05,8.91300661e-05,3136.352088,3182.44,188.4703312,1,1,2846.133004,hold
2025-01-28,ETH,6.65e-05,5.943319355e-05,8.767006184e-05,3135.768684,3077.72,188.0781647,0,1,2846.133004,hold
2025-01-29,ETH,8.417666667e-05,7.180493011e-05,8.744468151e-05,3135.551085,3113.9,183.8197243,0,0,,exit
2025-01-30,ETH,6.447333333e-05,6.813913172e-05,8.596265904e-05,3136.66391,3247.39,184.4304583,1,0,,flat
2025-01-31,ETH,9.128e-05,7.970956586e-05,8.63057133e-05,3138.298996,3300.99,187.2218542,1,1,2786.303854,enter_long
2025-02-01,ETH,7.249e-05,7.609978293e-05,8.541437696e-05,3138.092439,3117.54,190.297436,0,1,2786.303854,hold
2025-02-02,ETH,6.736333333e-05,7.173155813e-05,8.42497935e-05,3135.421668,2869.68,206.1683334,0,0,,exit
2025-02-03,ETH,-0.00012847,-2.836922093e-05,7.052593585e-05,3132.879164,2879.9,248.2984525,0,0,,flat
2025-02-04,ETH,-5.92e-05,-4.378461047e-05,6.215652064e-05,3128.882257,2731.19,248.8414202,0,0,,flat
2025-02-05,ETH,-1.659666667e-05,-3.019063857e-05,5.707566984e-05,3125.492881,2788.25,240.197033,0,0,,flat
2025-02-06,ETH,-1.114333333e-05,-2.066698595e-05,5.267444383e-05,3121.126186,2686.64,237.4943878,0,0,,flat
2025-02-07,ETH,1.382333333e-05,-3.421826308e-06,5.016792057e-05,3116.160751,2622.1,237.3155029,0,0,,flat
2025-02-08,ETH,4.856e-05,2.256908685e-05,5.006418376e-05,3111.347808,2632.46,225.9715384,0,0,,flat
2025-02-09,ETH,3.378333333e-05,2.817621009e-05,4.901380631e-05,3106.530218,2627.18,222.6078571,0,0,,flat
2025-02-10,ETH,4.460333333e-05,3.638977171e-05,4.872925967e-05,3102.098972,2661.19,216.2744388,0,0,,flat
2025-02-11,ETH,8.173333333e-06,2.228155252e-05,4.611274829e-05,3097.128734,2602.59,212.7405503,0,0,,flat
2025-02-12,ETH,5.969333333e-05,4.098744293e-05,4.698891507e-05,3093.558,2738.27,215.2969395,0,0,,flat
2025-02-13,ETH,6.855666667e-05,5.47720548e-05,4.838038292e-05,3089.4019,2675.87,210.2414439,-1,0,,flat
2025-02-14,ETH,5.438333333e-05,5.457769407e-05,4.876767004e-05,3085.785463,2725.95,204.3184836,-1,-1,3201.47361,enter_short
2025-02-15,ETH,3.017e-05,4.237384703e-05,4.756782036e-05,3081.877548,2693.04,195.2043062,0,-1,3201.47361,hold
2025-02-16,ETH,4.526333333e-05,4.381859018e-05,4.741914378e-05,3077.693792,2661.41,186.6932843,0,0,,exit
2025-02-17,ETH,6.419666667e-05,5.400762842e-05,4.850156461e-05,3074.373953,2744.05,188.5001926,-1,0,,flat
2025-02-18,ETH,2.862666667e-05,4.131714755e-05,4.721931313e-05,3070.370132,2671.99,185.8566074,0,-1,3215.300481,enter_short
2025-02-19,ETH,5.140666667e-05,4.636190711e-05,4.748946497e-05,3066.839086,2715.5,178.3432783,0,0,,exit
2025-02-20,ETH,3.942333333e-05,4.289262022e-05,4.696906938e-05,3063.567454,2738.04,170.1337584,0,0,,flat
2025-02-21,ETH,4.808666667e-05,4.548964344e-05,4.704117243e-05,3059.581708,2663,174.3099185,0,0,,flat
2025-02-22,ETH,1.745666667e-05,3.147315505e-05,4.513249464e-05,3056.632835,2763.22,172.1977815,0,0,,flat
2025-02-23,ETH,4.578333333e-05,3.862824419e-05,4.517448423e-05,3054.275195,2819.69,167.89294,0,0,,flat
2025-02-24,ETH,3.711e-05,3.78691221e-05,4.465419493e-05,3048.894546,2513.52,182.3020157,0,0,,flat
2025-02-25,ETH,-6.833333333e-07,1.859289438e-05,4.17291931e-05,3043.390123,2495.7,184.9947288,0,0,,flat
2025-02-26,ETH,3.798666667e-05,2.828978052e-05,4.148773979e-05,3036.355097,2336.37,189.9043911,0,0,,flat
2025-02-27,ETH,7.847333333e-05,5.338155693e-05,4.387390711e-05,3029.104996,2307.72,187.1276488,-1,0,,flat
2025-02-28,ETH,2.188e-05,3.763077846e-05,4.245494536e-05,3021.229225,2237.59,190.7556739,0,-1,2775.539122,enter_short
2025-03-01,ETH,9.543333333e-06,2.35870559e-05,4.033161555e-05,3013.230825,2217.39,187.0166972,0,0,,exit
2025-03-02,ETH,5.165333333e-05,3.762019462e-05,4.106204896e-05,3008.304249,2518.11,200.6969331,0,0,,flat
2025-03-03,ETH,9.66e-06,2.364009731e-05,3.903611032e-05,2999.754058,2149.01,216.7650093,0,0,,flat
2025-03-04,ETH,-2.622e-05,-1.289951346e-06,3.482603868e-05,2991.512823,2171.51,217.6160801,0,0,,flat
2025-03-05,ETH,5.367333333e-05,2.619169099e-05,3.604199318e-05,2984.050905,2241.59,210.5349315,0,0,,flat
2025-03-06,ETH,9.243333333e-06,1.771751216e-05,3.431304738e-05,2976.271294,2202.2,205.7174364,0,0,,flat
2025-03-07,ETH,2.009333333e-05,1.890542275e-05,3.339564647e-05,2967.966107,2141.6,202.2126195,0,0,,flat
2025-03-08,ETH,4.573666667e-05,3.232104471e-05,3.419184133e-05,2960.360275,2203.58,197.0452896,0,0,,flat
2025-03-09,ETH,3.498333333e-05,3.365218902e-05,3.424290533e-05,2951.007536,2020.41,198.8520546,0,0,,flat
2025-03-10,ETH,5.863333333e-06,1.975776118e-05,3.24119652e-05,2940.202485,1865.1,209.104765,0,0,,flat
2025-03-11,ETH,1.893666667e-05,1.934721392e-05,3.15425911e-05,2930.085346,1923.43,209.0915675,0,0,,flat
2025-03-12,ETH,-2.113333333e-06,8.616940294e-06,2.937124114e-05,2919.917333,1908.2,203.4621698,0,0,,flat
2025-03-13,ETH,2.381333333e-05,1.621513681e-05,2.901266644e-05,2909.416563,1864.59,196.1634434,0,0,,flat
2025-03-14,ETH,5.320666667e-05,3.471090174e-05,3.057356968e-05,2899.488538,1911.65,188.1753403,-1,0,,flat
2025-03-15,ETH,3.206333333e-05,3.338711754e-05,3.066968346e-05,2889.913229,1937.17,178.5513874,-1,-1,2382.078351,enter_short
2025-03-16,ETH,-2.788333333e-05,2.751892102e-06,2.689206948e-05,2879.933993,1887,171.5470026,0,-1,2382.078351,hold
2025-03-17,ETH,3.807666667e-05,2.041427938e-05,2.761365639e-05,2870.445197,1926.31,164.4665024,0,0,,exit
2025-03-18,ETH,3.627666667e-05,2.834547303e-05,2.817256028e-05,2861.102856,1931.54,157.2824665,-1,0,,flat
2025-03-19,ETH,7.215e-05,5.024773651e-05,3.100981446e-05,2853.09248,2056.06,156.2137189,-1,-1,2324.746166,enter_short
2025-03-20,ETH,-3.36e-06,2.344386826e-05,2.879240707e-05,2844.442704,1983.79,153.3220247,0,-1,2324.746166,hold
2025-03-21,ETH,4.865666667e-05,3.605026746e-05,3.007397221e-05,2835.699493,1965.75,146.6297372,-1,0,,exit
2025-03-22,ETH,-4.773333333e-06,1.563846706e-05,2.782575895e-05,2827.191936,1980.69,139.1754703,0,-1,2332.314343,enter_short
2025-03-23,ETH,2.423333333e-05,1.99359002e-05,2.759398955e-05,2819.020772,2005.99,132.3722224,0,0,,exit
2025-03-24,ETH,3.745e-05,2.86929501e-05,2.822986119e-05,2811.679272,2081.2,131.9484922,-1,0,,flat
2025-03-25,ETH,2.572333333e-05,2.720814172e-05,2.806814972e-05,2804.26107,2066.15,126.8535999,0,-1,2411.071231,enter_short
2025-03-26,ETH,6.05e-06,1.662907086e-05,2.664762393e-05,2796.353199,2009.52,124.7647714,0,0,,exit
2025-03-27,ETH,5.032e-05,3.347453543e-05,2.8174874e-05,2788.465704,2003.66,119.4472877,-1,0,,flat
2025-03-28,ETH,8.486666667e-06,2.098060105e-05,2.690466707e-05,2779.594404,1896.9,122.0531957,0,-1,2302.288219,enter_short
2025-03-29,ETH,2.774333333e-05,2.436196719e-05,2.695877458e-05,2770.126599,1828.08,121.649396,0,0,,exit
2025-03-30,ETH,-6.266666667e-06,9.047650262e-06,2.481519772e-05,2760.550612,1807.74,118.7687249,0,0,,flat
2025-03-31,ETH,1.448666667e-05,1.176715846e-05,2.414884088e-05,2751.216079,1822.43,115.818816,0,0,,flat
2025-04-01,ETH,1.846333333e-05,1.51152459e-05,2.378203394e-05,2742.795819,1904.98,115.4046148,0,0,,flat
2025-04-02,ETH,2.631e-05,2.071262295e-05,2.394512852e-05,2733.367204,1795.22,119.6949995,0,0,,flat
2025-04-03,ETH,1.712e-05,1.891631147e-05,2.350479765e-05,2724.251411,1817.23,117.9496424,0,0,,flat
2025-04-04,ETH,2.796e-05,2.343815574e-05,2.379223006e-05,2715.22274,1816.87,115.0218108,0,0,,flat
2025-04-05,ETH,2.446e-05,2.394907787e-05,2.383531199e-05,2706.175847,1806.01,111.2988243,-1,0,,flat
2025-04-06,ETH,1.809e-05,2.101953893e-05,2.34646467e-05,2694.97768,1580.76,123.313194,0,-1,2084.267061,enter_short
2025-04-07,ETH,-2.733333333e-05,-3.156897199e-06,2.018735767e-05,2683.615116,1553.04,130.7901087,0,0,,exit
2025-04-08,ETH,-2.373333333e-06,-2.765115266e-06,1.873182922e-05,2671.573274,1473.41,134.1172438,0,0,,flat
2025-04-09,ETH,-3.275e-05,-1.775755763e-05,1.541042088e-05,2661.602495,1669.51,146.2481549,0,0,,flat
2025-04-10,ETH,4.321333333e-05,1.272788785e-05,1.720415717e-05,2650.265654,1522.25,150.004001,0,0,,flat
2025-04-11,ETH,-2.412e-05,-5.696056075e-06,1.453808251e-05,2639.485399,1566.85,145.4922867,0,0,,flat
2025-04-12,ETH,1.442333333e-05,4.363638629e-06,1.453067934e-05,2629.581862,1644.18,143.9235519,0,0,,flat
2025-04-13,ETH,6.059333333e-05,3.247848598e-05,1.750246347e-05,2619.314978,1597.76,139.9104411,-1,0,,flat
2025-04-14,ETH,6.228e-05,4.737924299e-05,2.039133679e-05,2609.409058,1623.77,136.7696953,-1,-1,1947.536103,enter_short
2025-04-15,ETH,1.569e-05,3.15346215e-05,2.008802474e-05,2599.253545,1588.78,132.5782885,-1,-1,1947.536103,hold
2025-04-16,ETH,-3.933333333e-06,1.380064408e-05,1.85382597e-05,2589.083261,1577.14,128.5076964,0,-1,1947.536103,hold
2025-04-17,ETH,2.624e-05,2.002032204e-05,1.903514617e-05,2579.078651,1583.62,123.1685753,-1,0,,exit
2025-04-18,ETH,-6.233333333e-06,6.893494354e-06,1.740492169e-05,2569.223142,1588.6,116.3065342,0,-1,1891.551438,enter_short
2025-04-19,ETH,4.549e-05,2.619174718e-05,1.921686223e-05,2559.711171,1613.27,111.3417817,-1,0,,exit
2025-04-20,ETH,2.710333333e-05,2.664754026e-05,1.972566681e-05,2550.036035,1587.36,107.2173687,-1,-1,1891.614454,enter_short
2025-04-21,ETH,5.964333333e-05,4.314543679e-05,2.230100014e-05,2540.379656,1579.57,106.3218424,-1,-1,1891.614454,hold
2025-04-22,ETH,1.509e-05,2.91177184e-05,2.183577432e-05,2532.577471,1756.26,115.9231394,-1,-1,1891.614454,hold
2025-04-23,ETH,8.765e-05,5.83838592e-05,2.60818534e-05,2525.239088,1795.07,114.065058,-1,-1,1891.614454,hold
2025-04-24,ETH,5.949666667e-05,5.894026293e-05,2.82376478e-05,2517.720788,1769.65,111.6261253,-1,-1,1891.614454,hold
2025-04-25,ETH,4.262e-05,5.078013147e-05,2.916554149e-05,2510.426054,1784.6,109.9899735,-1,-1,1891.614454,hold
2025-04-26,ETH,-4.803333333e-06,2.298839907e-05,2.697400118e-05,2503.564899,1820.88,106.5778325,0,-1,1891.614454,hold
2025-04-27,ETH,-1.651333333e-05,3.237532867e-06,2.41683667e-05,2496.477587,1791.29,104.3629873,0,0,,exit
2025-04-28,ETH,-4.417333333e-05,-2.046790023e-05,1.975922476e-05,2489.546268,1799.88,102.8563454,0,0,,flat
2025-04-29,ETH,4.225e-05,1.089104988e-05,2.121024252e-05,2482.66332,1797.81,99.97517785,0,0,,flat
2025-04-30,ETH,-4.178666667e-05,-1.544780839e-05,1.71459258e-05,2475.807068,1793.61,98.91266515,0,0,,flat
2025-05-01,ETH,3.551e-05,1.00310958e-05,1.833070478e-05,2469.461823,1838.11,97.60818907,0,0,,flat
2025-05-02,ETH,-2.325333333e-05,-6.611118765e-06,1.564786361e-05,2463.220412,1842.2,94.7790327,0,0,,flat
2025-05-03,ETH,2.852666667e-05,1.095777395e-05,1.647875413e-05,2456.954736,1833.52,90.76624465,0,0,,flat
2025-05-04,ETH,2.442333333e-05,1.769055364e-05,1.699130762e-05,2450.506032,1808.86,87.63651289,-1,0,,flat
2025-05-05,ETH,1.124333333e-05,1.446694349e-05,1.662047057e-05,2444.234231,1820.19,85.06961911,0,-1,2027.951282,enter_short
2025-05-06,ETH,4.913333333e-06,9.690138411e-06,1.58651714e-05,2437.993094,1817,83.91464632,0,0,,exit
2025-05-07,ETH,3.724333333e-05,2.346673587e-05,1.724440765e-05,2431.755452,1811.11,82.42002873,-1,0,,flat
2025-05-08,ETH,7.760333333e-05,5.05350346e-05,2.113853189e-05,2429.52296,2207.39,106.3393124,-1,0,,exit
2025-05-09,ETH,0.0001,7.52675173e-05,2.622636854e-05,2428.682333,2345.04,120.6322186,-1,0,,exit
2025-05-10,ETH,9.604333333e-05,8.565542532e-05,3.073068885e-05,2430.220121,2583.23,132.2299173,0,-1,2646.620547,enter_short
2025-05-11,ETH,6.600333333e-05,7.582937933e-05,3.300634333e-05,2431.059423,2514.57,135.1149232,0,0,,exit
2025-05-12,ETH,7.601666667e-05,7.5923023e-05,3.57812029e-05,2431.700324,2495.47,140.9902858,0,0,,flat
2025-05-13,ETH,8.744333333e-05,8.168317816e-05,3.911424358e-05,2434.168082,2679.71,154.0052654,0,0,,flat
2025-05-14,ETH,6.739e-05,7.453658908e-05,4.093848593e-05,2435.915067,2609.74,155.7713179,0,0,,flat
2025-05-15,ETH,8.566e-05,8.009829454e-05,4.38237449e-05,2437.037205,2548.69,156.8590809,0,0,,flat
2025-05-16,ETH,8.001e-05,8.005414727e-05,4.6158342e-05,2438.033054,2537.12,154.2198608,0,0,,flat
2025-05-17,ETH,9.996666667e-06,4.502540697e-05,4.382533069e-05,2438.40168,2475.08,149.7570136,0,0,,flat
2025-05-18,ETH,3.468333333e-05,3.985437015e-05,4.323552441e-05,2438.992509,2497.78,157.9457984,1,0,,flat
2025-05-19,ETH,3.595666667e-05,3.790551841e-05,4.276592068e-05,2439.879549,2528.14,160.8768128,1,1,2102.915504,enter_long
2025-05-20,ETH,5.331333333e-05,4.560942587e-05,4.344639892e-05,2440.718459,2524.19,159.8306119,0,1,2102.915504,hold
2025-05-21,ETH,4.549333333e-05,4.55513796e-05,4.35784592e-05,2441.815688,2550.99,160.1105682,0,0,,exit
2025-05-22,ETH,7.047e-05,5.80106898e-05,4.531339732e-05,2444.034637,2664.82,159.2569562,0,0,,flat
2025-05-23,ETH,6.424666667e-05,6.112867823e-05,4.653489857e-05,2444.855188,2526.5,164.7336021,0,0,,flat
2025-05-24,ETH,5.382333333e-05,5.747600578e-05,4.700512017e-05,2445.70638,2530.4,157.3076306,0,0,,flat
2025-05-25,ETH,6.092666667e-05,5.920133623e-05,4.790328446e-05,2446.756267,2551.22,152.5899427,0,0,,flat
2025-05-26,ETH,4.381e-05,5.150566811e-05,4.763920159e-05,2447.919886,2563.7,146.9149468,0,0,,flat
2025-05-27,ETH,8.008666667e-05,6.579616739e-05,4.973258643e-05,2450.038195,2660.81,150.9138791,0,0,,flat
2025-05-28,ETH,0.0001,8.289808369e-05,5.297564537e-05,2452.342293,2681.6,145.8943163,0,0,,flat
2025-05-29,ETH,9.440333333e-05,8.865070851e-05,5.564839943e-05,2454.123862,2631.39,147.5411509,0,0,,flat
2025-05-30,ETH,7.725333333e-05,8.295202092e-05,5.704226614e-05,2454.892182,2531.34,147.136783,0,0,,flat
2025-05-31,ETH,4.727333333e-05,6.511267713e-05,5.641201241e-05,2455.62022,2528.06,141.9848699,0,0,,flat
2025-06-01,ETH,4.945333333e-05,5.728300523e-05,5.596306537e-05,2456.451959,2539.21,137.5023792,0,0,,flat
2025-06-02,ETH,5.184e-05,5.456150262e-05,5.569706115e-05,2457.954029,2607.41,137.6807807,1,0,,flat
2025-06-03,ETH,4.909e-05,5.182575131e-05,5.527079914e-05,2459.301352,2593.36,133.5878678,1,1,2263.218048,enter_long
2025-06-04,ETH,6.636666667e-05,5.909620899e-05,5.598666156e-05,2460.777757,2607.68,130.9301629,0,1,2263.218048,hold
2025-06-05,ETH,5.754333333e-05,5.831977116e-05,5.6087092e-05,2460.312406,2414.01,139.3780084,-1,0,,exit
2025-06-06,ETH,1.393333333e-05,3.612655225e-05,5.336749467e-05,2460.469496,2476.1,140.1274364,1,-1,2762.465021,enter_short
2025-06-07,ETH,6.969333333e-05,5.290994279e-05,5.442077458e-05,2461.107909,2524.63,136.3583338,1,1,2125.781409,enter_long
2025-06-08,ETH,8.072333333e-05,6.681663806e-05,5.611771386e-05,2461.592706,2509.83,130.7648814,0,1,2125.781409,hold
2025-06-09,ETH,4.266333333e-05,5.47399857e-05,5.524968931e-05,2463.767207,2680.13,136.8716756,1,0,,exit
2025-06-10,ETH,0.0001,7.736999285e-05,5.813680612e-05,2467.275991,2816.4,139.3372702,0,1,2337.950811,enter_long
2025-06-11,ETH,0.0001,8.868499642e-05,6.083765734e-05,2470.30419,2771.61,139.0610366,0,0,,exit
2025-06-12,ETH,7.123e-05,7.995749821e-05,6.150813106e-05,2472.019073,2642.65,141.1702483,0,0,,flat
2025-06-13,ETH,-1.193333333e-06,3.938208244e-05,5.746287529e-05,2473.085451,2579.19,145.9773734,1,0,,flat
2025-06-14,ETH,2.324666667e-05,3.131437455e-05,5.525537796e-05,2473.659327,2530.76,142.0297039,1,1,2214.246567,enter_long
2025-06-15,ETH,5.795e-05,4.463218728e-05,5.542922455e-05,2474.395155,2547.61,136.7068679,1,1,2214.246567,hold
2025-06-16,ETH,5.864333333e-05,5.16377603e-05,5.56365864e-05,2475.089432,2544.17,138.7628059,1,1,2214.246567,hold
2025-06-17,ETH,4.884e-05,5.023888015e-05,5.519809696e-05,2475.436303,2509.95,140.6226055,1,1,2214.246567,hold
2025-06-18,ETH,4.983333333e-05,5.003610674e-05,5.485198318e-05,2475.929474,2525,136.4809908,1,1,2214.246567,hold
2025-06-19,ETH,5.026333333e-05,5.014972004e-05,5.455594125e-05,2476.379131,2521.12,131.1523486,1,1,2214.246567,hold
2025-06-20,ETH,6.566e-05,5.790486002e-05,5.527233214e-05,2475.683717,2406.49,136.1871808,-1,1,2214.246567,hold
2025-06-21,ETH,-4.526666667e-06,2.668909668e-05,5.141433222e-05,2473.893133,2295.73,143.0880965,0,-1,2746.957952,enter_short
2025-06-22,ETH,7.183333333e-06,1.6936215e-05,4.856071938e-05,2471.44345,2227.7,147.3382324,0,0,,exit
2025-06-23,ETH,3.393333333e-06,1.016477417e-05,4.564669448e-05,2470.848589,2411.66,154.7197873,0,0,,flat
2025-06-24,ETH,1.258e-05,1.137238708e-05,4.351335935e-05,2470.625718,2448.45,151.2348025,0,0,,flat
2025-06-25,ETH,1.13e-06,6.251193542e-06,4.077894907e-05,2470.106955,2418.49,146.0751737,0,0,,flat
2025-06-26,ETH,3.906666667e-05,2.26589301e-05,4.066847924e-05,2469.568179,2415.96,144.6840899,0,0,,flat
2025-06-27,ETH,2.143666667e-05,2.204779839e-05,3.942771714e-05,2469.106505,2423.17,140.1359406,0,0,,flat
2025-06-28,ETH,4.368333333e-05,3.286556586e-05,3.970227302e-05,2468.773306,2435.62,133.1255163,0,0,,flat
2025-06-29,ETH,4.998333333e-05,4.14244496e-05,4.036556723e-05,2469.084915,2500.09,131.6879794,0,0,,flat
2025-06-30,ETH,4.871666667e-05,4.507055813e-05,4.090434784e-05,2469.247951,2485.47,128.9459809,0,0,,flat
2025-07-01,ETH,2.767666667e-05,3.63736124e-05,4.005094906e-05,2468.608767,2405.01,127.8984108,0,0,,flat
2025-07-02,ETH,4.017333333e-05,3.827347287e-05,4.005884482e-05,2469.621715,2570.41,136.3542386,1,0,,flat
2025-07-03,ETH,8.072666667e-05,5.950006977e-05,4.268257526e-05,2470.831947,2591.25,132.2846501,0,1,2229.524403,enter_long
2025-07-04,ETH,3.554333333e-05,4.752170155e-05,4.2221979e-05,2471.202176,2508.04,132.0450323,0,0,,exit
2025-07-05,ETH,3.635333333e-05,4.193751744e-05,4.18433567e-05,2471.652005,2516.41,125.6032443,0,0,,flat
2025-07-06,ETH,6.213666667e-05,5.203709205e-05,4.315260251e-05,2472.634075,2570.35,123.8815839,0,0,,flat
2025-07-07,ETH,5.663e-05,5.433354603e-05,4.402211202e-05,2473.327169,2542.29,120.6450422,0,0,,flat
2025-07-08,ETH,5.614e-05,5.523677301e-05,4.480391125e-05,2474.739336,2615.25,119.5003964,0,0,,flat
2025-07-09,ETH,5.980666667e-05,5.752171984e-05,4.577183095e-05,2477.664716,2768.74,125.6760823,0,0,,flat
2025-07-10,ETH,5.331666667e-05,5.541919325e-05,4.625859455e-05,2482.377405,2951.29,134.163505,0,0,,flat
2025-07-11,ETH,0.0001,7.770959663e-05,4.9725782e-05,2487.112157,2958.22,133.608969,0,0,,flat
2025-07-12,ETH,7.274e-05,7.522479831e-05,5.121057025e-05,2491.651141,2943.28,129.4890426,0,0,,flat
2025-07-13,ETH,5.254333333e-05,6.388406582e-05,5.129655497e-05,2496.43103,2972.03,126.2269681,0,0,,flat
2025-07-14,ETH,6.999333333e-05,6.693869958e-05,5.250279873e-05,2501.577189,3013.62,125.7957561,0,0,,flat
2025-07-15,ETH,8.711333333e-05,7.702601646e-05,5.473573645e-05,2507.90866,3137.89,131.930345,0,0,,flat
2025-07-16,ETH,0.0001,8.851300823e-05,5.765601152e-05,2516.500116,3371.35,145.649606,0,0,,flat
2025-07-17,ETH,0.0001,9.425650411e-05,6.038788174e-05,2526.056035,3476.87,150.436777,0,0,,flat
2025-07-18,ETH,0.0001,9.712825206e-05,6.294350228e-05,2536.213885,3546.92,155.0598644,0,0,,flat
2025-07-19,ETH,0.0001,9.856412603e-05,6.533424406e-05,2546.719319,3592.01,151.2348741,0,0,,flat
2025-07-20,ETH,0.0001,9.928206301e-05,6.757074445e-05,2558.758829,3756.69,157.9630974,0,0,,flat
2025-07-21,ETH,0.0001,9.964103151e-05,6.966295448e-05,2570.734661,3762.33,158.0364475,0,0,,flat
2025-07-22,ETH,0.0001,9.982051575e-05,7.162018323e-05,2582.430933,3746.21,159.755987,0,0,,flat
2025-07-23,ETH,0.0001,9.991025788e-05,7.345113915e-05,2592.837491,3628.29,165.2877022,0,0,,flat
2025-07-24,ETH,0.0001,9.995512894e-05,7.516396888e-05,2603.923088,3706.94,172.6350092,0,0,,flat
2025-07-25,ETH,0.0001,9.997756447e-05,7.676629347e-05,2615.077684,3724.96,172.6782228,0,0,,flat
2025-07-26,ETH,0.0001,9.998878223e-05,7.826524228e-05,2626.281887,3741.1,167.1540641,0,0,,flat
2025-07-27,ETH,9.400333333e-05,9.699605778e-05,7.928060299e-05,2638.678087,3872.1,165.8444881,0,0,,flat
2025-07-28,ETH,0.0001,9.849802889e-05,8.061733828e-05,2650.223578,3799,167.3555961,0,0,,flat
2025-07-29,ETH,8.164666667e-05,9.007234778e-05,8.068374656e-05,2661.602349,3793.79,167.5730535,0,0,,flat
2025-07-30,ETH,3.037e-05,6.022117389e-05,7.74376984e-05,2673.029191,3810,166.7735497,1,0,,flat
2025-07-31,ETH,4.660666667e-05,5.341392028e-05,7.544859958e-05,2683.231786,3698.39,168.7425818,1,1,3393.066126,enter_long
2025-08-01,ETH,7.41e-06,3.041196014e-05,7.105901251e-05,2691.24142,3488.2,177.5659688,1,1,3393.066126,hold
2025-08-02,ETH,4.805666667e-05,3.92343134e-05,6.957499019e-05,2698.233446,3393.94,176.9826853,1,0,,exit
2025-08-03,ETH,5.417333333e-05,4.670382337e-05,6.858133491e-05,2706.178785,3496.74,176.306065,1,1,2951.483287,enter_long
2025-08-04,ETH,2.147666667e-05,3.409024502e-05,6.554232406e-05,2716.276409,3720.99,181.2842032,1,1,2951.483287,hold
2025-08-05,ETH,1.544333333e-05,2.476678918e-05,6.231013111e-05,2725.189081,3612,180.923903,1,1,2951.483287,hold
2025-08-06,ETH,5.619666667e-05,4.048172792e-05,6.191571405e-05,2734.722623,3683.31,177.6014813,1,1,2951.483287,hold
2025-08-07,ETH,6.837333333e-05,5.442753063e-05,6.233233465e-05,2746.42001,3910.31,184.9256612,1,1,2951.483287,hold
2025-08-08,ETH,8.086666667e-05,6.764709865e-05,6.3528098e-05,2758.98797,4009.5,185.3595426,0,1,2951.483287,hold
2025-08-09,ETH,0.0001,8.382354932e-05,6.588112394e-05,2773.929582,4260.62,194.9460038,0,0,,exit
2025-08-10,ETH,9.972e-05,9.177177466e-05,6.806427723e-05,2788.622522,4250.57,193.8448607,0,0,,flat
2025-08-11,ETH,9.409e-05,9.293088733e-05,6.974335612e-05,2802.897123,4223.22,194.2623706,0,0,,flat
2025-08-12,ETH,7.886333333e-05,8.589711033e-05,7.033174175e-05,2820.684416,4590.52,210.4336299,0,0,,flat
2025-08-13,ETH,0.0001,9.294855517e-05,7.224582293e-05,2839.874621,4749.3,211.0826563,0,0,,flat
2025-08-14,ETH,0.0001,9.647427758e-05,7.403641499e-05,2856.859351,4546.84,220.0531809,0,0,,flat
2025-08-15,ETH,8.746333333e-05,9.196880546e-05,7.490266779e-05,2872.60672,4439.47,226.0972394,0,0,,flat
2025-08-16,ETH,5.641666667e-05,7.419273606e-05,7.371002256e-05,2888.023469,4421.99,218.3674366,0,0,,flat
2025-08-17,ETH,3.111666667e-05,5.265470136e-05,7.096206411e-05,2903.787714,4472.33,215.7711911,1,0,,flat
2025-08-18,ETH,6.260666667e-05,5.763068402e-05,7.042300621e-05,2917.809627,4312.99,218.646106,1,1,3932.912022,enter_long
2025-08-19,ETH,0.0001,7.881534201e-05,7.233119936e-05,2929.32983,4075.59,223.5756699,0,1,3932.912022,hold
2025-08-20,ETH,6.462666667e-05,7.172100434e-05,7.183413273e-05,2943.32814,4336.16,230.3202649,1,0,,exit
2025-08-21,ETH,4.918333333e-05,6.045216884e-05,7.037279084e-05,2956.084079,4225.3,223.5873888,1,1,3760.359338,enter_long
2025-08-22,ETH,6.35e-05,6.197608442e-05,6.992938498e-05,2974.750605,4832.07,256.2025753,1,1,3760.359338,hold
2025-08-23,ETH,0.0001,8.098804221e-05,7.186942466e-05,2992.697365,4778.4,250.2145342,0,1,3760.359338,hold
2025-08-24,ETH,0.0001,9.04940211e-05,7.368430048e-05,3010.482964,4780.15,249.8977818,0,0,,exit
2025-08-25,ETH,3.743666667e-05,6.396534389e-05,7.134574346e-05,3024.071989,4376.18,265.1793688,1,0,,flat
2025-08-26,ETH,4.566666667e-06,3.426600528e-05,6.703741593e-05,3039.759133,4600.63,269.2679853,1,1,3713.221578,enter_long
2025-08-27,ETH,1.755333333e-05,2.59096693e-05,6.384489447e-05,3054.355659,4506.71,263.0631292,1,1,3713.221578,hold
2025-08-28,ETH,3.594333333e-05,3.092650132e-05,6.204479375e-05,3068.851723,4511.21,258.8421914,1,1,3713.221578,hold
2025-08-29,ETH,2.735e-05,2.913825066e-05,5.980641996e-05,3081.70076,4360.18,258.3356063,1,1,3713.221578,hold
2025-08-30,ETH,2.370333333e-05,2.6420792e-05,5.747718857e-05,3094.556474,4373.7,251.198063,1,1,3713.221578,hold
2025-08-31,ETH,9.996666667e-06,1.820872933e-05,5.441392909e-05,3107.464668,4391.83,242.2439157,1,1,3713.221578,hold
2025-09-01,ETH,-1.097333333e-05,3.617697999e-06,5.019539603e-05,3119.47497,4314.5,245.028636,1,1,3713.221578,hold
2025-09-02,ETH,2.981666667e-05,1.671718233e-05,4.88806393e-05,3131.485169,4326.5,238.8787334,1,1,3713.221578,hold
2025-09-03,ETH,1.625e-05,1.648359117e-05,4.677543676e-05,3144.609297,4450.46,236.6309667,1,1,3713.221578,hold
2025-09-04,ETH,-7.426666667e-06,4.52846225e-06,4.327852686e-05,3156.081344,4297.55,235.2087548,1,1,3713.221578,hold
2025-09-05,ETH,-2.043333333e-05,-7.952435542e-06,3.916808427e-05,3167.537748,4307.45,235.1202723,1,1,3713.221578,hold
2025-09-06,ETH,1.970666667e-05,5.877115562e-06,3.791250894e-05,3178.538766,4273.14,224.9902529,1,1,3713.221578,hold
2025-09-07,ETH,6.073e-05,3.330355778e-05,3.938460514e-05,3189.759176,4306.19,213.5773777,1,1,3713.221578,hold
2025-09-08,ETH,4.567e-05,3.948677889e-05,3.979011448e-05,3200.869732,4306.37,205.8261364,1,1,3713.221578,hold
2025-09-09,ETH,7.117e-05,5.532838945e-05,4.181462323e-05,3211.906749,4310.09,198.6321267,0,1,3713.221578,hold
2025-09-10,ETH,8.325333333e-05,6.929086139e-05,4.448808839e-05,3223.224294,4349.32,196.477689,0,0,,exit
2025-09-11,ETH,6.614e-05,6.771543069e-05,4.588498592e-05,3235.518779,4458.82,192.6057113,0,0,,flat
2025-09-12,ETH,8.286e-05,7.528771535e-05,4.82704707e-05,3250.211726,4712.16,200.1117319,0,0,,flat
2025-09-13,ETH,9.938333333e-05,8.733552434e-05,5.156807474e-05,3264.304445,4666.53,197.5580367,0,0,,flat
2025-09-14,ETH,4.745e-05,6.739276217e-05,5.13023925e-05,3277.639625,4604.49,191.6946056,0,0,,flat
2025-09-15,ETH,5.844e-05,6.291638109e-05,5.17628833e-05,3290.038634,4523.74,192.5935623,0,0,,flat
2025-09-16,ETH,3.701e-05,4.996319054e-05,5.081108438e-05,3302.090886,4501.29,186.9975936,1,0,,flat
2025-09-17,ETH,4.061e-05,4.528659527e-05,5.01529499e-05,3314.911176,4590.53,188.2670512,1,1,4033.806016,enter_long
2025-09-18,ETH,3.804333333e-05,4.16649643e-05,4.937168432e-05,3327.575343,4587.66,181.3029761,1,1,4033.806016,hold
2025-09-19,ETH,1.723333333e-06,2.169414882e-05,4.629759716e-05,3338.928723,4468.59,181.5684778,1,1,4033.806016,hold
2025-09-20,ETH,-2.58e-06,9.557074409e-06,4.314420379e-05,3350.286845,4480.42,172.4750151,1,1,4033.806016,hold
2025-09-21,ETH,1.831666667e-05,1.393687054e-05,4.154242721e-05,3361.179215,4444.97,164.0953712,1,1,4033.806016,hold
2025-09-22,ETH,-6.87e-06,3.533435269e-06,3.84190448e-05,3369.516536,4199.08,179.4285589,1,1,4033.806016,hold
2025-09-23,ETH,1.070666667e-05,7.120050968e-06,3.663114944e-05,3377.424431,4164.26,174.8008047,1,1,4033.806016,hold
2025-09-24,ETH,-6.413333333e-06,3.533588172e-07,3.385408604e-05,3385.13971,4152.81,171.8264615,1,1,4033.806016,hold
2025-09-25,ETH,-2.237333333e-05,-1.100998726e-05,3.022651059e-05,3390.007574,3874.36,184.2702857,1,0,,exit
2025-09-26,ETH,5.651e-05,2.275000637e-05,3.192221959e-05,3396.397946,4032.24,185.4402653,1,1,3413.674286,enter_long
2025-09-27,ETH,4.259666667e-05,3.267333652e-05,3.261089359e-05,3402.586823,4018.38,176.9109606,0,1,3413.674286,hold
2025-09-28,ETH,6.801333333e-05,5.034333493e-05,3.489492196e-05,3409.94576,4142.16,177.0516063,0,0,,exit
2025-09-29,ETH,1.288e-05,3.161166746e-05,3.347460442e-05,3417.956946,4215.07,175.3772059,1,0,,flat
2025-09-30,ETH,2.7e-07,1.594083373e-05,3.133237187e-05,3425.192698,4145.15,173.7716911,1,1,3776.626985,enter_long
2025-10-01,ETH,8.433333333e-07,8.392083532e-06,2.936533713e-05,3434.375159,4348.03,177.9579989,1,1,3776.626985,hold
2025-10-02,ETH,2.751e-05,1.795104177e-05,2.924563796e-05,3444.82267,4484.35,178.3902847,1,1,3776.626985,hold
2025-10-03,ETH,4.946e-05,3.370552088e-05,3.054979035e-05,3455.450006,4512.87,177.3331215,0,1,3776.626985,hold
2025-10-04,ETH,3.698333333e-05,3.534442711e-05,3.096485764e-05,3465.715678,4487.15,170.2328986,0,0,,exit
2025-10-05,ETH,8.489666667e-05,6.012054689e-05,3.444432919e-05,3476.149552,4514.32,168.8676915,0,0,,flat
2025-10-06,ETH,9.298e-05,7.655027344e-05,3.822082408e-05,3488.168064,4684.01,174.4971421,0,0,,flat
2025-10-07,ETH,0.0001,8.827513672e-05,4.220657736e-05,3497.715645,4447.7,185.216632,0,0,,flat
2025-10-08,ETH,2.851e-05,5.839256836e-05,4.132292721e-05,3507.944544,4525.72,182.5525868,0,0,,flat
2025-10-09,ETH,3.046333333e-05,4.442795085e-05,4.062230825e-05,3516.503205,4368.09,188.5459735,0,0,,flat
2025-10-10,ETH,-2.366666667e-07,2.209564209e-05,3.798624535e-05,3519.61979,3829.72,243.5519754,1,0,,flat
2025-10-11,ETH,-1.089e-05,5.602821045e-06,3.48329392e-05,3521.88019,3746.79,242.9389771,1,1,3220.840062,enter_long
2025-10-12,ETH,-3.563e-05,-1.501358948e-05,3.028694312e-05,3528.152925,4152.29,261.5119073,1,1,3220.840062,hold
2025-10-13,ETH,2.622e-05,5.603205261e-06,3.00245597e-05,3535.244438,4240.85,260.668914,1,1,3220.840062,hold
2025-10-14,ETH,2.882333333e-05,1.72132693e-05,2.994706122e-05,3541.112852,4125.02,268.8097058,1,1,3220.840062,hold
2025-10-15,ETH,2.726e-05,2.223663465e-05,2.977370243e-05,3545.535709,3985.61,270.3847268,1,1,3220.840062,hold
2025-10-16,ETH,2.946666667e-06,1.259165066e-05,2.804292593e-05,3549.00809,3894.51,269.6751035,1,1,3220.840062,hold
2025-10-17,ETH,3.982333333e-05,2.6207492e-05,2.880295222e-05,3551.819651,3831.57,270.1233104,1,1,3220.840062,hold
2025-10-18,ETH,3.006333333e-05,2.813541266e-05,2.888426713e-05,3555.176769,3889.21,258.5902168,1,1,3220.840062,hold
2025-10-19,ETH,3.951333333e-05,3.3824373e-05,2.957001333e-05,3559.429537,3982.58,254.6837727,0,1,3220.840062,hold
2025-10-20,ETH,4.631e-05,4.00671865e-05,3.065001247e-05,3563.606557,3979.22,249.1042175,0,0,,exit
2025-10-21,ETH,3.767e-05,3.886859325e-05,3.110291489e-05,3566.685596,3873.05,250.5796306,0,0,,flat
2025-10-22,ETH,6.976666667e-06,2.292262996e-05,2.954638275e-05,3569.062157,3805.53,245.4860855,1,0,,flat
2025-10-23,ETH,3.295666667e-05,2.793964831e-05,2.976640107e-05,3571.925221,3856.8,237.8313651,1,1,3191.814786,enter_long
2025-10-24,ETH,4.46e-05,3.626982416e-05,3.072340745e-05,3575.536711,3934.88,233.7384105,0,1,3191.814786,hold
2025-10-25,ETH,3.080333333e-05,3.353657874e-05,3.072856396e-05,3579.300724,3953.82,221.1013812,0,0,,exit
2025-10-26,ETH,7.359666667e-05,5.356662271e-05,3.349424801e-05,3585.063503,4158.46,223.8619968,0,0,,flat
2025-10-27,ETH,9.275666667e-05,7.316164469e-05,3.731762985e-05,3590.387746,4120.15,219.208997,0,0,,flat
2025-10-28,ETH,3.449e-05,5.382582234e-05,3.713520212e-05,3594.256525,3979.2,220.9954972,0,0,,flat
2025-10-29,ETH,-7.506666667e-06,2.315957784e-05,3.425508155e-05,3597.3285,3902.99,219.2308189,1,0,,flat
2025-10-30,ETH,-4.008666667e-05,-8.463544414e-06,2.945883973e-05,3599.395779,3805.09,222.7671889,1,1,3354.922953,enter_long
2025-10-31,ETH,3.237666667e-05,1.195656113e-05,2.964708663e-05,3601.869353,3847.99,214.693104,1,1,3354.922953,hold
2025-11-01,ETH,7.926666667e-05,4.56116139e-05,3.284834986e-05,3604.574832,3873.77,204.957168,0,1,3354.922953,hold
2025-11-02,ETH,6.405e-05,5.483080695e-05,3.486135955e-05,3607.579858,3906.58,195.9680846,0,0,,exit
2025-11-03,ETH,3.944666667e-05,4.713873681e-05,3.515718581e-05,3607.542546,3603.83,207.3610785,-1,0,,flat
2025-11-04,ETH,7.249666667e-05,5.981770174e-05,3.756618458e-05,3604.353566,3287.05,235.2310015,-1,-1,4122.242696,enter_short
2025-11-05,ETH,2.055666667e-05,4.01871842e-05,3.646879633e-05,3602.561889,3424.29,240.8430728,-1,-1,4122.242696,hold
2025-11-06,ETH,3.325333333e-05,3.672025877e-05,3.62613471e-05,3599.701969,3315.14,238.7121391,-1,-1,4122.242696,hold
2025-11-07,ETH,6.88e-05,5.276012938e-05,3.836061503e-05,3598.073592,3436.05,241.5755577,-1,-1,4122.242696,hold
2025-11-08,ETH,7.541e-05,6.408506469e-05,4.075089793e-05,3596.117735,3401.51,233.7787321,-1,-1,4122.242696,hold
2025-11-09,ETH,4.163333333e-05,5.285919901e-05,4.080782925e-05,3595.991787,3583.46,235.979537,-1,-1,4122.242696,hold
2025-11-10,ETH,6.863666667e-05,6.074793284e-05,4.260323811e-05,3595.71177,3567.85,229.9581415,-1,-1,4122.242696,hold
2025-11-11,ETH,1.077333333e-05,3.576063309e-05,4.054969587e-05,3593.941105,3417.76,230.8918457,0,-1,4122.242696,hold
2025-11-12,ETH,2.239333333e-05,2.907698321e-05,3.937831764e-05,3592.159801,3414.92,229.8667138,0,0,,exit
2025-11-13,ETH,6.429333333e-05,4.668515827e-05,4.098573801e-05,3588.571544,3231.54,242.8490914,-1,0,,flat
2025-11-14,ETH,3.717666667e-05,4.193091247e-05,4.073999147e-05,3583.833519,3112.4,238.8391563,-1,-1,3838.672729,enter_short
2025-11-15,ETH,4.685e-05,4.439045623e-05,4.113418557e-05,3579.694678,3167.88,230.3020737,-1,-1,3838.672729,hold
2025-11-16,ETH,9.259666667e-05,6.849356145e-05,4.445434564e-05,3574.874731,3095.29,231.3519256,-1,-1,3838.672729,hold
2025-11-17,ETH,8.664e-05,7.756678073e-05,4.717600076e-05,3569.46742,3031.44,233.6782166,-1,-1,3838.672729,hold
2025-11-18,ETH,8.328e-05,8.042339036e-05,4.950529103e-05,3565.031525,3123.66,232.943344,-1,-1,3838.672729,hold
2025-11-19,ETH,6.643666667e-05,7.343002851e-05,5.059763785e-05,3559.662853,3025.48,234.2973909,-1,-1,3838.672729,hold
2025-11-20,ETH,7.241e-05,7.292001426e-05,5.200488702e-05,3552.444516,2834.22,237.1047201,-1,-1,3838.672729,hold
2025-11-21,ETH,3.574e-05,5.433000713e-05,5.095553947e-05,3544.617705,2765.85,238.9658115,-1,-1,3838.672729,hold
2025-11-22,ETH,4.570333333e-05,5.001667023e-05,5.061668746e-05,3536.91126,2770.12,228.6596821,0,-1,3838.672729,hold
2025-11-23,ETH,1.167333333e-05,3.084500178e-05,4.8104213e-05,3529.600303,2802.16,218.7461334,0,0,,exit
2025-11-24,ETH,4.178666667e-05,3.631583422e-05,4.769662937e-05,3523.866767,2953.38,219.1214096,0,0,,flat
2025-11-25,ETH,2.733333333e-05,3.182458378e-05,4.638286833e-05,3518.249784,2959.36,212.2913089,0,0,,flat
2025-11-26,ETH,1.891e-05,2.536729189e-05,4.461042521e-05,3513.357349,3026.56,208.292644,0,0,,flat
2025-11-27,ETH,1.700333333e-05,2.118531261e-05,4.282932251e-05,3508.400858,3015.23,199.5281694,0,0,,flat
2025-11-28,ETH,5.3e-06,1.324265631e-05,4.04080759e-05,3503.652093,3031.15,192.750443,0,0,,flat
2025-11-29,ETH,9.773333333e-06,1.150799482e-05,3.843164089e-05,3498.532769,2989.16,185.4632685,0,0,,flat
2025-11-30,ETH,5.214e-05,3.182399741e-05,3.931605116e-05,3493.485278,2991.26,177.7673208,0,0,,flat
2025-12-01,ETH,3.532e-05,3.35719987e-05,3.905824141e-05,3486.575674,2799.07,185.314655,0,0,,flat
2025-12-02,ETH,5.549333333e-05,4.453266602e-05,4.011856992e-05,3481.69502,2996.07,190.0471796,-1,0,,flat
2025-12-03,ETH,3.606666667e-05,4.029966634e-05,3.985715681e-05,3478.776264,3188.36,192.8588097,-1,-1,3471.187949,enter_short
2025-12-04,ETH,8.644333333e-05,6.337149984e-05,4.286271658e-05,3475.338291,3133.26,191.5103233,-1,-1,3471.187949,hold
2025-12-05,ETH,5.686666667e-05,6.011908325e-05,4.376619723e-05,3470.825273,3021.78,192.8488716,-1,-1,3471.187949,hold
2025-12-06,ETH,2.708e-05,4.359954163e-05,4.268966838e-05,3466.519151,3038.06,183.1039522,-1,-1,3471.187949,hold
2025-12-07,ETH,1.396666667e-05,2.878310415e-05,4.083657149e-05,3462.472692,3059.85,187.3450985,0,-1,3471.187949,hold
2025-12-08,ETH,4.728666667e-05,3.803488541e-05,4.125270667e-05,3459.106396,3124.16,183.9375914,0,0,,exit
2025-12-09,ETH,5.123333333e-05,4.463410937e-05,4.189661806e-05,3457.702751,3318.04,192.7313349,-1,0,,flat
2025-12-10,ETH,6.963666667e-05,5.713538802e-05,4.368629862e-05,3456.373768,3324.14,190.3462396,-1,-1,3799.868337,enter_short
2025-12-11,ETH,3.224666667e-05,4.469102734e-05,4.294825785e-05,3454.194825,3237.39,189.7565082,-1,-1,3799.868337,hold
2025-12-12,ETH,9.11e-06,2.690051367e-05,4.076514444e-05,3450.519852,3084.86,191.930329,0,-1,3799.868337,hold
2025-12-13,ETH,6.816666667e-06,1.685859017e-05,3.857492007e-05,3447.177764,3114.64,182.2981626,0,0,,exit
2025-12-14,ETH,7.132333333e-05,4.409096175e-05,4.068772092e-05,3443.360074,3063.5,176.7840082,-1,0,,flat
2025-12-15,ETH,3.873333333e-05,4.141214754e-05,4.05616314e-05,3438.59878,2964.85,184.3658647,-1,-1,3505.45002,enter_short
2025-12-16,ETH,-7.666666667e-07,2.032274044e-05,3.789528959e-05,3433.859489,2962.3,178.7590173,0,-1,3505.45002,hold
2025-12-17,ETH,1.385333333e-05,1.708803689e-05,3.634419564e-05,3427.885663,2833.49,183.1262303,0,0,,exit
2025-12-18,ETH,2.903333333e-06,9.995685109e-06,3.418672065e-05,3421.922323,2828.57,185.9179281,0,0,,flat
2025-12-19,ETH,7.421333333e-05,4.210450922e-05,3.676908276e-05,3417.520111,2979.5,187.7359333,-1,0,,flat
2025-12-20,ETH,1.603e-05,2.906725461e-05,3.543107742e-05,3413.14608,2977.93,176.4862238,0,-1,3448.829833,enter_short
2025-12-21,ETH,2.123666667e-05,2.515196064e-05,3.451530898e-05,3409.055273,3002.02,168.8372078,0,0,,exit
2025-12-22,ETH,-7.75e-06,8.700980319e-06,3.178851486e-05,3405.079499,3009.49,164.9174072,0,0,,flat
2025-12-23,ETH,4.414e-05,2.642049016e-05,3.258538486e-05,3400.700798,2965.02,162.7704496,0,0,,flat
2025-12-24,ETH,4.799666667e-05,3.720857841e-05,3.357966111e-05,3396.191039,2947.47,157.5332746,-1,0,,flat
2025-12-25,ETH,6.061666667e-05,4.891262254e-05,3.532398405e-05,3391.293118,2903.95,152.013755,-1,-1,3341.313186,enter_short
2025-12-26,ETH,4.984e-05,4.937631127e-05,3.626050121e-05,3386.683137,2927.99,148.3070582,-1,-1,3341.313186,hold
2025-12-27,ETH,3.884e-05,4.410815563e-05,3.642692048e-05,3382.328578,2949.05,140.8394112,-1,-1,3341.313186,hold
2025-12-28,ETH,5.959e-05,5.184907782e-05,3.792131271e-05,3378.035856,2950.91,133.4001675,-1,-1,3341.313186,hold
2025-12-29,ETH,6.51e-05,5.847453891e-05,3.967477641e-05,3373.656395,2937.9,134.4094413,-1,-1,3341.313186,hold
2025-12-30,ETH,4.128e-05,4.987726945e-05,3.977833922e-05,3369.67663,2973.69,131.2630526,-1,-1,3341.313186,hold
2025-12-31,ETH,3.296333333e-05,4.142030139e-05,3.933866142e-05,3365.716066,2971.64,126.8278346,-1,-1,3341.313186,hold
2026-01-01,ETH,6.079666667e-05,5.110848403e-05,4.072304886e-05,3362.118792,3004.19,120.5437035,-1,-1,3341.313186,hold
2026-01-02,ETH,6.047666667e-05,5.579257535e-05,4.199747581e-05,3359.763878,3125.45,123.1848676,-1,-1,3341.313186,hold
2026-01-03,ETH,3.946333333e-05,4.762795434e-05,4.183398275e-05,3357.448914,3127.11,118.722377,-1,-1,3341.313186,hold
2026-01-04,ETH,5.013666667e-05,4.88823105e-05,4.236963978e-05,3355.33201,3144.7,113.7043501,-1,-1,3341.313186,hold
2026-01-05,ETH,4.659e-05,4.773615525e-05,4.264192108e-05,3354.035074,3224.99,114.9140394,-1,-1,3341.313186,hold
2026-01-06,ETH,6.387e-05,5.580307763e-05,4.401147456e-05,3353.465969,3296.84,115.676608,-1,-1,3341.313186,hold
2026-01-07,ETH,6.276e-05,5.928153881e-05,4.522105685e-05,3351.627701,3168.72,119.6582788,-1,-1,3341.313186,hold
2026-01-08,ETH,4.917e-05,5.422576941e-05,4.547582737e-05,3349.190112,3106.65,120.3784018,-1,-1,3341.313186,hold
2026-01-09,ETH,5.328333333e-05,5.375455137e-05,4.597953743e-05,3346.595185,3088.4,118.1885159,-1,-1,3341.313186,hold
2026-01-10,ETH,8.078666667e-05,6.727060902e-05,4.822515867e-05,3344.009363,3086.72,111.6129077,-1,-1,3341.313186,hold
2026-01-11,ETH,7.424333333e-05,7.075697118e-05,4.990375059e-05,3341.814742,3123.45,108.1269857,-1,-1,3341.313186,hold
2026-01-12,ETH,6.711666667e-05,6.893681892e-05,5.10142613e-05,3339.366337,3095.75,107.9707724,-1,-1,3341.313186,hold
2026-01-13,ETH,5.513333333e-05,6.203507613e-05,5.128000789e-05,3339.231547,3325.82,119.9607172,-1,0,,exit
2026-01-14,ETH,9.443666667e-05,7.82358714e-05,5.406430845e-05,3339.387651,3354.92,120.135666,0,-1,3625.731793,enter_short
2026-01-15,ETH,5.246e-05,6.53479357e-05,5.396080468e-05,3339.181704,3318.69,119.4452613,-1,0,,exit
2026-01-16,ETH,3.203e-05,4.868896785e-05,5.254591406e-05,3338.754822,3296.28,116.1834569,0,-1,3617.313153,enter_short
2026-01-17,ETH,7.489e-05,6.178948392e-05,5.398746799e-05,3338.474276,3310.56,111.1917814,-1,0,,exit
2026-01-18,ETH,2.529666667e-05,4.35430753e-05,5.213644855e-05,3337.932542,3284.03,109.6752256,0,-1,3588.539454,enter_short
2026-01-19,ETH,1.836333333e-05,3.095320431e-05,4.995753789e-05,3336.456099,3189.55,110.3555666,0,0,,exit
2026-01-20,ETH,5.314666667e-05,4.204993549e-05,5.016328813e-05,3332.510068,2939.88,122.5087405,0,0,,flat
2026-01-21,ETH,7.316666667e-06,2.468330108e-05,4.739898997e-05,3329.025092,2982.27,128.255259,0,0,,flat
2026-01-22,ETH,2.289e-05,2.378665054e-05,4.581776481e-05,3325.280465,2952.69,128.5448833,0,0,,flat
2026-01-23,ETH,3.195666667e-05,2.78716586e-05,4.492350042e-05,3321.610112,2956.41,128.4245345,0,0,,flat
2026-01-24,ETH,2.046e-05,2.41658293e-05,4.334521007e-05,3317.944538,2953.22,121.1492106,0,0,,flat
2026-01-25,ETH,4.961e-05,3.688791465e-05,4.374939006e-05,3312.958921,2816.89,124.8735527,0,0,,flat
2026-01-26,ETH,-1.921e-05,8.838957325e-06,3.968749393e-05,3309.151867,2930.35,125.8711561,0,0,,flat
2026-01-27,ETH,8.479e-05,4.681447866e-05,4.259733303e-05,3306.342097,3026.77,126.5453592,-1,0,,flat
2026-01-28,ETH,7.586e-05,6.133723933e-05,4.474331155e-05,3303.401181,3010.78,121.9428336,-1,-1,3343.133398,enter_short
2026-01-29,ETH,2.547333333e-05,4.340528633e-05,4.350008714e-05,3298.61699,2822.59,131.7304883,0,-1,3343.133398,hold
2026-01-30,ETH,3.633333333e-07,2.188430983e-05,4.071707077e-05,3292.734035,2707.38,136.0811677,0,0,,exit
2026-01-31,ETH,-4.685666667e-05,-1.248617842e-05,3.506715223e-05,3284.368025,2451.95,159.5496558,0,0,,flat
2026-02-01,ETH,-7.44e-05,-4.344308921e-05,2.800475531e-05,3274.276303,2270.15,166.2946803,0,0,,flat
2026-02-02,ETH,-0.00011477,-7.91065446e-05,1.879348077e-05,3265.049872,2347.02,171.5222032,0,0,,flat
2026-02-03,ETH,-6.125e-05,-7.01782723e-05,1.362938524e-05,3254.787883,2233.72,177.1191887,0,0,,flat
2026-02-04,ETH,-2.171666667e-05,-4.594746948e-05,1.134899479e-05,3243.777656,2148.26,180.1149609,0,0,,flat
2026-02-05,ETH,-9.326666667e-06,-2.763706808e-05,1.001508115e-05,3229.678674,1826.83,192.6488923,0,0,,flat
2026-02-06,ETH,-0.00011429,-7.096353404e-05,1.995398495e-06,3218.073712,2063.38,203.6125428,0,0,,flat
2026-02-07,ETH,3.817666667e-05,-1.639343369e-05,4.329673861e-06,3206.820043,2087.08,198.149504,0,0,,flat
2026-02-08,ETH,-1.926333333e-05,-1.782838351e-05,2.807544365e-06,3195.704819,2089.74,190.2766823,0,0,,flat
2026-02-09,ETH,-3.077333333e-05,-2.430085842e-05,6.410361262e-07,3184.852234,2105.02,186.6219193,0,0,,flat
2026-02-10,ETH,-0.00010126,-6.278042921e-05,-5.933224269e-06,3173.288231,2022.67,182.9582108,0,0,,flat
2026-02-11,ETH,-0.0001124333333,-8.760688127e-05,-1.280419905e-05,3161.028448,1941.18,179.1126243,0,0,,flat
2026-02-12,ETH,-1.471e-05,-5.115844064e-05,-1.292715395e-05,3148.957021,1947.85,173.760294,0,0,,flat
2026-02-13,ETH,-3.088666667e-05,-4.102255365e-05,-1.408583219e-05,3138.009389,2048.72,171.9888444,0,0,,flat
2026-02-14,ETH,-2.49e-06,-2.175627683e-05,-1.333771398e-05,3127.547504,2086.59,164.3682127,0,0,,flat
2026-02-15,ETH,-2.571e-05,-2.373313841e-05,-1.413592598e-05,3115.995589,1966.58,165.0876261,0,0,,flat
2026-02-16,ETH,-4.912666667e-05,-3.642990254e-05,-1.639339312e-05,3104.874538,1998.33,159.4577956,0,0,,flat
2026-02-17,ETH,4.693333333e-06,-1.58682846e-05,-1.503295916e-05,3093.797777,1991.66,153.3300959,0,0,,flat
2026-02-18,ETH,-1.176e-05,-1.38141423e-05,-1.48218005e-05,3082.47551,1955.91,150.6115177,-1,0,,flat
2026-02-19,ETH,-7.145e-05,-4.263207115e-05,-1.847523273e-05,3071.197943,1949.08,145.6071235,0,-1,2332.428794,enter_short
2026-02-20,ETH,-4.995666667e-05,-4.629436891e-05,-2.050629298e-05,3060.229605,1968.88,139.3644719,0,0,,exit
2026-02-21,ETH,4.756666667e-05,6.36148879e-07,-1.611448913e-05,3049.414883,1973.35,132.2627239,-1,0,,flat
2026-02-22,ETH,3.5e-06,2.068074439e-06,-1.484903822e-05,3038.553242,1957.82,126.2532436,-1,-1,2304.00681,enter_short
2026-02-23,ETH,-0.0001273833333,-6.265762945e-05,-2.210931533e-05,3026.789528,1856.3,125.8922976,0,-1,2304.00681,hold
2026-02-24,ETH,-1.603333333e-05,-3.934548139e-05,-2.171731649e-05,3015.099483,1851.94,121.8699906,0,0,,exit
2026-02-25,ETH,2.618666667e-05,-6.579407362e-06,-1.862673693e-05,3005.570931,2057.48,134.7114199,-1,0,,flat
2026-02-26,ETH,3.040666667e-05,1.191362965e-05,-1.546329154e-05,2995.840673,2027.68,132.8020328,-1,-1,2394.25855,enter_short
2026-02-27,ETH,-3.097e-05,-9.528185174e-06,-1.646372434e-05,2985.233701,1929.84,135.9247447,-1,-1,2394.25855,hold
2026-02-28,ETH,-8.487666667e-05,-4.720242592e-05,-2.087746256e-05,2975.077246,1964.51,136.9036915,0,-1,2394.25855,hold
2026-03-01,ETH,2.290333333e-05,-1.214954629e-05,-1.805289508e-05,2964.775085,1939.71,137.6527135,-1,0,,exit
2026-03-02,ETH,-6.222333333e-05,-3.718643981e-05,-2.090260077e-05,2955.447472,2027.35,139.963234,0,-1,2283.841784,enter_short
2026-03-03,ETH,-2.470333333e-05,-3.094488657e-05,-2.114780932e-05,2945.769388,1982.8,137.9601459,0,0,,exit
2026-03-04,ETH,-2.946666667e-06,-1.694577662e-05,-1.997354206e-05,2937.625215,2127.28,146.2429926,-1,0,,flat
2026-03-05,ETH,-1.210333333e-05,-1.452455498e-05,-1.946578666e-05,2929.020586,2072.86,143.5763503,-1,-1,2492.887481,enter_short
2026-03-06,ETH,-2.621666667e-05,-2.037061082e-05,-1.99013273e-05,2919.56446,1978.68,143.1337538,0,-1,2492.887481,hold
2026-03-07,ETH,-2.723666667e-05,-2.380363874e-05,-2.0374575e-05,2910.111978,1969.59,136.3349143,0,0,,exit
2026-03-08,ETH,-7.021e-05,-4.700681937e-05,-2.358976371e-05,2900.430267,1937.1,131.1438489,0,0,,flat
2026-03-09,ETH,-4.835333333e-05,-4.768007635e-05,-2.518741336e-05,2891.400911,1992.98,130.6242883,0,0,,flat
2026-03-10,ETH,4.002333333e-05,-3.82837151e-06,-2.098026842e-05,2882.894534,2036.51,128.2361249,-1,0,,flat
2026-03-11,ETH,8.413333333e-06,2.292480912e-06,-1.908390701e-05,2874.626628,2051.97,124.6771159,-1,-1,2357.090312,enter_short
2026-03-12,ETH,-2.474e-05,-1.122375954e-05,-1.944881624e-05,2866.655418,2073.52,121.3008934,-1,-1,2357.090312,hold
2026-03-13,ETH,1.433333333e-05,1.554786895e-06,-1.726932272e-05,2858.949593,2092.22,122.5586867,-1,-1,2357.090312,hold
2026-03-14,ETH,-1.262666667e-05,-5.535939886e-06,-1.696979652e-05,2851.359647,2096.16,116.9823519,-1,-1,2357.090312,hold
2026-03-15,ETH,5.6e-07,-2.487969943e-06,-1.583884191e-05,2844.662536,2178.3,117.1636125,-1,-1,2357.090312,hold
2026-03-16,ETH,8.228e-05,3.989601503e-05,-9.508594041e-06,2839.770073,2352.97,124.6012116,-1,0,,exit
2026-03-17,ETH,2.020666667e-05,3.005134085e-05,-7.591480447e-06,2834.572261,2317.39,121.5946965,-1,-1,2664.473029,enter_short
2026-03-18,ETH,4.686666667e-06,1.736900376e-05,-6.799341924e-06,2828.29184,2203.39,126.9657896,-1,-1,2664.473029,hold
2026-03-19,ETH,-3.95e-06,6.709501879e-06,-6.615513413e-06,2821.421374,2137.81,127.4925189,-1,-1,2664.473029,hold
2026-03-20,ETH,-4.122333333e-05,-1.725691573e-05,-8.848275988e-06,2814.702953,2146.22,122.6687676,0,-1,2664.473029,hold
2026-03-21,ETH,1.852666667e-05,6.348754696e-07,-7.082150656e-06,2807.440933,2084.87,120.8702842,-1,0,,exit
2026-03-22,ETH,-2.443333333e-05,-1.189922893e-05,-8.201581796e-06,2799.942914,2053.89,119.4659782,0,-1,2387.03571,enter_short
2026-03-23,ETH,-4.5e-07,-6.174614466e-06,-7.701479745e-06,2793.496019,2152.03,123.4705512,-1,0,,exit
2026-03-24,ETH,7.733333333e-06,7.793594337e-07,-6.705685353e-06,2787.155064,2156.23,119.8040832,-1,-1,2460.706378,enter_short
2026-03-25,ETH,-3.366666667e-07,2.213463835e-07,-6.294780921e-06,2781.004466,2169.02,115.0087916,-1,-1,2460.706378,hold
2026-03-26,ETH,-1.014666667e-05,-4.962660142e-06,-6.543289679e-06,2773.834571,2060.43,116.6260207,-1,-1,2460.706378,hold
2026-03-27,ETH,-7.825333333e-05,-4.160799674e-05,-1.116974411e-05,2766.062585,1992.75,115.8855907,0,-1,2460.706378,hold
2026-03-28,ETH,-4.344333333e-05,-4.252566504e-05,-1.325191116e-05,2758.387734,1994.74,112.1994771,0,0,,exit
2026-03-29,ETH,-2.853e-05,-3.552783252e-05,-1.423759431e-05,2750.688751,1984.64,109.9588001,0,0,,flat
2026-03-30,ETH,9.013333333e-06,-1.325724959e-05,-1.273753446e-05,2743.482694,2026.48,109.5846001,0,0,,flat
2026-03-31,ETH,3.476666667e-06,-4.890291463e-06,-1.169145697e-05,2737.133911,2105.43,109.7135572,-1,0,,flat
2026-04-01,ETH,2.984333333e-05,1.247652094e-05,-9.011793076e-06,2731.195763,2140.35,108.0033032,-1,-1,2379.713893,enter_short
2026-04-02,ETH,-9.870333333e-05,-4.31134062e-05,-1.479834406e-05,2724.489039,2057.17,110.4552101,0,-1,2379.713893,hold
2026-04-03,ETH,-1.103e-05,-2.70717031e-05,-1.455522509e-05,2717.815814,2053.83,105.5012665,0,0,,exit
2026-04-04,ETH,1.873333333e-05,-4.169184883e-06,-1.240757616e-05,2711.325309,2065.52,100.7776046,-1,0,,flat
2026-04-05,ETH,-4.25e-06,-4.209592442e-06,-1.188128092e-05,2705.343664,2110.17,100.8642043,-1,-1,2317.454012,enter_short
2026-04-06,ETH,3.53e-05,1.554520378e-05,-8.837327315e-06,2699.391588,2107.16,99.89461826,-1,-1,2317.454012,hold
2026-04-07,ETH,-1.959e-05,-2.02239811e-06,-9.531048133e-06,2694.820627,2240.01,108.0185741,-1,-1,2317.454012,hold
2026-04-08,ETH,7.515e-05,3.656380094e-05,-4.067754705e-06,2689.797536,2190,106.7865331,-1,-1,2317.454012,hold
2026-04-09,ETH,1.248e-05,2.452190047e-05,-3.000157627e-06,2684.826416,2190.2,105.4939236,-1,-1,2317.454012,hold
2026-04-10,ETH,3.616666667e-06,1.406928357e-05,-2.573265737e-06,2680.450531,2245.05,103.807929,-1,-1,2317.454012,hold
2026-04-11,ETH,-5.840666667e-05,-2.216869155e-05,-6.175420636e-06,2676.515601,2284.99,103.6023627,0,0,,exit
2026-04-12,ETH,-2.606666667e-06,-1.238767911e-05,-5.945178444e-06,2671.691067,2191.65,104.3143368,0,0,,flat
2026-04-13,ETH,1.685333333e-05,2.232827113e-06,-4.474306717e-06,2668.683793,2369.46,112.5083127,-1,0,,flat
2026-04-14,ETH,7.83e-05,4.026641356e-05,8.659711358e-07,2665.238581,2322.44,112.5148618,-1,-1,2650.730782,enter_short
2026-04-15,ETH,1.237e-05,2.631820678e-05,1.608166546e-06,2662.200884,2359.95,109.9859431,-1,-1,2650.730782,hold
2026-04-16,ETH,-3.55e-05,-4.590896611e-06,-7.859087147e-07,2659.076198,2348.17,108.1648043,0,-1,2650.730782,hold
2026-04-17,ETH,1.167333333e-05,3.541218361e-06,1.791335296e-08,2656.687381,2419,110.9730326,-1,0,,exit
2026-04-18,ETH,-6.155333333e-05,-2.900605749e-05,-3.954425143e-06,2653.638949,2350.32,109.3121017,0,-1,2696.432581,enter_short
2026-04-19,ETH,-0.0001493033333,-8.915469541e-05,-1.333177406e-05,2649.754681,2263.27,108.8312373,0,0,,exit
2026-04-20,ETH,-5.083333333e-06,-4.711901437e-05,-1.279961659e-05,2646.412346,2313.85,107.2797203,0,0,,flat
2026-04-21,ETH,-3.926e-05,-4.318950719e-05,-1.45067381e-05,2643.235506,2327.14,103.514026,0,0,,flat
2026-04-22,ETH,5.223e-05,4.520246407e-06,-1.02011421e-05,2640.557243,2374.07,104.0344527,-1,0,,flat
2026-04-23,ETH,6.636666667e-06,5.578456537e-06,-9.114831853e-06,2637.469708,2330.26,103.5019918,-1,-1,2634.166132,enter_short
2026-04-24,ETH,-7.59e-05,-3.516077173e-05,-1.342355238e-05,2634.260955,2314.99,98.77184955,0,-1,2634.166132,hold
2026-04-25,ETH,-3.653e-05,-3.584538587e-05,-1.491429093e-05,2631.129005,2319.5,93.33528887,0,0,,exit
2026-04-26,ETH,-1.968e-05,-2.776269293e-05,-1.522175604e-05,2628.525134,2369.44,91.90276823,0,0,,flat
2026-04-27,ETH,-7.364666667e-05,-5.07046798e-05,-1.899110511e-05,2625.292745,2303.67,95.21542765,0,0,,flat
2026-04-28,ETH,-9.252333333e-05,-7.161400657e-05,-2.373511983e-05,2621.950727,2289.42,92.17432567,0,0,,flat
2026-04-29,ETH,4.096666667e-05,-1.532366995e-05,-1.956081103e-05,2618.278581,2252.9,94.63258812,-1,0,,flat
2026-04-30,ETH,-6.148333333e-05,-3.840350164e-05,-2.226548989e-05,2614.688844,2257.51,91.25597469,0,-1,2489.48147,enter_short
2026-05-01,ETH,-2.669333333e-05,-3.254841749e-05,-2.25511572e-05,2611.514129,2295.63,89.59983364,0,0,,exit
2026-05-02,ETH,-1.548e-05,-2.401420874e-05,-2.209495351e-05,2608.583341,2316.97,86.82055981,0,0,,flat
2026-05-03,ETH,3.546333333e-05,5.724562295e-06,-1.838151565e-05,2605.738234,2322.65,84.85694839,-1,0,,flat
2026-05-04,ETH,4.248e-05,2.410228115e-05,-1.445496626e-05,2603.165316,2347.16,85.20216636,-1,-1,2534.792371,enter_short
2026-05-05,ETH,-3.629e-05,-6.093859426e-06,-1.586367811e-05,2600.753422,2360.77,83.01415448,-1,-1,2534.792371,hold
2026-05-06,ETH,-5.534e-05,-3.071692971e-05,-1.841053759e-05,2598.266721,2350.84,83.20885773,0,-1,2534.792371,hold
2026-05-07,ETH,-7.632333333e-05,-5.352013152e-05,-2.214684699e-05,2595.209938,2291.06,82.42251075,0,0,,exit
2026-05-08,ETH,-2.391666667e-05,-3.871839909e-05,-2.22610289e-05,2592.342775,2307.06,80.50733141,0,0,,flat
2026-05-09,ETH,6.424333333e-05,1.276246712e-05,-1.668010231e-05,2589.696976,2326.44,77.49752202,-1,0,,flat
2026-05-10,ETH,8.327333333e-05,4.801790023e-05,-1.023149356e-05,2587.523573,2371.27,77.01198474,-1,-1,2520.173805,enter_short
2026-05-11,ETH,4.271e-05,4.536395011e-05,-6.815913328e-06,2585.059358,2339.87,76.57684297,-1,-1,2520.173805,hold
2026-05-12,ETH,2.87e-05,3.703197506e-05,-4.524564081e-06,2581.973793,2274.96,77.14849704,-1,-1,2520.173805,hold
2026-05-13,ETH,2.304666667e-05,3.003932086e-05,-2.745775e-06,2578.75664,2258.65,78.01146154,-1,-1,2520.173805,hold
2026-05-14,ETH,5.138e-05,4.070966043e-05,7.462104834e-07,2575.816276,2283.25,78.20278572,-1,-1,2520.173805,hold
2026-05-15,ETH,3.64e-06,2.217483022e-05,9.329065813e-07,2572.322184,2224.66,79.41544388,-1,-1,2520.173805,hold
2026-05-16,ETH,6.023e-05,4.120241511e-05,4.758525511e-06,2568.426142,2180.77,78.66862646,-1,-1,2520.173805,hold
2026-05-17,ETH,5.785666667e-05,4.952954089e-05,8.184212038e-06,2564.073643,2131,80.66801028,-1,-1,2520.173805,hold
2026-05-18,ETH,2.578666667e-05,3.765810378e-05,9.319854272e-06,2559.755298,2130.08,80.62100955,-1,-1,2520.173805,hold
2026-05-19,ETH,6.425e-05,5.095405189e-05,1.286373464e-05,2555.299325,2111.93,78.61093744,-1,-1,2520.173805,hold
2026-05-20,ETH,4.621333333e-05,4.858369261e-05,1.501532165e-05,2551.061919,2129.44,76.26087048,-1,-1,2520.173805,hold
2026-05-21,ETH,4.078666667e-05,4.468517964e-05,1.667798907e-05,2546.909661,2133.76,74.55295116,-1,-1,2520.173805,hold
2026-05-22,ETH,4.654e-05,4.561258982e-05,1.860457042e-05,2542.122998,2065.85,75.19916893,-1,-1,2520.173805,hold
2026-05-23,ETH,5.515333333e-05,5.038296158e-05,2.096255513e-05,2537.899684,2117.68,79.8742283,-1,-1,2520.173805,hold
2026-05-24,ETH,6.751333333e-05,5.894814745e-05,2.396583114e-05,2533.540981,2099.85,79.1074977,-1,-1,2520.173805,hold
2026-05-25,ETH,4.705333333e-05,5.300074039e-05,2.545534741e-05,2529.356593,2113.01,77.00839072,-1,-1,2520.173805,hold
2026-05-26,ETH,3.553e-05,4.42653702e-05,2.6105325e-05,2524.823393,2073.77,77.60993424,-1,-1,2520.173805,hold
2026-05-27,ETH,5.506666667e-05,4.966601843e-05,2.797379865e-05,2519.848434,2024.84,77.88065323,-1,-1,2520.173805,hold
2026-05-28,ETH,2.649333333e-05,3.807967588e-05,2.787828476e-05,2514.77432,2009.9,76.81774942,-1,-1,2520.173805,hold
2026-05-29,ETH,7.396e-05,5.601983794e-05,3.085129865e-05,2509.796864,2014.54,76.33862447,-1,-1,2520.173805,hold
2026-05-30,ETH,5.695666667e-05,5.64882523e-05,3.253551594e-05,2504.947542,2022.44,73.02872272,-1,-1,2520.173805,hold
2026-05-31,ETH,6.104666667e-05,5.876745949e-05,3.437494502e-05,2499.99294,2007.01,70.97309967,-1,-1,2520.173805,hold
2026-06-01,ETH,7.118666667e-05,6.497706308e-05,3.67498948e-05,2495.084851,2006.73,70.57930683,-1,-1,2520.173805,hold
2026-06-02,ETH,8.566333333e-05,7.53201982e-05,3.990560051e-05,2488.764007,1859.84,77.52078492,-1,-1,2520.173805,hold
2026-06-03,ETH,6.414666667e-05,6.973343244e-05,4.146954027e-05,2482.040484,1813.05,80.80144314,-1,-1,2520.173805,hold
2026-06-04,ETH,5.359666667e-05,6.166504955e-05,4.225193552e-05,2474.963166,1770.77,82.40276863,-1,-1,2520.173805,hold
2026-06-05,ETH,-1.948666667e-05,2.108919144e-05,3.826879989e-05,2466.091891,1583.4,93.28828515,0,-1,2520.173805,hold
2026-06-06,ETH,-4.846333333e-05,-1.368707095e-05,3.267317839e-05,2457.172469,1569.69,93.44912193,0,0,,exit
2026-06-07,ETH,-5.447e-05,-3.407853547e-05,2.705103785e-05,2449.543987,1690.51,98.04775608,0,0,,flat
2026-06-08,ETH,-6.449666667e-05,-4.928760107e-05,2.114473434e-05,2441.991211,1690.49,96.00863064,0,0,,flat
2026-06-09,ETH,-3.217333333e-05,-4.07304672e-05,1.7704859e-05,2434.006422,1639.52,95.06944274,0,0,,flat
2026-06-10,ETH,-3.929333333e-05,-4.001190027e-05,1.402755627e-05,2425.922677,1621.59,92.88733969,0,0,,flat
2026-06-11,ETH,-1.787333333e-05,-2.89426168e-05,1.196943436e-05,2418.435486,1673.46,91.39538685,0,0,,flat
2026-06-12,ETH,-3.491333333e-05,-3.192797507e-05,8.944739671e-06,2410.952646,1666.41,87.65143065,0,0,,flat
2026-06-13,ETH,1.865e-05,-6.638987533e-06,9.570885499e-06,2403.691226,1681.18,83.89632846,0,0,,flat
2026-06-14,ETH,-1.214333333e-05,-9.391160433e-06,8.169968155e-06,2396.944249,1725.62,83.43087643,0,0,,flat
2026-06-15,ETH,3.014e-05,1.037441978e-05,9.587389564e-06,2390.965998,1796.13,87.46295668,-1,0,,flat
2026-06-16,ETH,1.353e-05,1.195220989e-05,9.841751528e-06,2385.015988,1792.99,87.05631692,-1,-1,2014.797392,enter_short
2026-06-17,ETH,1.546666667e-05,1.370943828e-05,1.020464928e-05,2378.703391,1750.6,86.90015142,-1,-1,2014.797392,hold
2026-06-18,ETH,1.542e-05,1.456471914e-05,1.054112352e-05,2372.06067,1711.11,87.20728347,-1,-1,2014.797392,hold
2026-06-19,ETH,1.485666667e-05,1.47106929e-05,1.081954566e-05,2365.484843,1711.19,83.86390608,-1,-1,2014.797392,hold
2026-06-20,ETH,2.961333333e-05,2.216201312e-05,1.203204809e-05,2359.271859,1741.08,81.12291278,-1,-1,2014.797392,hold
2026-06-21,ETH,2.083666667e-05,2.149933989e-05,1.2600088e-05,2352.780995,1706.94,78.14627616,-1,-1,2014.797392,hold
2026-06-22,ETH,2.203333333e-05,2.176633661e-05,1.320868447e-05,2346.566159,1728.19,77.77582786,-1,-1,2014.797392,hold
2026-06-23,ETH,-3.83e-06,8.968168306e-06,1.21094145e-05,2339.805601,1667.13,79.40612587,0,-1,2014.797392,hold
2026-06-24,ETH,2.278e-05,1.587408415e-05,1.279783937e-05,2332.664948,1622.17,83.78568831,-1,0,,exit
2026-06-25,ETH,-1.103666667e-05,2.418708743e-06,1.126012931e-05,2325.054749,1567.84,86.91813914,0,-1,1831.644221,enter_short
2026-06-26,ETH,-1.037e-05,-3.975645628e-06,9.864637094e-06,2317.628135,1578.68,86.61684349,0,0,,exit
2026-06-27,ETH,9.93e-06,2.977177186e-06,9.868854056e-06,2310.22875,1573.99,83.8699261,0,0,,flat
2026-06-28,ETH,-2.137333333e-05,-9.198078074e-06,7.853229063e-06,2302.882793,1571.96,80.7685028,0,0,,flat
2026-06-29,ETH,7.25e-06,-9.740390369e-07,7.814311059e-06,2296.018984,1613.07,81.22432403,0,0,,flat
2026-06-30,ETH,4.038333333e-05,1.970464715e-05,9.915538302e-06,2288.814914,1572.01,80.00901517,-1,0,,flat
